N°,Nombre,Grupo Parlamentario,Entidad federativa,Distrito / Circunscripción,Tipo de elección,Releccion 
1,Abelina Lopez Rodriguez,MORENA,Guerrero,Distrito 4,Mayoría relativa,SI
2,Abril Alcala Padilla,PRD,Jalisco,Distrito 8,Mayoría relativa,SI
3,Absalon Garcia Ochoa,PAN,Jalisco,Distrito 15,Mayoría relativa,SI
4,Adela Piña Bernal,MORENA,Ciudad de México,4a Circunscripción,Representación proporcional,SI
5,Adolfo Torres Ramirez,PAN,Michoacán,5a Circunscripción,Representación proporcional,SI
6,Adriana Davila Fernandez,PAN,Tlaxcala,4a Circunscripción,Representación proporcional,SI
7,Adriana Lozano Rodriguez,PES,Tamaulipas,Distrito 4,Mayoría relativa,SI
8,Adriana Maria Guadalupe Espinosa de los Monteros,MORENA,Ciudad de México,Distrito 9,Mayoría relativa,SI
9,Adriana Paulina Teissier Zavala,PES,Quintana Roo,Distrito 1,Mayoría relativa,SI
10,Agustin Reynaldo Huerta Gonzalez,MORENA,Puebla,4ª Circunscripción,Representación proporcional,SI
11,Alan Jesus Falomir Saenz,MC,Chihuahua,Distrito 8,Mayoría relativa,SI
12,Alberto Villa Villegas,MORENA,Jalisco,1ª Circunscripción,Representación proporcional,SI
13,Aleida Alavez Ruiz,MORENA,Ciudad de México,Distrito 19,Mayoría relativa,SI
14,Alejandra Pani Barragan,MORENA,Morelos,Distrito 2,Mayoría relativa,SI
15,Alejandro Barroso Chavez,PT,Puebla,Distrito 15,Mayoría relativa,SI
16,Alejandro Carvajal Hidalgo,MORENA,Puebla,Distrito 6,Mayoría relativa,SI
17,Alejandro Ponce Cobos,MORENA,Oaxaca,3ª Circunscripción,Representación proporcional,SI
18,Alejandro Viedma Velazquez,MORENA,México,5ª Circunscripción,Representación proporcional,SI
20,Alfonso Ramirez Cuellar,MORENA,Ciudad de México,Distrito 14,Mayoría relativa,SI
22,Alfredo Femat Bañuelos,PT,Zacatecas,Distrito 3,Mayoría relativa,SI
23,Alfredo Porras Dominguez,PT,Baja California Sur,Distrito 2,Mayoría relativa,SI
24,Alfredo Vazquez Vazquez,MORENA,Chiapas,Distrito 3,Mayoría relativa,SI
25,Alfredo Villegas Arreola,PRI,Sinaloa,1ª Circunscripción,Representación proporcional,SI
26,Alma Delia Navarrete Rivera,MORENA,México,Distrito 10,Mayoría relativa,SI
27,Ana Karina Rojo Pimentel,PT,Ciudad de México,Distrito 20,Mayoría relativa,SI
28,Ana Lilia Guillen Quiroz,MORENA,Michoacán,Distrito 8,Mayoría relativa,SI
29,Ana Lilia Herrera Anzaldo,PRI,México,5ª Circunscripción,Representación proporcional,SI
30,Ana Lucia Riojas Martinez,SP,Ciudad de México,4ª Circunscripción,Representación proporcional,SI
31,Ana Maria Rodriguez Ruiz,MORENA,Ciudad de México,Distrito 18,Mayoría relativa,SI
32,Ana Paola Lopez Birlain,PAN,Querétaro,Distrito 5,Mayoría relativa,SI
33,Ana Priscila Gonzalez Garcia,MC,Jalisco,Distrito 20,Mayoría relativa,SI
34,Ana Ruth Garcia Grande,PT,Baja California Sur,Distrito 1,Mayoría relativa,SI
35,Anilu Ingram Vallines,PRI,Verazcruz,3ª Circunscripción,Representación proporcional,SI
36,Anita Sanchez Castro,MORENA,Michoacán,Distrito 6,Mayoría relativa,SI
37,Annia Sarahi Gomez Cardenas,PAN,Nuevo León,Distrito 6,Mayoría relativa,SI
38,Araceli Ocampo Manzanares,MORENA,Guerrero,Distrito 2,Mayoría relativa,SI
39,Ariel Rodriguez Vazquez,MC,Guanajuato,Distrito 1,Mayoría relativa,SI
40,Armando Contreras Castillo,MORENA,Oaxaca,3ª Circunscripción,Representación proporcional,SI
41,Armando Gonzalez Escoto,PES,Ciudad de México,Distrito 2,Mayoría relativa,SI
42,Armando Javier Zertuche Zuani,PT,Tamaulipas,Distrito 9,Mayoría relativa,SI
43,Armando Reyes Ledesma,PT,Baja California,Distrito 3,Mayoría relativa,SI
44,Armando Tejeda Cid,PAN,Michoacán,Distrito 4,Mayoría relativa,SI
45,Arturo Escobar y Vega,PVEM,Ciudad de México,4ª Circunscripción,Representación proporcional,SI
46,Arturo Roberto Hernandez Tapia,MORENA,México,Distrito 35,Mayoría relativa,SI
47,Azael Santiago Chepi,MORENA,Oaxaca,Distrito 4,Mayoría relativa,SI
48,Beatriz Dominga Perez Lopez,MORENA,Oaxaca,Distrito 6,Mayoría relativa,SI
49,Beatriz Rojas Martinez,MORENA,Ciudad de México,Distrito 7,Mayoría relativa,SI
50,Beatriz Silvia Robles Gutierrez,MORENA,Querétaro,Distrito 3,Mayoría relativa,SI
51,Benito Medina Herrera,PRI,Baja California,1a Crcunscricpción,Mayoría relativa,SI
52,Benjamin Robles Montoya,PT,Oaxaca,Distrito 8,Mayoría relativa,SI
53,Benjamin Saul Huerta Corona,MORENA,Puebla,Distrito 11,Mayoría relativa,SI
54,Bonifacio Aguilar Linda,MORENA,Veracruz,Distrito 18,Mayoría relativa,SI
55,Brasil Alberto Acosta Peña,PRI,México,5ª Circunscripción,Representación proporcional,SI
56,Brenda Espinoza Lopez,MORENA,Morelos,4ª Circunscripción,Representación proporcional,SI
57,Carlos Alberto Morales Vazquez,S/P,Chiapas,3ª Circunscripción,Representación proporcional,SI
58,Carlos Alberto Puente Salas,PVEM,Zacatecas,2ª Circunscripción,Representación proporcional,SI
59,Carlos Alberto Valenzuela Gonzalez,PAN,Veracruz,3ª Circunscripción,Representación proporcional,SI
60,Carlos Carreon Mejia,PAN,Tlaxcala,4ª Circunscripción,Representación proporcional,SI
62,Carlos Enrique Martinez Ake,MORENA,Campeche,Distrito 1,Mayoría relativa,SI
63,Carlos Humberto Castaños Valenzuela,PAN,Sinaloa,1ª Circunscripción,Representación proporcional,SI
64,Carlos Javier Lamarque Cano,MORENA,Sonora,Distrito 6,Mayoría relativa,SI
66,Carlos Pavon Campos,PRI,Zacatecas,2ª Circunscripción,Representación proporcional,SI
67,Carlos Sanchez Barrios,MORENA,Guerrero,Distrito 7,Mayoría relativa,SI
68,Carlos Torres Piña,MORENA,Michoacán,5ª Circunscripción,Representación proporcional,SI
69,Carmen Julia Prudencio Gonzalez,MC,Jalisco,Distrito 9,Mayoría relativa,SI
70,Carmen Medel Palma,MORENA,Veracruz,Distrito 14,Mayoría relativa,SI
71,Carmen Mora Garcia,MORENA,Veracruz,Distrito 9,Mayoría relativa,SI
72,Carmen Patricia Palma Olvera,MORENA,Quintana Roo,Distrito 2,Mayoría relativa,SI
73,Carmina Yadira Regalado Mardueño,MORENA,Nayarit,1ª Circunscripción,Representación proporcional,SI
74,Carol Antonio Altamirano,MORENA,Oaxaca,Distrito 5,Mayoría relativa,SI
75,Carolina Garcia Aguilar,PES,México,Distrito 6,Mayoría relativa,SI
76,Casimiro Zamora Valdez,MORENA,Sinaloa,Distrito 4,Mayoría relativa,SI
77,Cecilia Anunciacion Patron Laviada,PAN,Yucatán,3ª Circunscripción,Representación proporcional,SI
78,Cesar Agustin Hernandez Perez,MORENA,México,Distrito 30,Mayoría relativa,SI
79,Claudia Angelica Dominguez Vazquez,PT,México,Distrito 14,Mayoría relativa,SI
80,Claudia Baez Ruiz,PES,Puebla,Distrito 3,Mayoría relativa,SI
81,Claudia Elena Lastra Muñoz,PT,Chihuahua,Distrito 3,Mayoría relativa,SI
82,Claudia Lopez Rayon,MORENA,Ciudad de México,Distrito 5,Mayoría relativa,SI
83,Claudia Pastor Badilla,PRI,Ciudad de México,4ª Circunscripción,Representación proporcional,SI
85,Claudia Reyes Montiel,PRD,México,Distrito 18,Mayoría relativa,SI
86,Claudia Tello Espinosa,MORENA,Veracruz,Distrito 8,Mayoría relativa,SI
87,Claudia Valeria Yañez Centeno y Cabrera,MORENA,Colima,Distrito 1,Mayoría relativa,SI
88,Clementina Marta Dekker Gomez,PT,Chiapas,Distrito 5,Mayoría relativa,SI
89,Cruz Juvenal Roa Sanchez,PRI,México,Distrito 36,Mayoría relativa,SI
90,Cuauhtli Fernando Badillo Moreno,MORENA,San Luis Potosí,2ª Circunscripción,Representación proporcional,SI
91,Cynthia Iliana Lopez Castro,PRI,Ciudad de México,4ª Circunscripción,Representación proporcional,SI
92,Daniel Gutierrez Gutierrez,MORENA,Oaxaca,Distrito 10,Mayoría relativa,SI
93,David Bautista Rivera,MORENA,Puebla,4ª Circunscripción,Representación proporcional,SI
94,David Orihuela Nava,MORENA,México,Distrito 23,Mayoría relativa,SI
95,Diego Eduardo Del Bosque Villarreal,MORENA,Coahuila,2ª Circunscripción,Representación proporcional,SI
96,Dionicia Vazquez Garcia,PT,México,Distrito 2,Mayoría relativa,SI
97,Dolores Padierna Luna,MORENA,Ciudad de México,Distrito 12,Mayoría relativa,SI
98,Dorheny Garcia Cayetano,MORENA,Veracruz,3ª Circunscripción,Representación proporcional,SI
99,Dulce Alejandra Garcia Morlan,PAN,Oaxaca,3ª Circunscripción,Representación proporcional,SI
100,Dulce Maria Corina Villegas Guarneros,MORENA,Veracruz,Distrito 15,Mayoría relativa,SI
101,Dulce Maria Mendez De La Luz Dauzon,MC,Veracruz,3ª Circunscripción,Representación proporcional,SI
102,Ector Jaime Ramirez Barba,PAN,Guanajuato,Distrito 5,Mayoría relativa,SI
103,Edelmiro Santiago Santos Diaz,MORENA,Nuevo León,2ª Circunscripción,Representación proporcional,SI
105,Edgar Guzman Valdez,PES,Puebla,Distrito 7,Mayoría relativa,SI
106,Ediltrudis Rodriguez Arellano,MORENA,Tabasco,3ª Circunscripción,Representación proporcional,SI
107,Edith Garcia Rosales,MORENA,Veracruz,3ª Circunscripción,Representación proporcional,SI
108,Edith Marisol Mercado Torres,MORENA,México,5ª Circunscripción,Representación proporcional,SI
109,Eduardo Zarzosa Sanchez,PRI,México,Distrito 9,Mayoría relativa,SI
110,Efrain Rocha Vega,MORENA,Chihuahua,1ª Circunscripción,Representación proporcional,SI
111,Elba Lorena Torres Diaz,PT,Aguascalientes,Distrito 2,Mayoría relativa,SI
112,Eleuterio Arrieta Sanchez,MORENA,Veracruz,Distrito 13,Mayoría relativa,SI
113,Emeteria Claudia Martinez Aguilar,MORENA,Chiapas,3ª Circunscripción,Representación proporcional,SI
114,Emilio Manzanilla Tellez,PT,México,Distrito 16,Mayoría relativa,SI
115,Emmanuel Reyes Carmona,MORENA,Guanajuato,Distrito 13,Mayoría relativa,SI
116,Enrique Ochoa Reza,PRI,Michoacán,5ª Circunscripción,Representación proporcional,SI
117,Eraclio Rodriguez Gomez,PT,Chihuahua,Distrito 7,Mayoría relativa,SI
118,Erasmo Gonzalez Robledo,MORENA,Tamaulipas,Distrito 7,Mayoría relativa,SI
119,Erika Mariana Rosas Uribe,MORENA,Sinaloa,1ª Circunscripción,Representación proporcional,SI
120,Erika Vanessa Del Castillo Ibarra,MORENA,Ciudad de México,Distrito 1,Mayoría relativa,SI
121,Erik Isaac Morales Elvira,MORENA,Baja California,Distrito 7,Mayoría relativa,SI
122,Ernesto Alfonso Robledo Leal,PAN,Nuevo León,Distrito 11,Mayoría relativa,SI
124,Esmeralda de los Angeles Moreno Medina,PES,México,Distrito 26,Mayoría relativa,SI
125,Esteban Barajas Barajas,MORENA,Michoacán,Distrito 2,Mayoría relativa,SI
126,Estela Nuñez Alvarez,MORENA,Tabasco,Distrito 1,Mayoría relativa,SI
127,Eulalio Juan Rios Fararoni,MORENA,Veracruz,Distrito 20,Mayoría relativa,SI
128,Evaristo Lenin Perez Rivera,SP,Coahuila,Distrito 1,Mayoría relativa,SI
129,Fabiola Raquel Guadalupe Loya Hernandez,MC,Jalisco,Distrito 6,Mayoría relativa,SI
130,Feliciano Flores Anguiano,MORENA,Michoacán,Distrito 1,Mayoría relativa,SI
131,Felipe Fernando Macias Olvera,PAN,Querétaro,Distrito 4,Mayoría relativa,SI
132,Felipe Rafael Arvizu De La Luz,MORENA,México,Distrito 12,Mayoría relativa,SI
133,Fernando Donato De las Fuentes Hernandez,PRI,Coahuila,7,Mayoría relativa,SI
134,Fernando Galindo Favela,PRI,Ciudad de México,4ª Circunscripción,Representación proporcional,SI
135,Fernando Luis Manzanilla Prieto,PES,Puebla,Distrito 12,Mayoría relativa,SI
136,Fernando Torres Graciano,PAN,Guanajuato,2ª Circunscripción,Representación proporcional,SI
137,Flora Tania Cruz Santos,MORENA,Veracruz,Distrito 11,Mayoría relativa,SI
138,Fortunato Rivera Castillo,MORENA,Hidalgo,Distrito 1,Mayoría relativa,SI
139,Francisco Elizondo Garrido,MORENA,Nuevo León,2ª Circunscripción,Representación proporcional,SI
140,Francisco Favela Peñuñuri,PT,México,Distrito 5,Mayoría relativa,SI
141,Francisco Javier Borrego Adame,MORENA,Coahuila,Distrito 2,Mayoría relativa,SI
142,Francisco Javier Guzman De La Torre,MORENA,Jalisco,1ª Circunscripción,Representación proporcional,SI
143,Francisco Javier Huacus Esquivel,PT,Michoacán,Distrito 12,Mayoría relativa,SI
144,Francisco Javier Luevano Nuñez,PAN,Aguascalientes,Distrito 1,Mayoría relativa,SI
145,Francisco Javier Ramirez Navarrete,MORENA,México,5ª Circunscripción,Representación proporcional,SI
146,Francisco Javier Saldivar Camacho,PES,Ciudad de México,Distrito 7,Mayoría relativa,SI
147,Frida Alejandra Esparza Marquez,PRD,Zacatecas,2ª Circunscripción,Representación proporcional,SI
148,Frinne Azuara Yarzabal,PRI,San Luis Potosí,2ª Circunscripción,Representación proporcional,SI
149,Geraldina Isabel Herrera Vega,MC,Jalisco,Distrito 10,Mayoría relativa,SI
150,Gloria Romero Leon,PAN,Hidalgo,5ª Circunscripción,Representación proporcional,SI
151,Gonzalo Herrera Perez,MORENA,Michoacán,Distrito 7,Mayoría relativa,SI
152,Graciela Sanchez Ortiz,MORENA,México,Distrito 21,Mayoría relativa,SI
153,Graciela Zavaleta Sanchez,MORENA,Oaxaca,3ª Circunscripción,Representación proporcional,SI
154,Guadalupe Ramos Sotelo,MORENA,Ciudad de México,Distrito 24,Mayoría relativa,SI
155,Guadalupe Romo Romo,PAN,Jalisco,3,Mayoría relativa,SI
157,Gustavo Contreras Montes,MORENA,México,Distrito 8,Mayoría relativa,SI
158,Hector Guillermo de Jesus Jimenez y Meneses,MORENA,Puebla,Distrito 13,Mayoría relativa,SI
159,Hector Joel Villegas Gonzalez,PES,Tamaulipas,Distrito 3,Mayoría relativa,SI
160,Hector Rene Cruz Aparicio,PES,Baja California,Distrito 8,Mayoría relativa,SI
161,Hector Serrano Cortes,PT,Ciudad de México,4ª Circunscripción,Representación proporcional,SI
162,Hector Yunes Landa,PRI,Veracruz,3ª Circunscripción,Representación proporcional,SI
163,Heriberto Marcelo Aguilar Castillo,MORENA,Sonora,Distrito 4,Mayoría relativa,SI
164,Hernan Salinas Wolberg,PAN,Nuevo León,Distrito 1,Mayoría relativa,SI
166,Hilda Patricia Ortega Najera,MORENA,Durango,Distrito 4,Mayoría relativa,SI
167,Hildelisa Gonzalez Morales,PT,Sonora,Distrito 7,Mayoría relativa,SI
168,Hirepan Maya Martinez,MORENA,Michoacán,5ª Circunscripción,Representación proporcional,SI
169,Hortensia Maria Luisa Noroña Quezada,PRI,Jalisco,1ª Circunscripción,Representación proporcional,SI
170,Hugo Rafael Ruiz Lustre,MORENA,Hidalgo,5ª Circunscripción,Representación proporcional,SI
171,Idalia Reyes Miguel,MORENA,Guerrero,4ª Circunscripción,Representación proporcional,SI
172,Ignacio Benjamin Campos Equihua,MORENA,Michoacán,Distrito 9,Mayoría relativa,SI
173,Ines Parra Juarez,MORENA,Puebla,Distrito 4,Mayoría relativa,SI
174,Iran Santiago Manuel,MORENA,Oaxaca,3ª Circunscripción,Representación proporcional,SI
175,Irasema del Carmen Buenfil Diaz,PES,Campeche,Distrito 2,Mayoría relativa,SI
176,Irma Juan Carlos,MORENA,Oaxaca,Distrito 2,Mayoría relativa,SI
177,Irma Maria Teran Villalobos,PES,Sonora,1ª Circunscripción,Representación proporcional,SI
178,Isabel Margarita Guerra Villarreal,PAN,Nuevo León,2a Circunscripción,Representación proporcional,SI
179,Ismael Alfredo Hernandez Deras,PRI,Durango,1ª Circunscripción,Representación proporcional,SI
180,Itzcoatl Tonatiuh Bravo Padilla,MC,Jalisco,1ª Circunscripción,Representación proporcional,SI
181,Ivan Arturo Rodriguez Rivera,PAN,México,5ª Circunscripción,Representación proporcional,SI
182,Jacobo David Cheja Alfaro,MC,México,5ª Circunscripción,Representación proporcional,SI
183,Jacquelina Martinez Juarez,PAN,Zacatecas,2ª Circunscripción,Representación proporcional,SI
184,Jaime Humberto Perez Bernabe,MORENA,Veracruz,Distrito 6,Mayoría relativa,SI
185,Jannet Tellez Infante,MORENA,Hidalgo,Distrito 7,Mayoría relativa,SI
186,Javier Ariel Hidalgo Ponce,MORENA,Ciudad de México,Distrito 10,Mayoría relativa,SI
187,Javier Julian Castañeda Pomposo,MORENA,Baja California,Distrito 6,Mayoría relativa,SI
188,Javier Manzano Salazar,MORENA,Guerrero,Distrito 5,Mayoría relativa,SI
189,Jesus Carlos Vidal Peniche,PVEM,Yucatán,Distrito 1,Mayoría relativa,SI
190,Jesus Fernando Garcia Hernandez,PT,Sinaloa,Distrito 3,Mayoría relativa,SI
191,Jesus Salvador Minor Mora,MORENA,Baja California,Distrito 1,Mayoría relativa,SI
192,Jesus Sergio Alcantara Nuñez,PRI,México,5ª Circunscripción,Representación proporcional,SI
193,Jorge Alcibiades Garcia Lara,MC,Baja California,1ª Circunscripción,Representación proporcional,SI
194,Jorge Arturo Arguelles Victorero,PES,Morelos,Distrito 4,Mayoría relativa,SI
195,Jorge Arturo Espadas Galvan,PAN,Guanajuato,Distrito 11,Mayoría relativa,SI
196,Jorge Emilio Gonzalez Martinez,PVEM,Ciudad de México,3ª Circunscripción,Representación proporcional,SI
197,Jorge Eugenio Russo Salido,MC,Sonora,1ª Circunscripción,Representación proporcional,SI
199,Jorge Luis Montes Nieves,MORENA,Querétaro,Distrito 2,Mayoría relativa,SI
200,Jorge Luis Preciado Rodriguez,PAN,Colima,5ª Circunscripción,Representación proporcional,SI
201,Jorge Romero Herrera,PAN,Ciudad de México,Distrito 4,Mayoría relativa,SI
203,Jose Elias Lixa Abimerhi,PAN,Yucatán,Distrito 4,Mayoría relativa,SI
204,Josefina Salazar Baez,PAN,San Luis Potosí,Distrito 5,Mayoría relativa,SI
206,Gerardo Fernandez Noroña,PT,Ciudad de México,Distrito 4,Mayoría relativa,SI
207,Jose Guadalupe Aguilera Rojas,PRD,Michoacán,Distrito 11,Mayoría relativa,SI
208,Jose Guadalupe Ambrocio Gachuz,MORENA,Morelos,Distrito 5,Mayoría relativa,SI
209,Jose Isabel Trejo Reyes,PAN,Zacatecas,2ª Circunscripción,Representación proporcional,SI
210,Jose Luis Elorza Flores,MORENA,Chiapas,Distrito 12,Mayoría relativa,SI
211,Jose Luis Garcia Duque,PT,Nuevo León,Distrito 3,Mayoría relativa,SI
212,Jose Luis Montalvo Luna,PT,México,Distrito 39,Mayoría relativa,SI
214,Jose Martin Lopez Cisneros,PAN,Nuevo León,Distrito 10,Mayoría relativa,SI
215,Jose Ricardo Delsol Estrada,MORENA,San Luís Potosí,Distrito 4,Mayoría relativa,SI
216,Jose Rigoberto Mares Aguilar,PAN,Baja California Sur,1a Circunscripción,Representación proporcional,SI
217,Jose Salvador Rosas Quintanilla,PAN,Tamaulipas,Distrito 1,Mayoría relativa,SI
218,Juana Carrillo Luna,MORENA,México,5ª Circunscripción,Representación proporcional,SI
219,Juan Angel Bautista Bravo,MORENA,México,Distrito 31,Mayoría relativa,SI
220,Juan Carlos Romero Hicks,PAN,Guanajuato,Distrito 4,Mayoría relativa,SI
221,Juan Enrique Farrera Esponda,MORENA,Chiapas,Distrito 10,Mayoría relativa,SI
222,Juan Francisco Espinoza Eguia,PRI,Nuevo León,Distrito 9,Mayoría relativa,SI
223,Juan Francisco Ramirez Salcido,MC,Jalisco,Distrito 14,Mayoría relativa,SI
224,Juan Israel Ramos Ruiz,MORENA,Guanajuato,2ª Circunscripción,Representación proporcional,SI
225,Juanita Guerra Mena,MORENA,Morelos,Distrito 3,Mayoría relativa,SI
226,Juan Jose Canul Perez,PRI,Yucatán,Distrito 5,Mayoría relativa,SI
227,Juan Martin Espinoza Cardenas,MC,Jalisco,Distrito 17,Mayoría relativa,SI
228,Juan Martinez Flores,MORENA,Veracruz,Distrito 16,Mayoría relativa,SI
229,Juan Ortiz Guarneros,PRI,Veracruz,3ª Circunscripción,Representación proporcional,SI
230,Juan Pablo Sanchez Rodriguez,MORENA,México,Distrito 20,Mayoría relativa,SI
231,Julieta Garcia Zepeda,MORENA,Michoacán,5ª Circunscripción,Representación proporcional,SI
232,Julieta Kristal Vences Valencia,MORENA,Puebla,Distrito 8,Mayoría relativa,SI
233,Julio Carranza Areas,MORENA,Veracruz,3ª Circunscripción,Representación proporcional,SI
234,Julio Cesar Angeles Mendoza,MORENA,Hidalgo,Distrito 5,Mayoría relativa,SI
235,Justino Eugenio Arriaga Rojas,PAN,Guanajuato,Distrito 8,Mayoría relativa,SI
237,Karen Michel Gonzalez Marquez,PAN,Guanajuato,Distrito 7,Mayoría relativa,SI
238,Karla Yuritzi Almazan Burgos,MORENA,México,Distrito 38,Mayoría relativa,SI
239,Katia Alejandra Castillo Lozano,MORENA,Jalisco,1ª Circunscripción,Representación proporcional,SI
240,Kehila Abigail Ku Escalante,MC,Jalisco,Distrito 11,Mayoría relativa,SI
241,Laura Angelica Rojas Hernandez,PAN,México,Distrito 5,Mayoría relativa,SI
242,Laura Barrera Fortoul,PRI,México,5ª Circunscripción,Representación proporcional,SI
243,Laura Imelda Perez Segura,MORENA,Jalisco,Distrito 16,Mayoría relativa,SI
244,Laura Martinez Gonzalez,MORENA,Ciudad de México,4ª Circunscripción,Representación proporcional,SI
246,Lenin Nelson Campos Cordova,PRI,San Luis Potosí,2ª Circunscripción,Representación proporcional,SI
247,Leticia Arlett Aguilar Molina,MORENA,Chiapas,Distrito 9,Mayoría relativa,SI
248,Leticia Diaz Aguilar,MORENA,Ciudad de México,4ª Circunscripción,Representación proporcional,SI
249,Leticia Mariana Gomez Ordaz,PVEM,México,5ª Circunscripción,Representación proporcional,SI
250,Lidia Garcia Anaya,MORENA,Hidalgo,Distrito 6,Mayoría relativa,SI
251,Lidia Nallely Vargas Hernandez,MORENA,San Luis Potosí,2ª Circunscripción,Representación proporcional,SI
252,Lilia Villafuerte Zavala,PVEM,Guanajuato,Distrito 10,Mayoría relativa,SI
254,Lizbeth Mata Lozano,PAN,Baja California,Distrito 1,Mayoría relativa,SI
255,Lizeth Amayrani Guerra Mendez,MORENA,Veracruz,3ª Circunscripción,Representación proporcional,SI
256,Lorena del Socorro Jimenez Andrade,MORENA,Jalisco,Distrito 5,Mayoría relativa,SI
258,Lorenia Iveth Valles Sampedro,MORENA,Sonora,Distrito 3,Mayoría relativa,SI
259,Lourdes Celenia Contreras Gonzalez,MC,Jalisco,Distrito 13,Mayoría relativa,SI
260,Lourdes Erika Sanchez Martinez,PRI,Sinaloa,1ª Circunscripción,Representación proporcional,SI
261,Lucia Flores Olivo,MORENA,Ciudad de México,4ª Circunscripción,Representación proporcional,SI
262,Lucinda Sandoval Soberanes,MORENA,Sinaloa,1ª Circunscripción,Representación proporcional,SI
263,Lucio De Jesus Jimenez,MORENA,Ciudad de México,5ª Circunscripción,Representación proporcional,SI
264,Lucio Ernesto Palacios Cordero,MORENA,Ciudad de México,4ª Circunscripción,Representación proporcional,SI
265,Luis Alberto Mendoza Acevedo,PAN,Ciudad de México,Distrito 15,Mayoría relativa,SI
266,Luis Eleusis Leonidas Cordova Moran,PRI,Puebla,4ª Circunscripción,Representación proporcional,SI
267,Luis Enrique Martinez Ventura,PT,México,Distrito 32,Mayoría relativa,SI
268,Luis Enrique Miranda Nava,PRI,México,5ª Circunscripción,Representación proporcional,SI
269,Luis Javier Alegre Salazar,MORENA,Quintana Roo,3ª Circunscripción,Representación proporcional,SI
270,Luz Estefania Rosas Martinez,MORENA,Ciudad de México,4ª Circunscripción,Representación proporcional,SI
272,Lyndiana Elizabeth Bugarin Cortes,PVEM,Zacatecas,Distrito 2,Mayoría relativa,SI
273,Ma. de Jesus Garcia Guardado,MORENA,Zacatecas,2a Circunscripción,Representación proporcional,SI
274,Ma. del Carmen Cabrera Lagunas,PES,Guerrero,Distrito 3,Mayoría relativa,SI
275,Madeleine Bonnafoux Alcaraz,PAN,Sonora,1ª Circunscripción,Representación proporcional,SI
276,Ma. de los Angeles Ayala Diaz,PAN,Guanajuato,Distrito 3,Mayoría relativa,SI
277,Ma. Eugenia Leticia Espinosa Rivas,PAN,Guanajuato,Distrito 14,Mayoría relativa,SI
278,Ma. Guadalupe Almaguer Pardo,PRD,San Luis Potosí,Distrito 6,Mayoría relativa,SI
279,Maiella Martha Gabriela Gomez Maldonado,MC,Puebla,Distrito 2,Mayoría relativa,SI
280,Manuela del Carmen Obrador Narvaez,MORENA,Chiapas,Distrito 1,Mayoría relativa,SI
281,Manuel de Jesus Baldenebro Arredondo,PES,Sonora,Distrito 1,Mayoría relativa,SI
282,Manuel Gomez Ventura,MORENA,Veracruz,3ª Circunscripción,Representación proporcional,SI
283,Manuel Huerta Martinez,PT,Guerrero,4ª Circunscripción,Representación proporcional,SI
284,Manuel Lopez Castillo,MORENA,Sonora,1ª Circunscripción,Representación proporcional,SI
285,Manuel Rodriguez Gonzalez,MORENA,Tabasco,Distrito 4,Mayoría relativa,SI
286,Marcela Guillermina Velasco Gonzalez,PRI,México,5ª Circunscripción,Representación proporcional,SI
287,Marcelino Rivera Hernandez,PAN,San Luis Potosí,Distrito 7,Mayoría relativa,SI
288,Marco Antonio Andrade Zavala,MORENA,Chiapas,3ª Circunscripción,Representación proporcional,SI
289,Marco Antonio Carbajal Miranda,MORENA,Sonora,1ª Circunscripción,Representación proporcional,SI
290,Marco Antonio Gomez Alcantar,PVEM,Sinaloa,1ª Circunscripción,Representación proporcional,SI
291,Marco Antonio Gonzalez Reyes,MORENA,México,5ª Circunscripción,Representación proporcional,SI
292,Marco Antonio Medina Perez,MORENA,Veracruz,3ª Circunscripción,Representación proporcional,SI
293,Marco Antonio Reyes Colin,MORENA,México,Distrito 40,Mayoría relativa,SI
294,Marcos Aguilar Vega,PAN,Querétaro,2ª Circunscripción,Representación proporcional,SI
295,Margarita Flores Sanchez,PRI,Nayarit,1ª Circunscripción,Representación proporcional,SI
296,Margarita Garcia Garcia,PT,Oaxaca,Distrito 3,Mayoría relativa,SI
297,Maria Aleman Muñoz Castillo,PRI,Querétaro,2ª Circunscripción,Representación proporcional,SI
298,Maria Beatriz Lopez Chavez,MORENA,Ciudad de México,4ª Circunscripción,Representación proporcional,SI
299,Maria Bertha Espinoza Segura,MORENA,Veracruz,Distrito 3,Mayoría relativa,SI
300,Maria Chavez Perez,MORENA,Michoacán,5ª Circunscripción,Representación proporcional,SI
301,Maria Rosete Sanchez,PT,Ciudad de México,Distrito 8,Mayoría relativa,SI
302,Maria del Carmen Bautista Pelaez,MORENA,Oaxaca,Distrito 9,Mayoría relativa,SI
303,Maria de los Angeles Gutierrez Valdez,PAN,Chihuahua,Distrito 9,Mayoría relativa,SI
304,Maria de los Angeles Huerta del Rio,MORENA,México,Distrito 24,Mayoría relativa,SI
306,Maria del Rosario Merlin Garcia,MORENA,Guerrero,Distrito 9,Mayoría relativa,SI
307,Maria Elizabeth Diaz Garcia,MORENA,México,Distrito 13,Mayoría relativa,SI
308,Maria Ester Alonzo Morales,PRI,Yucatán,Distrito 2,Mayoría relativa,SI
309,Maria Esther Mejia Cruz,MORENA,Chihuahua,Distrito 1,Mayoría relativa,SI
310,Maria Eugenia Hernandez Perez,MORENA,México,Distrito 11,Mayoría relativa,SI
311,Maria Geraldine Ponce Mendez,MORENA,Nayarit,Distrito 2,Mayoría relativa,SI
313,Maria Guadalupe Edith Castañeda Ortiz,MORENA,México,5ª Circunscripción,Representación proporcional,SI
314,Maria Guadalupe Roman Avila,MORENA,México,Distrito 17,Mayoría relativa,SI
315,Maria Guillermina Alvarado Moreno,MORENA,Nuevo León,Distrito 2,Mayoría relativa,SI
316,Maria Isabel Alfaro Morales,MORENA,Hidalgo,Distrito 4,Mayoría relativa,SI
317,Maria Libier Gonzalez Anaya,MC,Jalisco,1ª Circunscripción,Representación proporcional,SI
318,Maria Liduvina Sandoval Mendoza,PAN,Colima,5ª Circunscripción,Representación proporcional,SI
319,Maria Lucero Saldaña Perez,PRI,Puebla,4ª Circunscripción,Representación proporcional,SI
320,Maria Marivel Solis Barrera,MORENA,Hidalgo,5ª Circunscripción,Representación proporcional,SI
321,Mariana Dunyaska Garcia Rojas,PAN,Veracruz,Distrito 12,Mayoría relativa,SI
322,Mariana Rodriguez Mier y Teran,PRI,Tamaulipas,2ª Circunscripción,Representación proporcional,SI
323,Maria Roselia Jimenez Perez,PT,Chiapas,Distrito 8,Mayoría relativa,SI
324,Maria Teresa Lopez Perez,MORENA,Jalisco,1ª Circunscripción,Representación proporcional,SI
325,Maria Teresa Maru Mejia,PT,México,Distrito 3,Mayoría relativa,SI
326,Maria Teresa Rebeca Rosa Mora Rios,MORENA,México,22,Mayoría relativa,SI
327,Maria Wendy Briceño Zuloaga,MORENA,Sonora,Distrito 5,Mayoría relativa,SI
328,Maribel Aguilera Chairez,MORENA,Durango,Distrito 3,Mayoría relativa,SI
329,Maribel Martinez Ruiz,PT,Oaxaca,3ª Circunscripción,Representación proporcional,SI
330,Maricruz Roblero Gordillo,PT,Chiapas,Distrito 13,Mayoría relativa,SI
331,Mario Alberto Ramos Tamez,PAN,Tamaulipas,Distrito 5,Mayoría relativa,SI
332,Mario Alberto Rodriguez Carrillo,MC,Jalisco,Distrito 4,Mayoría relativa,SI
333,Mario Ismael Moreno Gil,MORENA,Baja California,Distrito 5,Mayoría relativa,SI
334,Mario Mata Carrasco,PAN,Chihuahua,Distrito 5,Mayoría relativa,SI
335,Martha Angelica Zamudio Macias,MC,Jalisco,1ª Circunscripción,Representación proporcional,SI
336,Martha Elisa Gonzalez Estrada,PAN,Aguascalientes,Distrito 3,Mayoría relativa,SI
337,Martha Estela Romo Cuellar,PAN,Jalisco,Distrito 2,Mayoría relativa,SI
340,Martha Olivia Garcia Vidaña,MORENA,Durango,Distrito 1,Mayoría relativa,SI
341,Martha Robles Ortiz,MORENA,México,Distrito 29,Mayoría relativa,SI
342,Martina Cazarez Yañez,MORENA,San Luis Potosí,2ª Circunscripción,Representación proporcional,SI
343,Mary Carmen Bernal Martinez,PT,Michoacán,Distrito 3,Mayoría relativa,SI
344,Ma. Sara Rocha Medina,PRI,San Luis Potosí,Distrito 1,Mayoría relativa,SI
345,Mauricio Alonso Toledo Gutierrez,PT,Ciudad de México,4ª Circunscripción,Representación proporcional,SI
346,Maximino Alejandro Candelaria,MORENA,Ciudad de México,4ª Circunscripción,Representación proporcional,SI
347,Melba Nelia Farias Zambrano,MORENA,Coahuila,Distrito 3,Mayoría relativa,SI
348,Merary Villegas Sanchez,MORENA,Sinaloa,Distrito 7,Mayoría relativa,SI
349,Miguel Alonso Riggs Baeza,PAN,Chihuahua,Distrito 6,Mayoría relativa,SI
350,Miguel Angel Chico Herrera,MORENA,Guanajuato,2ª Circunscripción,Representación proporcional,SI
351,Miguel Angel Jauregui Montes de Oca,MORENA,Ciudad de México,Distrito 3,Mayoría relativa,SI
352,Miguel Angel Marquez Gonzalez,MORENA,Jalisco,1ª Circunscripción,Representación proporcional,SI
353,Miguel Pavel Jarero Velazquez,MORENA,Nayarit,Distrito 1,Mayoría relativa,SI
354,Miguel Prado de los Santos,MORENA,Chiapas,Distrito 7,Mayoría relativa,SI
355,Mildred Concepcion Avila Vera,MORENA,Quintana Roo,Distrito 3,Mayoría relativa,SI
356,Mirna Zabeida Maldonado Tapia,MORENA,Zacatecas,Distrito 1,Mayoría relativa,SI
357,Miroslava Sanchez Galvan,MORENA,Coahuila,2ª Circunscripción,Representación proporcional,SI
358,Mirtha Iliana Villalvazo Amaya,MORENA,Nayarit,Distrito 3,Mayoría relativa,SI
359,Moises Ignacio Mier Velazco,MORENA,Puebla,4ª Circunscripción,Representación proporcional,SI
360,Monica Bautista Rodriguez,PRD,México,5ª Circunscripción,Representación proporcional,SI
361,Nancy Claudia Resendiz Hernandez,PES,México,Distrito 41,Mayoría relativa,SI
362,Nancy Yadira Santiago Marcos,MORENA,Sinaloa,Distrito 5,Mayoría relativa,SI
363,Nayeli Arlen Fernandez Cruz,MORENA,Ciudad de México,4ª Circunscripción,Representación proporcional,SI
364,Nayeli Salvatori Bojalil,PES,Puebla,Distrito 10,Mayoría relativa,SI
365,Nelly Carrasco Godinez,MORENA,México,Distrito 4,Mayoría relativa,SI
366,Nelly Maceda Carrera,PT,Puebla,Distrito14,Mayoría relativa,SI
367,Nohemi Aleman Hernandez,MORENA,Tamaulipas,2ª Circunscripción,Representación proporcional,SI
368,Norma Guel Saldivar,PRI,Aguascalientes,2ª Circunscripción,Representación proporcional,SI
369,Olegaria Carrazco Macias,MORENA,Sinaloa,Distrito 6,Mayoría relativa,SI
370,Olga Juliana Elizondo Guerra,PT,Tamaulipas,Distrito 2,Mayoría relativa,SI
371,Olga Patricia Sosa Ruiz,PES,Tamaulipas,Distrito 8,Mayoría relativa,SI
372,Oscar Bautista Villegas,PRI,San Luis Potosí,Distrito 3,Mayoría relativa,SI
373,Oscar Daniel Martinez Terrazas,PAN,Morelos,4ª Circunscripción,Representación proporcional,SI
375,Oscar Gonzalez Yañez,PT,México,Distrito 27,Mayoría relativa,SI
377,Oscar Rafael Novella Macias,MORENA,Zacatecas,2ª Circunscripción,Representación proporcional,SI
378,Pablo Gomez Alvarez,MORENA,Ciudad de México,Distrito 23,Mayoría relativa,SI
379,Pablo Guillermo Angulo Briceño,PRI,Campeche,3ª Circunscripción,Representación proporcional,SI
380,Paola Tenorio Adame,MORENA,Veracruz,Distrito 19,Mayoría relativa,SI
381,Patricia del Carmen De la Cruz Delucio,MORENA,Chiapas,3ª Circunscripción,Representación proporcional,SI
382,Patricia Terrazas Baca,PAN,Chihuahua,1ª Circunscripción,Representación proporcional,SI
384,Pedro Daniel Abasolo Sanchez,PT,México,5ª Circunscripción,Representación proporcional,SI
385,Pedro Pablo Treviño Villarreal,PRI,Nuevo León,2ª Circunscripción,Representación proporcional,SI
387,Porfirio Muñoz Ledo,MORENA,Ciudad de México,4ª Circunscripción,Representación proporcional,SI
388,Rafael Hernandez Villalpando,MORENA,Veracruz,Distrito 10,Mayoría relativa,SI
390,Raul Ernesto Sanchez Barrales Zavalza,PT,México,Distrito 15,Mayoría relativa,SI
391,Reginaldo Sandoval Flores,PT,Michoacán,5ª Circunscripción,Representación proporcional,SI
392,Rene Juarez Cisneros,PRI,Guerrero,4ª Circunscripción,Representación proporcional,SI
393,Reyna Celeste Ascencio Ortega,MORENA,Michoacán,5ª Circunscripción,Representación proporcional,SI
394,Ricardo Aguilar Castillo,PRI,México,Distrito 1,Mayoría relativa,SI
395,Ricardo De la Peña Marshall,PES,Tabasco,Distrito 6,Mayoría relativa,SI
396,Ricardo Francisco Exsome Zapata,MORENA,Veracruz,Distrito 4,Mayoría relativa,SI
397,Ricardo Garcia Escalante,PAN,Veracruz,Distrito 1,Mayoría relativa,SI
398,Ricardo Villarreal Garcia,PAN,Guanajuato,Distrito 2,Mayoría relativa,SI
399,Roberto Angel Dominguez Rodriguez,MORENA,México,Distrito 28,Mayoría relativa,SI
400,Roberto Antonio Rubio Montejo,PVEM,Chiapas,Distrito 11,Mayoría relativa,SI
401,Rocio Barrera Badillo,MORENA,Ciudad de México,Distrito 11,Mayoría relativa,SI
402,Rocio del Pilar Villarauz Martinez,MORENA,Ciudad de México,4ª Circunscripción,Representación proporcional,SI
403,Roque Luis Rabelo Velasco,MORENA,Chiapas,Distrito 4,Mayoría relativa,SI
404,Rosalba Valencia Cruz,MORENA,Veracruz,3ª Circunscripción,Representación proporcional,SI
405,Rosalinda Dominguez Flores,MORENA,Oaxaca,Distrito 7,Mayoría relativa,SI
407,Ruben Ignacio Moreira Valdez,PRI,Coahuila,2ª Circunscripción,Representación proporcional,SI
408,Ruben Teran Aguila,MORENA,Tlaxcala,Distrito 2,Mayoría relativa,SI
409,Ruth Salinas Reyes,MC,México,5ª Circunscripción,Representación proporcional,SI
410,Samuel Calderon Medina,PES,Morelos,4 ª Circunscripción,Representación proporcional,SI
411,Samuel Herrera Chavez,MORENA,Zacatecas,Distrito 4,Mayoría relativa,SI
412,Sandra Paola Gonzalez Castañeda,MORENA,Nuevo León,Distrito 12,Mayoría relativa,SI
413,Sandra Simey Olvera Bautista,MORENA,Hidalgo,Distrito 3,Mayoría relativa,SI
414,Santiago Gonzalez Soto,PT,Nuevo León,Distrito 5,Mayoría relativa,SI
415,Sarai Nuñez Ceron,PAN,Guanajuato,Distrito 14,Mayoría relativa,SI
417,Sergio Mayer Breton,MORENA,Ciudad de México,Distrito 6,Mayoría relativa,SI
418,Sergio Perez Hernandez,MORENA,México,5ª Circunscripción,Representación proporcional,SI
419,Silvano Garay Ulloa,PT,Tlaxcala,4ª Circunscripción,Representación proporcional,SI
420,Silvia Guadalupe Garza Galvan,PAN,Coahuila,2a. Circunscripción,Representación proporcional,SI
421,Socorro Bahena Jimenez,MORENA,México,5a Circunscripción,Representación proporcional,SI
422,Socorro Irma Andazola Gomez,MORENA,Baja California,Distrito 4,Mayoría relativa,SI
423,Sonia Rocha Acosta,PAN,Querétaro,Distrito 1,Mayoría relativa,SI
424,Soraya Perez Munguia,PRI,Tabasco,3ª Circunscripción,Representación proporcional,SI
425,Susana Beatriz Cuaxiloa Serrano,MORENA,Puebla,4a Circunscripción,Representación proporcional,SI
426,Susana Cano Gonzalez,MORENA,México,5a Circunscripción,Representación proporcional,SI
427,Sylvia Violeta Garfias Cedillo,PAN,Aguascalientes,2a Circunscripción,Representación proporcional,SI
428,Teofilo Manuel Garcia Corpus,MORENA,Oaxaca,3ª Circunscripción,Representación proporcional,SI
429,Teresita de Jesus Vargas Meraz,MORENA,Chihuahua,Distrito 2,Mayoría relativa,SI
430,Ulises Garcia Soto,MORENA,Chihuahua,Distrito 1,Mayoría relativa,SI
431,Ulises Murguia Soto,MORENA,México,Distrito 19,Mayoría relativa,SI
432,Valentin Reyes Lopez,MORENA,Veracruz,Distrito 17,Mayoría relativa,SI
433,Veronica Beatriz Juarez Piña,PRD,Jalisco,1a Crcunscricpción,Representación proporcional,SI
434,Veronica Maria Sobrado Rodriguez,PAN,Puebla,4ª Circunscripción,Representación proporcional,SI
435,Veronica Ramos Cruz,MORENA,Jalisco,1ª Circunscripción,Representación proporcional,SI
436,Vicente Alberto Onofre Vazquez,MORENA,México,Distrito 33,Mayoría relativa,SI
437,Vicente Javier Verastegui Ostos,PAN,Tamaulipas,Distrito 6,Mayoría relativa,SI
438,Victor Adolfo Mojica Wences,MORENA,Guerrero,Distrito 1,Mayoría relativa,SI
439,Victor Blas Lopez,MORENA,Oaxaca,3ª Circunscripción,Representación proporcional,SI
440,Victor Gabriel Varela Lopez,MORENA,Ciudad de México,Distrito 22,Mayoría relativa,SI
441,Victor Manuel Perez Diaz,PAN,Nuevo León,2ª Circunscripción,Representación proporcional,SI
442,Virginia Merino Garcia,MORENA,Oaxaca,3ª Circunscripción,Representación proporcional,SI
443,Xavier Azuara Zuñiga,PAN,San Luis Potosí,2ª Circunscripción,Representación proporcional,SI
444,Ximena Puente De La Mora,PRI,Colima,5ª Circunscripción,Representación proporcional,SI
445,Xochitl Nashielly Zagal Ramirez,MORENA,México,Distrito 7,Mayoría relativa,SI
446,Yolanda Guerrero Barrera,MORENA,Michoacán,Distrito 5,Mayoría relativa,SI
447,Zaira Ochoa Valdivia,MORENA,Veracruz,3ª Circunscripción,Representación proporcional,SI
