inic_edo,nom_edo,Nombre,UltimoGradoEstudios,TipoLegislacion,tipoEleccion,FechaNacimiento,estado,entidad,Reeleccion,Partido,PreparacionAcademica,,,,
alr_guerrero,abelinalopezrodriguez_guerrero,Abelina Lopez Rodriguez,Maestría,Diputada Propietario,Mayoria Relativa,23/09/1965,Guerrero,Distrito:4,SI,MORENA,,,,,
aap_jalisco,abrilalcalapadilla_jalisco,Abril Alcala Padilla,Doctorado,Diputada Propietario,Mayoria Relativa,28/04/1979,Jalisco,Distrito:8,SI,PRD,,,,,
ago_jalisco,absalongarciaochoa_jalisco,Absalon Garcia Ochoa,Licenciatura,Diputado Propietario,Mayoria Relativa,23/09/1971,Jalisco,Distrito:15,SI,PAN,Derecho,,,,
apb_ciudad de mexico,adelapinabernal_ciudad de mexico,Adela Piña Bernal,Licenciatura,Diputada Propietario,Representacion proporcional,28/12/1964,Ciudad de Mexico,Circunscripcion:4,SI,MORENA,Ciencias de la educación,,,,
atr_michoacan,adolfotorresramirez_michoacan,Adolfo Torres Ramirez,Licenciatura,Diputado Propietario,Representacion proporcional,18/11/1980,Michoacan,Circunscripcion:5,SI,PAN,Administración y contaduría,,,,
aav_san luis potosi,adrianaaguilarvazquez_san luis potosi,Adriana Aguilar Vazquez,Secundaria,Diputada Propietario,Representacion proporcional,20/07/1977,San Luis Potosi,Circunscripcion:2,NO,PAN,,,,,
adf_tlaxcala,adrianadavilafernandez_tlaxcala,Adriana Davila Fernandez,Licenciatura,Diputada Propietario,Representacion proporcional,30/12/1970,Tlaxcala,Circunscripcion:4,SI,PAN,Comunicación,,,,0
agmo_jalisco,adrianagabrielamedinaortiz_jalisco,Adriana Gabriela Medina Ortiz,Licenciatura,Diputada Propietario,Mayoria Relativa,25/06/1979,Jalisco,Distrito:12,NO,MC,Derecho,,,,
alr_tamaulipas,adrianalozanorodriguez_tamaulipas,Adriana Lozano Rodriguez,Licenciatura,Diputada Propietario,Mayoria Relativa,26/06/1969,Tamaulipas,Distrito:4,SI,PES,Derecho,,,,
amgedlmg_ciudad de mexico,adrianamariaguadalupeespinosadelosmonterosgarcia_ciudad de mexico,Adriana Maria Guadalupe Espinosa de los Monteros,Licenciatura,Diputada Propietario,Mayoria Relativa,11/12/1972,Ciudad de Mexico,Distrito:9,SI,MORENA,Derecho,,,,
aptz_quintana roo,adrianapaulinateissierzavala_quintana roo,Adriana Paulina Teissier Zavala,Licenciatura,Diputada Propietario,Mayoria Relativa,20/07/1967,Quintana Roo,Distrito:1,SI,PES,,,,,
agr_michoacan,agustingarciarubio_michoacan,Agustin Garcia Rubio,Licenciatura,Diputado Propietario,Representacion proporcional,05/06/1973,Michoacan,Circunscripcion:5,NO,MORENA,Económico-financiera,,,,
arhg_puebla,agustinreynaldohuertagonzalez_puebla,Agustin Reynaldo Huerta Gonzalez,Licenciatura,Diputado Propietario,Representacion proporcional,07/05/1962,Puebla,Circunscripcion:4,SI,MORENA,Ingeniería,,,,
ajfs_chihuahua,alanjesusfalomirsaenz_chihuahua,Alan Jesus Falomir Saenz,Pasante/Licenciatura trunca,Diputado Propietario,Mayoria Relativa,23/02/1981,Chihuahua,Distrito:8,SI,MC,Ingeniería,,,,
aeg_jalisco,albertoesquergutierrez_jalisco,Alberto Esquer Gutierrez,Maestría,Diputado Propietario,Mayoria Relativa,07/11/1978,Jalisco,Distrito:19,NO,MC,,,,,
avv_jalisco,albertovillavillegas_jalisco,Alberto Villa Villegas,Licenciatura,Diputado Propietario,Representacion proporcional,25/10/1972,Jalisco,Circunscripcion:1,SI,MORENA,Administración y contaduría,,,,
aar_ciudad de mexico,aleidaalavezruiz_ciudad de mexico,Aleida Alavez Ruiz,Licenciatura,Diputada Propietario,Mayoria Relativa,10/01/1974,Ciudad de Mexico,Distrito:19,SI,MORENA,Comunicación,,,,
apb_morelos,alejandrapanibarragan_morelos,Alejandra Pani Barragan,Licenciatura,Diputada Propietario,Mayoria Relativa,17/07/1964,Morelos,Distrito:2,SI,MORENA,Administración y contaduría,,,,
abc_puebla,alejandrobarrosochavez_puebla,Alejandro Barroso Chavez,Preparatoria,Diputado Propietario,Mayoria Relativa,04/01/1981,Puebla,Distrito:15,SI,PT,,,,,
ach_puebla,alejandrocarvajalhidalgo_puebla,Alejandro Carvajal Hidalgo,Licenciatura,Diputado Propietario,Mayoria Relativa,02/08/1980,Puebla,Distrito:6,SI,MORENA,Derecho,,,,
amt_morelos,alejandromojicatoledo_morelos,Alejandro Mojica Toledo,Pasante/Licenciatura trunca,Diputado Propietario,Mayoria Relativa,12/01/1955,Morelos,Distrito:1,NO,MORENA,Administración y contaduría,,,,
apc_oaxaca,alejandroponcecobos_oaxaca,Alejandro Ponce Cobos,No disponible,Diputado Propietario,Representacion proporcional,17/04/1972,Oaxaca,Circunscripcion:3,SI,MORENA,,,,,
avv_mexico,alejandroviedmavelazquez_mexico,Alejandro Viedma Velazquez,Licenciatura,Diputado Propietario,Representacion proporcional,11/11/1991,Mexico,Circunscripcion:5,SI,MORENA,Ciencias políticas y sociales,,,,
arc_ciudad de mexico,alfonsoramirezcuellar_ciudad de mexico,Alfonso Ramirez Cuellar,Pasante/Licenciatura trunca,Diputado Propietario,Mayoria Relativa,14/06/1959,Ciudad de Mexico,Distrito:14,SI,MORENA,Derecho,,,,
afb_zacatecas,alfredofematbanuelos_zacatecas,Alfredo Femat Bañuelos,Maestría,Diputado Propietario,Mayoria Relativa,12/01/1961,Zacatecas,Distrito:3,SI,PT,Económico-financiera,,,,
apd_baja california sur,alfredoporrasdominguez_baja california sur,Alfredo Porras Dominguez,Licenciatura,Diputado Propietario,Mayoria Relativa,21/02/1957,Baja California Sur,Distrito:2,SI,PT,Ciencias políticas y sociales,,,,
avv_chiapas,alfredovazquezvazquez_chiapas,Alfredo Vazquez Vazquez,Licenciatura,Diputado Propietario,Mayoria Relativa,27/01/1981,Chiapas,Distrito:3,SI,MORENA,,,,,
ava_sinaloa,alfredovillegasarreola_sinaloa,Alfredo Villegas Arreola,Licenciatura,Diputado Propietario,Representacion proporcional,12/01/1951,Sinaloa,Circunscripcion:1,SI,PRI,Ingeniería,,,,
adnr_mexico,almadelianavarreterivera_mexico,Alma Delia Navarrete Rivera,Pasante/Licenciatura trunca,Diputada Propietario,Mayoria Relativa,29/07/1972,Mexico,Distrito:10,SI,MORENA,Ciencias políticas y sociales,,,,
amvr_durango,almamarinavitelarodriguez_durango,Alma Marina Vitela Rodriguez,Licenciatura,Diputada Propietario,Mayoria Relativa,26/12/1965,Durango,Distrito:2,NO,MORENA,,,,,
agge_sonora,anagabrielaguevaraespinoza_sonora,Ana Gabriela Guevara Espinoza,Preparatoria,Diputada Propietario,Mayoria Relativa,04/03/1977,Sonora,Distrito:2,NO,PT,,,,,
akrp_ciudad de mexico,anakarinarojopimentel_ciudad de mexico,Ana Karina Rojo Pimentel,Pasante/Licenciatura trunca,Diputada Propietario,Mayoria Relativa,28/11/1976,Ciudad de Mexico,Distrito:20,SI,PT,,,,,
algq_michoacan,analiliaguillenquiroz_michoacan,Ana Lilia Guillen Quiroz,No disponible,Diputada Propietario,Mayoria Relativa,05/02/1955,Michoacan,Distrito:8,SI,MORENA,,,,,
alha_mexico,analiliaherreraanzaldo_mexico,Ana Lilia Herrera Anzaldo,Maestría,Diputada Propietario,Representacion proporcional,29/08/1971,Mexico,Circunscripcion:5,SI,PRI,Otra,,,,
alrm_ciudad de mexico,analuciariojasmartinez_ciudad de mexico,Ana Lucia Riojas Martinez,Licenciatura,Diputada Propietario,Representacion proporcional,25/02/1988,Ciudad de Mexico,Circunscripcion:4,SI,SinPartido,Comunicación,,,,
amrr_ciudad de mexico,anamariarodriguezruiz_ciudad de mexico,Ana Maria Rodriguez Ruiz,Preparatoria,Diputada Propietario,Mayoria Relativa,23/07/1962,Ciudad de Mexico,Distrito:18,SI,MORENA,,,,,
aplb_queretaro,anapaolalopezbirlain_queretaro,Ana Paola Lopez Birlain,Maestría,Diputada Propietario,Mayoria Relativa,21/09/1981,Queretaro,Distrito:5,SI,PAN,Ciencias políticas y sociales,,,,
appdlp_quintana roo,anapatriciaperaltadelapena_quintana roo,Ana Patricia Peralta De La Peña,Licenciatura,Diputada Propietario,Representacion proporcional,24/06/1990,Quintana Roo,Circunscripcion:3,NO,MORENA,Administración y contaduría,,,,
apgg_jalisco,anapriscilagonzalezgarcia_jalisco,Ana Priscila Gonzalez Garcia,Licenciatura,Diputada Propietario,Mayoria Relativa,13/05/1984,Jalisco,Distrito:20,SI,MC,,,,,
argg_baja california sur,anaruthgarciagrande_baja california sur,Ana Ruth Garcia Grande,Maestría,Diputada Propietario,Mayoria Relativa,30/05/1971,Baja California Sur,Distrito:1,SI,PT,Derecho,,,,
aiv_veracruz,aniluingramvallines_veracruz,Anilu Ingram Vallines,Maestría,Diputada Propietario,Representacion proporcional,26/08/1980,Veracruz,Circunscripcion:3,SI,PRI,,,,,
asc_michoacan,anitasanchezcastro_michoacan,Anita Sanchez Castro,Licenciatura,Diputada Propietario,Mayoria Relativa,07/01/1968,Michoacan,Distrito:6,SI,MORENA,Ciencias de la salud,,,,
asgc_nuevo leon,anniasarahigomezcardenas_nuevo leon,Annia Sarahi Gomez Cardenas,Licenciatura,Diputada Propietario,Mayoria Relativa,06/07/1983,Nuevo Leon,Distrito:6,SI,PAN,Ciencias políticas y sociales,,,,
andj_oaxaca,antonianatividaddiazjimenez_oaxaca,Antonia Natividad Diaz Jimenez,Licenciatura,Diputada Propietario,Representacion proporcional,13/06/1982,Oaxaca,Circunscripcion:3,NO,PAN,Administración y contaduría,,,,
aom_aguascalientes,antonioortegamartinez_aguascalientes,Antonio Ortega Martinez,Licenciatura,Diputado Propietario,Representacion proporcional,28/07/1954,Aguascalientes,Circunscripcion:2,NO,PRD,Ingeniería,,,,
aom_guerrero,araceliocampomanzanares_guerrero,Araceli Ocampo Manzanares,Licenciatura,Diputada Propietario,Mayoria Relativa,15/10/1972,Guerrero,Distrito:2,SI,MORENA,Derecho,,,,
arv_guanajuato,arielrodriguezvazquez_guanajuato,Ariel Rodriguez Vazquez,Doctorado,Diputado Propietario,Mayoria Relativa,01/11/1972,Guanajuato,Distrito:1,SI,MC,Psicología,,,,
acc_oaxaca,armandocontrerascastillo_oaxaca,Armando Contreras Castillo,Licenciatura,Diputado Propietario,Representacion proporcional,13/04/1966,Oaxaca,Circunscripcion:3,SI,MORENA,Económico-financiera,,,,
age_ciudad de mexico,armandogonzalezescoto_ciudad de mexico,Armando Gonzalez Escoto,Licenciatura,Diputado Propietario,Mayoria Relativa,27/08/1967,Ciudad de Mexico,Distrito:2,SI,PES,Ingeniería,,,,
ajzz_tamaulipas,armandojavierzertuchezuani_tamaulipas,Armando Javier Zertuche Zuani,Doctorado,Diputado Propietario,Mayoria Relativa,27/11/1957,Tamaulipas,Distrito:9,SI,PT,,,,,
arl_baja california,armandoreyesledesma_baja california,Armando Reyes Ledesma,Preparatoria,Diputado Propietario,Mayoria Relativa,10/04/1972,Baja California,Distrito:3,SI,PT,,,,,
atc_michoacan,armandotejedacid_michoacan,Armando Tejeda Cid,Maestría,Diputado Propietario,Mayoria Relativa,21/09/1984,Michoacan,Distrito:4,SI,PAN,Ciencias políticas y sociales,,,,
aeyv_ciudad de mexico,arturoescobaryvega_ciudad de mexico,Arturo Escobar y Vega,Maestría,Diputado Propietario,Representacion proporcional,23/04/1970,Ciudad de Mexico,Circunscripcion:4,SI,PVEM,Derecho,,,,
arht_mexico,arturorobertohernandeztapia_mexico,Arturo Roberto Hernandez Tapia,Maestría,Diputado Propietario,Mayoria Relativa,05/05/1961,Mexico,Distrito:35,SI,MORENA,Ciencias de la salud,,,,
asc_oaxaca,azaelsantiagochepi_oaxaca,Azael Santiago Chepi,Maestría,Diputado Propietario,Mayoria Relativa,15/12/1977,Oaxaca,Distrito:4,SI,MORENA,Ciencias de la educación,,,,
bdpl_oaxaca,beatrizdomingaperezlopez_oaxaca,Beatriz Dominga Perez Lopez,Licenciatura,Diputada Propietario,Mayoria Relativa,24/08/1975,Oaxaca,Distrito:6,SI,MORENA,Derecho,,,,
bmg_guanajuato,beatrizmanriqueguevara_guanajuato,Beatriz Manrique Guevara,Maestría,Diputada Propietario,Representacion proporcional,20/05/1967,Guanajuato,Circunscripcion:2,NO,PVEM,,,,,
brm_ciudad de mexico,beatrizrojasmartinez_ciudad de mexico,Beatriz Rojas Martinez,Licenciatura,Diputada Propietario,Mayoria Relativa,21/12/1966,Ciudad de Mexico,Distrito:7,SI,MORENA,Derecho,,,,
bsrg_queretaro,beatrizsilviaroblesgutierrez_queretaro,Beatriz Silvia Robles Gutierrez,Maestría,Diputada Propietario,Mayoria Relativa,24/03/1965,Queretaro,Distrito:3,SI,MORENA,Administración y contaduría,,,,
bmh_baja california,benitomedinaherrera_baja california,Benito Medina Herrera,Maestría,Diputado Propietario,Representacion proporcional,05/06/1950,Baja California,Circunscripcion:1,SI,PRI,Otra,,,,
brm_oaxaca,benjaminroblesmontoya_oaxaca,Benjamin Robles Montoya,Maestría,Diputado Propietario,Mayoria Relativa,08/11/1959,Oaxaca,Distrito:8,SI,PT,Ciencias políticas y sociales,,,,
bshc_puebla,benjaminsaulhuertacorona_puebla,Benjamin Saul Huerta Corona,Licenciatura,Diputado Propietario,Mayoria Relativa,31/03/1958,Puebla,Distrito:11,SI,MORENA,Derecho,,,,
bal_veracruz,bonifacioaguilarlinda_veracruz,Bonifacio Aguilar Linda,Secundaria,Diputado Propietario,Mayoria Relativa,08/05/1976,Veracruz,Distrito:18,SI,MORENA,,,,,
baap_mexico,brasilalbertoacostapena_mexico,Brasil Alberto Acosta Peña,Doctorado,Diputado Propietario,Representacion proporcional,21/06/1970,Mexico,Circunscripcion:5,SI,PRI,Económico-financiera,,,,
bel_morelos,brendaespinozalopez_morelos,Brenda Espinoza Lopez,Licenciatura,Diputada Propietario,Representacion proporcional,19/06/1988,Morelos,Circunscripcion:4,SI,MORENA,Económico-financiera,,,,
camv_chiapas,carlosalbertomoralesvazquez_chiapas,Carlos Alberto Morales Vazquez,Licenciatura,Diputado Propietario,Representacion proporcional,22/08/1972,Chiapas,Circunscripcion:3,SI,SinPartido,Arquitectura y diseño,,,,
caps_zacatecas,carlosalbertopuentesalas_zacatecas,Carlos Alberto Puente Salas,Licenciatura,Diputado Propietario,Representacion proporcional,16/12/1971,Zacatecas,Circunscripcion:2,SI,PVEM,Derecho,,,,
cavg_veracruz,carlosalbertovalenzuelagonzalez_veracruz,Carlos Alberto Valenzuela Gonzalez,Maestría,Diputado Propietario,Representacion proporcional,18/04/1983,Veracruz,Circunscripcion:3,SI,PAN,Ciencias políticas y sociales,,,,
ccm_tlaxcala,carloscarreonmejia_tlaxcala,Carlos Carreon Mejia,Licenciatura,Diputado Propietario,Representacion proporcional,27/05/1973,Tlaxcala,Circunscripcion:4,SI,PAN,Otra,,,,
cema_campeche,carlosenriquemartinezake_campeche,Carlos Enrique Martinez Ake,Pasante/Licenciatura trunca,Diputado Propietario,Mayoria Relativa,25/04/1977,Campeche,Distrito:1,SI,MORENA,Derecho,,,,
chcv_sinaloa,carloshumbertocastanosvalenzuela_sinaloa,Carlos Humberto Castaños Valenzuela,Licenciatura,Diputado Propietario,Representacion proporcional,14/04/1977,Sinaloa,Circunscripcion:1,SI,PAN,Ciencias políticas y sociales,,,,
cjlc_sonora,carlosjavierlamarquecano_sonora,Carlos Javier Lamarque Cano,Licenciatura,Diputado Propietario,Mayoria Relativa,01/08/1953,Sonora,Distrito:6,SI,MORENA,,,,,
cpc_zacatecas,carlospavoncampos_zacatecas,Carlos Pavon Campos,Secundaria,Diputado Propietario,Representacion proporcional,31/10/1955,Zacatecas,Circunscripcion:2,SI,PRI,,,,,
csb_guerrero,carlossanchezbarrios_guerrero,Carlos Sanchez Barrios,Maestría,Diputado Propietario,Mayoria Relativa,17/08/1957,Guerrero,Distrito:7,SI,MORENA,Ciencias políticas y sociales,,,,
ctp_michoacan,carlostorrespina_michoacan,Carlos Torres Piña,Licenciatura,Diputado Propietario,Representacion proporcional,01/03/1979,Michoacan,Circunscripcion:5,SI,MORENA,Derecho,,,,
cjpg_jalisco,carmenjuliaprudenciogonzalez_jalisco,Carmen Julia Prudencio Gonzalez,Licenciatura,Diputada Propietario,Mayoria Relativa,30/06/1977,Jalisco,Distrito:9,SI,MC,Derecho,,,,
cmp_veracruz,carmenmedelpalma_veracruz,Carmen Medel Palma,Maestría,Diputada Propietario,Mayoria Relativa,26/09/1959,Veracruz,Distrito:14,SI,MORENA,Ciencias de la salud,,,,
cmg_veracruz,carmenmoragarcia_veracruz,Carmen Mora Garcia,Secundaria,Diputada Propietario,Mayoria Relativa,14/07/1952,Veracruz,Distrito:9,SI,MORENA,,,,,
cppo_quintana roo,carmenpatriciapalmaolvera_quintana roo,Carmen Patricia Palma Olvera,No disponible,Diputada Propietario,Mayoria Relativa,13/01/1958,Quintana Roo,Distrito:2,SI,MORENA,,,,,
cyrm_nayarit,carminayadiraregaladomardueno_nayarit,Carmina Yadira Regalado Mardueño,Licenciatura,Diputada Propietario,Representacion proporcional,06/11/1967,Nayarit,Circunscripcion:1,SI,MORENA,,,,,
caa_oaxaca,carolantonioaltamirano_oaxaca,Carol Antonio Altamirano,Licenciatura,Diputado Propietario,Mayoria Relativa,13/12/1963,Oaxaca,Distrito:5,SI,MORENA,Derecho,,,,
cga_mexico,carolinagarciaaguilar_mexico,Carolina Garcia Aguilar,No disponible,Diputada Propietario,Mayoria Relativa,22/09/1976,Mexico,Distrito:6,SI,PES,,,,,
czv_sinaloa,casimirozamoravaldez_sinaloa,Casimiro Zamora Valdez,Licenciatura,Diputado Propietario,Mayoria Relativa,15/11/1958,Sinaloa,Distrito:4,SI,MORENA,,,,,
capl_yucatan,ceciliaanunciacionpatronlaviada_yucatan,Cecilia Anunciacion Patron Laviada,Licenciatura,Diputada Propietario,Representacion proporcional,25/03/1971,Yucatan,Circunscripcion:3,SI,PAN,Comunicación,,,,
cahp_mexico,cesaragustinhernandezperez_mexico,Cesar Agustin Hernandez Perez,Maestría,Diputado Propietario,Mayoria Relativa,01/03/1980,Mexico,Distrito:30,SI,MORENA,Ciencias políticas y sociales,,,,
ccp_hidalgo,ciprianocharrezpedraza_hidalgo,Cipriano Charrez Pedraza,Maestría,Diputado Propietario,Mayoria Relativa,16/09/1970,Hidalgo,Distrito:2,NO,MORENA,,,,,
csr_chiapas,cirosalesruiz_chiapas,Ciro Sales Ruiz,Licenciatura,Diputado Propietario,Representacion proporcional,01/01/1974,Chiapas,Circunscripcion:3,NO,MORENA,,,,,
cadv_mexico,claudiaangelicadominguezvazquez_mexico,Claudia Angelica Dominguez Vazquez,Licenciatura,Diputada Propietario,Mayoria Relativa,13/09/1977,Mexico,Distrito:14,SI,PT,Derecho,,,,
cbr_puebla,claudiabaezruiz_puebla,Claudia Baez Ruiz,Licenciatura,Diputada Propietario,Mayoria Relativa,20/10/1972,Puebla,Distrito:3,SI,PES,Comunicación,,,,
celm_chihuahua,claudiaelenalastramunoz_chihuahua,Claudia Elena Lastra Muñoz,Licenciatura,Diputada Propietario,Mayoria Relativa,13/01/1971,Chihuahua,Distrito:3,SI,PT,,,,,
clr_ciudad de mexico,claudialopezrayon_ciudad de mexico,Claudia Lopez Rayon,Técnico,Diputada Propietario,Mayoria Relativa,22/04/1973,Ciudad de Mexico,Distrito:5,SI,MORENA,Otra,,,,
cpb_ciudad de mexico,claudiapastorbadilla_ciudad de mexico,Claudia Pastor Badilla,Maestría,Diputada Propietario,Representacion proporcional,01/12/1970,Ciudad de Mexico,Circunscripcion:4,SI,PRI,Ciencias políticas y sociales,,,,
crm_mexico,claudiareyesmontiel_mexico,Claudia Reyes Montiel,Maestría,Diputada Propietario,Mayoria Relativa,07/02/1974,Mexico,Distrito:18,SI,PRD,Ciencias políticas y sociales,,,,
cte_veracruz,claudiatelloespinosa_veracruz,Claudia Tello Espinosa,Doctorado,Diputada Propietario,Mayoria Relativa,16/10/1964,Veracruz,Distrito:8,SI,MORENA,,,,,
cvycyc_colima,claudiavaleriayanezcentenoycabrera_colima,Claudia Valeria Yañez Centeno y Cabrera,Licenciatura,Diputada Propietario,Mayoria Relativa,02/05/1959,Colima,Distrito:1,SI,MORENA,,,,,
cmdg_chiapas,clementinamartadekkergomez_chiapas,Clementina Marta Dekker Gomez,Licenciatura,Diputada Propietario,Mayoria Relativa,10/04/1973,Chiapas,Distrito:5,SI,PT,Ciencias políticas y sociales,,,,
cjrs_mexico,cruzjuvenalroasanchez_mexico,Cruz Juvenal Roa Sanchez,Doctorado,Diputado Propietario,Mayoria Relativa,10/05/1968,Mexico,Distrito:36,SI,PRI,Derecho,,,,
cfbm_san luis potosi,cuauhtlifernandobadillomoreno_san luis potosi,Cuauhtli Fernando Badillo Moreno,Licenciatura,Diputada Propietario,Representacion proporcional,11/05/1990,San Luis Potosi,Circunscripcion:2,SI,MORENA,,,,,
cilc_ciudad de mexico,cynthiailianalopezcastro_ciudad de mexico,Cynthia Iliana Lopez Castro,Maestría,Diputada Propietario,Representacion proporcional,18/02/1987,Ciudad de Mexico,Circunscripcion:4,SI,PRI,Ciencias políticas y sociales,,,,
dgg_oaxaca,danielgutierrezgutierrez_oaxaca,Daniel Gutierrez Gutierrez,Licenciatura,Diputado Propietario,Mayoria Relativa,15/02/1976,Oaxaca,Distrito:10,SI,MORENA,Administración y contaduría,,,,
dbr_puebla,davidbautistarivera_puebla,David Bautista Rivera,Licenciatura,Diputado Propietario,Representacion proporcional,27/03/1981,Puebla,Circunscripcion:4,SI,MORENA,Ciencias de la educación,,,,
don_mexico,davidorihuelanava_mexico,David Orihuela Nava,Licenciatura,Diputado Propietario,Mayoria Relativa,31/01/1985,Mexico,Distrito:23,SI,MORENA,Derecho,,,,
dedbv_coahuila,diegoeduardodelbosquevillarreal_coahuila,Diego Eduardo Del Bosque Villarreal,Licenciatura,Diputado Propietario,Representacion proporcional,21/02/1990,Coahuila,Circunscripcion:2,SI,MORENA,Ingeniería,,,,
dvg_mexico,dioniciavazquezgarcia_mexico,Dionicia Vazquez Garcia,Secundaria,Diputada Propietario,Mayoria Relativa,29/03/1948,Mexico,Distrito:2,SI,PT,,,,,
dpl_ciudad de mexico,dolorespadiernaluna_ciudad de mexico,Dolores Padierna Luna,Licenciatura,Diputada Propietario,Mayoria Relativa,08/05/1958,Ciudad de Mexico,Distrito:12,SI,MORENA,Económico-financiera,,,,
dgc_veracruz,dorhenygarciacayetano_veracruz,Dorheny Garcia Cayetano,Licenciatura,Diputada Propietario,Representacion proporcional,25/07/1990,Veracruz,Circunscripcion:3,SI,MORENA,Derecho,,,,
dagm_oaxaca,dulcealejandragarciamorlan_oaxaca,Dulce Alejandra Garcia Morlan,Licenciatura,Diputada Propietario,Representacion proporcional,05/12/1978,Oaxaca,Circunscripcion:3,SI,PAN,,,,,
dmcvg_veracruz,dulcemariacorinavillegasguarneros_veracruz,Dulce Maria Corina Villegas Guarneros,No disponible,Diputada Propietario,Mayoria Relativa,24/12/1966,Veracruz,Distrito:15,SI,MORENA,,,,,
dmmdlld_veracruz,dulcemariamendezdelaluzdauzon_veracruz,Dulce Maria Mendez De La Luz Dauzon,Licenciatura,Diputada Propietario,Representacion proporcional,06/10/1985,Veracruz,Circunscripcion:3,SI,MC,Comunicación,,,,
dmsr_yucatan,dulcemariasauririancho_yucatan,Dulce Maria Sauri Riancho,Doctorado,Diputada Propietario,Representacion proporcional,14/08/1951,Yucatan,Circunscripcion:3,NO,PRI,Humanidades,,,,
ejrb_guanajuato,ectorjaimeramirezbarba_guanajuato,Ector Jaime Ramirez Barba,Doctorado,Diputado Propietario,Mayoria Relativa,01/12/1956,Guanajuato,Distrito:5,SI,PAN,Ciencias de la salud,,,,
essd_nuevo leon,edelmirosantiagosantosdiaz_nuevo leon,Edelmiro Santiago Santos Diaz,Licenciatura,Diputado Propietario,Representacion proporcional,02/07/1960,Nuevo Leon,Circunscripcion:2,SI,MORENA,Ciencias de la salud,,,,
egv_puebla,edgarguzmanvaldez_puebla,Edgar Guzman Valdez,Pasante/Licenciatura trunca,Diputado Propietario,Mayoria Relativa,19/04/1992,Puebla,Distrito:7,SI,PES,Humanidades,,,,
era_tabasco,ediltrudisrodriguezarellano_tabasco,Ediltrudis Rodriguez Arellano,Licenciatura,Diputada Propietario,Representacion proporcional,23/06/1954,Tabasco,Circunscripcion:3,SI,MORENA,Ciencias de la educación,,,,
egr_veracruz,edithgarciarosales_veracruz,Edith Garcia Rosales,No disponible,Diputada Propietario,Representacion proporcional,17/10/1992,Veracruz,Circunscripcion:3,SI,MORENA,,,,,
emmt_mexico,edithmarisolmercadotorres_mexico,Edith Marisol Mercado Torres,Maestría,Diputada Propietario,Representacion proporcional,15/09/1986,Mexico,Circunscripcion:5,SI,MORENA,Otra,,,,
err_jalisco,eduardoronramos_jalisco,Eduardo Ron Ramos,Licenciatura,Diputado Propietario,Mayoria Relativa,24/02/1975,Jalisco,Distrito:1,NO,MC,,,,,
ezs_mexico,eduardozarzosasanchez_mexico,Eduardo Zarzosa Sanchez,Maestría,Diputado Propietario,Mayoria Relativa,16/12/1973,Mexico,Distrito:9,SI,PRI,,,,,
erv_chihuahua,efrainrochavega_chihuahua,Efrain Rocha Vega,Licenciatura,Diputado Propietario,Representacion proporcional,12/05/1955,Chihuahua,Circunscripcion:1,SI,MORENA,Ingeniería,,,,
eltd_aguascalientes,elbalorenatorresdiaz_aguascalientes,Elba Lorena Torres Diaz,Licenciatura,Diputada Propietario,Mayoria Relativa,15/03/1977,Aguascalientes,Distrito:2,SI,PT,Ciencias de la salud,,,,
eas_veracruz,eleuterioarrietasanchez_veracruz,Eleuterio Arrieta Sanchez,Maestría,Diputado Propietario,Mayoria Relativa,02/05/1955,Veracruz,Distrito:13,SI,MORENA,Ciencias de la salud,,,,
ecma_chiapas,emeteriaclaudiamartinezaguilar_chiapas,Emeteria Claudia Martinez Aguilar,Licenciatura,Diputada Propietario,Representacion proporcional,03/03/1985,Chiapas,Circunscripcion:3,SI,MORENA,Psicología,,,,
emt_mexico,emiliomanzanillatellez_mexico,Emilio Manzanilla Tellez,Licenciatura,Diputado Propietario,Mayoria Relativa,10/04/1971,Mexico,Distrito:16,SI,PT,Ciencias políticas y sociales,,,,
erc_guanajuato,emmanuelreyescarmona_guanajuato,Emmanuel Reyes Carmona,Licenciatura,Diputado Propietario,Mayoria Relativa,29/06/1987,Guanajuato,Distrito:13,SI,MORENA,Derecho,,,,
eor_michoacan,enriqueochoareza_michoacan,Enrique Ochoa Reza,Doctorado,Diputado Propietario,Representacion proporcional,01/09/1972,Michoacan,Circunscripcion:5,SI,PRI,Ciencias políticas y sociales,,,,
erg_chihuahua,eracliorodriguezgomez_chihuahua,Eraclio Rodriguez Gomez,Pasante/Licenciatura trunca,Diputado Propietario,Mayoria Relativa,04/01/1961,Chihuahua,Distrito:7,SI,PT,,,,,
egr_tamaulipas,erasmogonzalezrobledo_tamaulipas,Erasmo Gonzalez Robledo,Maestría,Diputado Propietario,Mayoria Relativa,28/06/1972,Tamaulipas,Distrito:7,SI,MORENA,Ciencias políticas y sociales,,,,
eime_baja california,erikisaacmoraleselvira_baja california,Erik Isaac Morales Elvira,No disponible,Diputado Propietario,Mayoria Relativa,01/09/1976,Baja California,Distrito:7,SI,MORENA,,,,,
emru_sinaloa,erikamarianarosasuribe_sinaloa,Erika Mariana Rosas Uribe,Licenciatura,Diputada Propietario,Representacion proporcional,09/01/1984,Sinaloa,Circunscripcion:1,SI,MORENA,Comunicación,,,,
evdci_ciudad de mexico,erikavanessadelcastilloibarra_ciudad de mexico,Erika Vanessa Del Castillo Ibarra,Licenciatura,Diputada Propietario,Mayoria Relativa,10/06/1978,Ciudad de Mexico,Distrito:1,SI,MORENA,Ciencias políticas y sociales,,,,
earl_nuevo leon,ernestoalfonsorobledoleal_nuevo leon,Ernesto Alfonso Robledo Leal,Doctorado,Diputado Propietario,Mayoria Relativa,06/06/1976,Nuevo Leon,Distrito:11,SI,PAN,,,,,
egra_baja california,ernestoguillermoruffoappel_baja california,Ernesto Ruffo Appel,Licenciatura,Diputado Propietario,Representacion proporcional,25/06/1952,Baja California,Circunscripcion:1,NO,PAN,Administración y contaduría,,,,
ejna_mexico,ernestojaviernemeralvarez_mexico,Ernesto Javier Nemer Alvarez,Licenciatura,Diputado Propietario,Representacion proporcional,17/07/1961,Mexico,Circunscripcion:5,NO,PRI,,,,,
evc_nuevo leon,ernestovargascontreras_nuevo leon,Ernesto Vargas Contreras,Pasante/Licenciatura trunca,Diputada Propietario,Mayoria Relativa,06/03/1977,Nuevo Leon,Distrito:8,NO,PES,,,,,
edlamm_mexico,esmeraldadelosangelesmorenomedina_mexico,Esmeralda de los Angeles Moreno Medina,Maestría,Diputada Propietario,Mayoria Relativa,19/12/1986,Mexico,Distrito:26,SI,PES,Derecho,,,,
ebb_michoacan,estebanbarajasbarajas_michoacan,Esteban Barajas Barajas,Licenciatura,Diputado Propietario,Mayoria Relativa,20/01/1959,Michoacan,Distrito:2,SI,MORENA,Ciencias políticas y sociales,,,,
ena_tabasco,estelanunezalvarez_tabasco,Estela Nuñez Alvarez,Licenciatura,Diputada Propietario,Mayoria Relativa,16/08/1956,Tabasco,Distrito:1,SI,MORENA,Ciencias de la educación,,,,
ejrf_veracruz,eulaliojuanriosfararoni_veracruz,Eulalio Juan Rios Fararoni,Licenciatura,Diputado Propietario,Mayoria Relativa,18/04/1965,Veracruz,Distrito:20,SI,MORENA,,,,,
elpr_coahuila,evaristoleninperezrivera_coahuila,Evaristo Lenin Perez Rivera,Maestría,Diputado Propietario,Mayoria Relativa,28/10/1966,Coahuila,Distrito:1,SI,SinPartido,Comunicación,,,,
frglh_jalisco,fabiolaraquelguadalupeloyahernandez_jalisco,Fabiola Raquel Guadalupe Loya Hernandez,Licenciatura,Diputada Propietario,Mayoria Relativa,05/11/1974,Jalisco,Distrito:6,SI,MC,Administración y contaduría,,,,
ffa_michoacan,felicianofloresanguiano_michoacan,Feliciano Flores Anguiano,Pasante/Licenciatura trunca,Diputado Propietario,Mayoria Relativa,28/05/1971,Michoacan,Distrito:1,SI,MORENA,Ciencias de la educación,,,,
ffmo_queretaro,felipefernandomaciasolvera_queretaro,Felipe Fernando Macias Olvera,Maestría,Diputado Propietario,Mayoria Relativa,04/04/1986,Queretaro,Distrito:4,SI,PAN,Ciencias políticas y sociales,,,,
fradll_mexico,feliperafaelarvizudelaluz_mexico,Felipe Rafael Arvizu De La Luz,Maestría,Diputado Propietario,Mayoria Relativa,09/09/1974,Mexico,Distrito:12,SI,MORENA,Administración y contaduría,,,,
fddlfh_coahuila,fernandodonatodelasfuenteshernandez_coahuila,Fernando Donato De las Fuentes Hernandez,Licenciatura,Diputado Propietario,Mayoria Relativa,07/08/1960,Coahuila,Distrito:7,SI,PRI,,,,,
fgf_ciudad de mexico,fernandogalindofavela_ciudad de mexico,Fernando Galindo Favela,Licenciatura,Diputado Propietario,Representacion proporcional,06/05/1978,Ciudad de Mexico,Circunscripcion:4,SI,PRI,Económico-financiera,,,,
flmp_puebla,fernandoluismanzanillaprieto_puebla,Fernando Luis Manzanilla Prieto,Maestría,Diputado Propietario,Mayoria Relativa,10/05/1968,Puebla,Distrito:12,SI,PES,Ciencias políticas y sociales,,,,
ftg_guanajuato,fernandotorresgraciano_guanajuato,Fernando Torres Graciano,Maestría,Diputado Propietario,Representacion proporcional,27/08/1970,Guanajuato,Circunscripcion:2,SI,PAN,Derecho,,,,
fimm_ciudad de mexico,florivonemoralesmiranda_ciudad de mexico,Flor Ivone Morales Miranda,Maestría,Diputada Propietario,Mayoria Relativa,05/10/1968,Ciudad de Mexico,Distrito:21,NO,MORENA,,,,,
ftcs_veracruz,florataniacruzsantos_veracruz,Flora Tania Cruz Santos,Maestría,Diputada Propietario,Mayoria Relativa,27/01/1978,Veracruz,Distrito:11,SI,MORENA,Ciencias de la educación,,,,
frc_hidalgo,fortunatoriveracastillo_hidalgo,Fortunato Rivera Castillo,Licenciatura,Diputado Propietario,Mayoria Relativa,17/11/1955,Hidalgo,Distrito:1,SI,MORENA,Otra,,,,
feg_nuevo leon,franciscoelizondogarrido_nuevo leon,Francisco Elizondo Garrido,Maestría,Diputado Propietario,Representacion proporcional,17/01/1982,Nuevo Leon,Circunscripcion:2,SI,MORENA,Derecho,,,,
ffp_mexico,franciscofavelapenunuri_mexico,Francisco Favela Peñuñuri,Licenciatura,Diputado Propietario,Mayoria Relativa,15/04/1955,Mexico,Distrito:5,SI,PT,Ciencias de la salud,,,,
fjba_coahuila,franciscojavierborregoadame_coahuila,Francisco Javier Borrego Adame,Técnico,Diputado Propietario,Mayoria Relativa,27/12/1954,Coahuila,Distrito:2,SI,MORENA,Administración y contaduría,,,,
fjgdlt_jalisco,franciscojavierguzmandelatorre_jalisco,Francisco Javier Guzman De La Torre,Secundaria,Diputado Propietario,Representacion proporcional,29/08/1944,Jalisco,Circunscripcion:1,SI,MORENA,,,,,
fjhe_michoacan,franciscojavierhuacusesquivel_michoacan,Francisco Javier Huacus Esquivel,Licenciatura,Diputado Propietario,Mayoria Relativa,26/08/1986,Michoacan,Distrito:12,SI,PT,,,,,
fjln_aguascalientes,franciscojavierluevanonunez_aguascalientes,Francisco Javier Luevano Nuñez,Pasante/Licenciatura trunca,Diputado Propietario,Mayoria Relativa,01/07/1979,Aguascalientes,Distrito:1,SI,PAN,Arquitectura y diseño,,,,
fjrn_mexico,franciscojavierramireznavarrete_mexico,Francisco Javier Ramirez Navarrete,Licenciatura,Diputado Propietario,Representacion proporcional,03/01/1988,Mexico,Circunscripcion:5,SI,MORENA,Otra,,,,
fjsc_ciudad de mexico,franciscojaviersaldivarcamacho_ciudad de mexico,Francisco Javier Saldivar Camacho,Pasante/Licenciatura trunca,Diputado Propietario,Mayoria Relativa,12/03/1967,Ciudad de Mexico,Distrito:17,SI,PES,Administración y contaduría,,,,
faem_zacatecas,fridaalejandraesparzamarquez_zacatecas,Frida Alejandra Esparza Marquez,Licenciatura,Diputada Propietario,Representacion proporcional,05/11/1996,Zacatecas,Circunscripcion:2,SI,PRD,Humanidades,,,,
fay_san luis potosi,frinneazuarayarzabal_san luis potosi,Frinne Azuara Yarzabal,Maestría,Diputada Propietario,Representacion proporcional,03/03/1956,San Luis Potosi,Circunscripcion:2,SI,PRI,Ciencias de la salud,,,,
gcb_ciudad de mexico,gabrielacuevasbarron_ciudad de mexico,Gabriela Cuevas Barron,Pasante/Licenciatura trunca,Diputada Propietario,Representacion proporcional,03/04/1979,Ciudad de Mexico,Circunscripcion:4,NO,MORENA,Ciencias políticas y sociales,,,,
gihv_jalisco,geraldinaisabelherreravega_jalisco,Geraldina Isabel Herrera Vega,Licenciatura,Diputada Propietario,Mayoria Relativa,24/04/1963,Jalisco,Distrito:10,SI,MC,Económico-financiera,,,,
gfn_ciudad de mexico,gerardofernandeznorona_ciudad de mexico,Gerardo Fernandez Noroña,Licenciatura,Diputado Propietario,Mayoria Relativa,19/03/1960,Ciudad de Mexico,Distrito:4,SI,PT,Ciencias políticas y sociales,,,,
grl_hidalgo,gloriaromeroleon_hidalgo,Gloria Romero Leon,Maestría,Diputada Propietario,Representacion proporcional,25/01/1964,Hidalgo,Circunscripcion:5,SI,PAN,Ciencias políticas y sociales,,,,
ghp_michoacan,gonzaloherreraperez_michoacan,Gonzalo Herrera Perez,Licenciatura,Diputado Propietario,Mayoria Relativa,07/07/1955,Michoacan,Distrito:7,SI,MORENA,,,,,
gso_mexico,gracielasanchezortiz_mexico,Graciela Sanchez Ortiz,Licenciatura,Diputada Propietario,Mayoria Relativa,18/02/1959,Mexico,Distrito:21,SI,MORENA,Ciencias políticas y sociales,,,,
gzs_oaxaca,gracielazavaletasanchez_oaxaca,Graciela Zavaleta Sanchez,Primaria,Diputada Propietario,Representacion proporcional,23/12/1946,Oaxaca,Circunscripcion:3,SI,MORENA,,,,,
geem_tabasco,gregorioefrainespadasmendez_tabasco,Gregorio Efrain Espadas Mendez,Licenciatura,Diputado Propietario,Mayoria Relativa,26/10/1948,Tabasco,Distrito:3,NO,MORENA,,,,,
grs_ciudad de mexico,guadaluperamossotelo_ciudad de mexico,Guadalupe Ramos Sotelo,Técnico,Diputada Propietario,Mayoria Relativa,01/02/1974,Ciudad de Mexico,Distrito:24,SI,MORENA,Ciencias de la salud,,,,
grr_jalisco,guadaluperomoromo_jalisco,Guadalupe Romo Romo,Secundaria,Diputado Propietario,Mayoria Relativa,22/03/1962,Jalisco,Distrito:3,SI,PAN,,,,,
gcm_mexico,gustavocontrerasmontes_mexico,Gustavo Contreras Montes,Pasante/Licenciatura trunca,Diputado Propietario,Mayoria Relativa,11/06/1980,Mexico,Distrito:8,SI,MORENA,Administración y contaduría,,,,
hgdjjym_puebla,hectorguillermodejesusjimenezymeneses_puebla,Hector Guillermo de Jesus Jimenez y Meneses,Licenciatura,Diputado Propietario,Mayoria Relativa,24/11/1945,Puebla,Distrito:13,SI,MORENA,,,,,
hjvg_tamaulipas,hectorjoelvillegasgonzalez_tamaulipas,Hector Joel Villegas Gonzalez,Licenciatura,Diputado Propietario,Mayoria Relativa,09/05/1979,Tamaulipas,Distrito:3,SI,PES,,,,,
hrca_baja california,hectorrenecruzaparicio_baja california,Hector Rene Cruz Aparicio,Maestría,Diputado Propietario,Mayoria Relativa,27/12/1982,Baja California,Distrito:8,SI,PES,,,,,
hsc_ciudad de mexico,hectorserranocortes_ciudad de mexico,Hector Serrano Cortes,Maestría,Diputado Propietario,Representacion proporcional,22/04/1962,Ciudad de Mexico,Circunscripcion:4,SI,PT,Derecho,,,,
hyl_veracruz,hectoryuneslanda_veracruz,Hector Yunes Landa,Maestría,Diputado Propietario,Representacion proporcional,27/10/1958,Veracruz,Circunscripcion:3,SI,PRI,,,,,
hmac_sonora,heribertomarceloaguilarcastillo_sonora,Heriberto Marcelo Aguilar Castillo,Licenciatura,Diputado Propietario,Mayoria Relativa,12/02/1975,Sonora,Distrito:4,SI,MORENA,Ingeniería,,,,
hsw_nuevo leon,hernansalinaswolberg_nuevo leon,Hernan Salinas Wolberg,Maestría,Diputado Propietario,Mayoria Relativa,01/04/1982,Nuevo Leon,Distrito:1,SI,PAN,Ciencias políticas y sociales,,,,
hpon_durango,hildapatriciaorteganajera_durango,Hilda Patricia Ortega Najera,Licenciatura,Diputada Propietario,Mayoria Relativa,10/08/1966,Durango,Distrito:4,SI,MORENA,Ciencias de la educación,,,,
hgm_sonora,hildelisagonzalezmorales_sonora,Hildelisa Gonzalez Morales,Profesor Normalista,Diputada Propietario,Mayoria Relativa,22/12/1956,Sonora,Distrito:7,SI,PT,,,,,
hmm_michoacan,hirepanmayamartinez_michoacan,Hirepan Maya Martinez,Secundaria,Diputado Propietario,Representacion proporcional,02/12/1977,Michoacan,Circunscripcion:5,SI,MORENA,,,,,
hdo_mexico,horacioduarteolivares_mexico,Horacio Duarte Olivares,Maestría,Diputado Propietario,Representacion proporcional,05/11/1971,Mexico,Circunscripcion:5,NO,MORENA,,,,,
hmlnq_jalisco,hortensiamarialuisanoronaquezada_jalisco,Hortensia Maria Luisa Noroña Quezada,Pasante/Licenciatura trunca,Diputada Propietario,Representacion proporcional,19/10/1976,Jalisco,Circunscripcion:1,SI,PRI,,,,,
hrrl_hidalgo,hugorafaelruizlustre_hidalgo,Hugo Rafael Ruiz Lustre,Maestría,Diputado Propietario,Representacion proporcional,22/08/1965,Hidalgo,Circunscripcion:5,SI,MORENA,Otra,,,,
hpm_chiapas,humbertopedreromoreno_chiapas,Humberto Pedrero Moreno,Licenciatura,Diputado Propietario,Mayoria Relativa,26/05/1986,Chiapas,Distrito:2,NO,MORENA,,,,,
irm_guerrero,idaliareyesmiguel_guerrero,Idalia Reyes Miguel,Maestría,Diputada Propietario,Representacion proporcional,15/08/1976,Guerrero,Circunscripcion:4,SI,MORENA,Ciencias de la educación,,,,
ibce_michoacan,ignaciobenjamincamposequihua_michoacan,Ignacio Benjamin Campos Equihua,Maestría,Diputado Propietario,Mayoria Relativa,12/05/1973,Michoacan,Distrito:9,SI,MORENA,,,,,
ivs_colima,indiravizcainosilva_colima,Indira Vizcaino Silva,Licenciatura,Diputada Propietario,Mayoria Relativa,14/01/1987,Colima,Distrito:2,NO,MORENA,,,,,
ipj_puebla,inesparrajuarez_puebla,Ines Parra Juarez,Licenciatura,Diputada Propietario,Mayoria Relativa,20/04/1978,Puebla,Distrito:4,SI,MORENA,Ciencias de la educación,,,,
ism_oaxaca,iransantiagomanuel_oaxaca,Iran Santiago Manuel,Maestría,Diputado Propietario,Representacion proporcional,04/03/1985,Oaxaca,Circunscripcion:3,SI,MORENA,Ciencias de la educación,,,,
idcbd_campeche,irasemadelcarmenbuenfildiaz_campeche,Irasema del Carmen Buenfil Diaz,Licenciatura,Diputada Propietario,Mayoria Relativa,22/08/1958,Campeche,Distrito:2,SI,PES,Ciencias de la educación,,,,
ime_oaxaca,irineomolinaespinoza_oaxaca,Irineo Molina Espinoza,Licenciatura,Diputado Propietario,Mayoria Relativa,13/06/1976,Oaxaca,Distrito:1,NO,MORENA,Otra,,,,
ijc_oaxaca,irmajuancarlos_oaxaca,Irma Juan Carlos,Maestría,Diputada Propietario,Mayoria Relativa,19/07/1977,Oaxaca,Distrito:2,SI,MORENA,Otra,,,,
imtv_sonora,irmamariateranvillalobos_sonora,Irma Maria Teran Villalobos,Licenciatura,Diputada Propietario,Representacion proporcional,12/11/1985,Sonora,Circunscripcion:1,SI,PES,Comunicación,,,,
imgv_nuevo leon,isabelmargaritaguerravillarreal_nuevo leon,Isabel Margarita Guerra Villarreal,Maestría,Diputada Propietario,Representacion proporcional,22/09/1975,Nuevo Leon,Circunscripcion:2,SI,PAN,Ciencias de la educación,,,,
igc_baja california sur,isaiasgonzalezcuevas_baja california sur,Isaias Gonzalez Cuevas,Secundaria,Diputado Propietario,Representacion proporcional,06/07/1940,Baja California Sur,Circunscripcion:1,NO,PRI,,,,,
iahd_durango,ismaelalfredohernandezderas_durango,Ismael Alfredo Hernandez Deras,Licenciatura,Diputado Propietario,Representacion proporcional,20/02/1964,Durango,Circunscripcion:1,SI,PRI,Administración y contaduría,,,,
itbp_jalisco,itzcoatltonatiuhbravopadilla_jalisco,Itzcoatl Tonatiuh Bravo Padilla,Doctorado,Diputado Propietario,Representacion proporcional,07/02/1960,Jalisco,Circunscripcion:1,SI,MC,,,,,
iapnr_michoacan,ivanarturopereznegronruiz_michoacan,Ivan Arturo Perez Negron ,Doctorado,Diputado Propietario,Mayoria Relativa,20/07/1974,Michoacan,Distrito:10,NO,MORENA,,,,,
iarr_mexico,ivanarturorodriguezrivera_mexico,Ivan Arturo Rodriguez Rivera,Doctorado,Diputado Propietario,Representacion proporcional,02/05/1974,Mexico,Circunscripcion:5,SI,PAN,,,,,
ilag_nuevo leon,ivonnelilianaalvarezgarcia_nuevo leon,Ivonne Liliana Alvarez Garcia,Licenciatura,Diputada Propietario,Representacion proporcional,25/04/1978,Nuevo Leon,Circunscripcion:2,NO,PRI,,,,,
jdca_mexico,jacobodavidchejaalfaro_mexico,Jacobo David Cheja Alfaro,Licenciatura,Diputado Propietario,Representacion proporcional,08/10/1965,Mexico,Circunscripcion:5,SI,MC,Administración y contaduría,,,,
jmj_zacatecas,jacquelinamartinezjuarez_zacatecas,Jacquelina Martinez Juarez,Licenciatura,Diputada Propietario,Representacion proporcional,26/05/1981,Zacatecas,Circunscripcion:2,SI,PAN,Comunicación,,,,
jhpb_veracruz,jaimehumbertoperezbernabe_veracruz,Jaime Humberto Perez Bernabe,Licenciatura,Diputado Propietario,Mayoria Relativa,15/04/1973,Veracruz,Distrito:6,SI,MORENA,Ingeniería,,,,
jmmc_guanajuato,janetmelaniemurillochavez_guanajuato,Janet Melanie Murillo Chavez,Licenciatura,Diputada Propietario,Mayoria Relativa,02/08/1981,Guanajuato,Distrito:9,NO,PAN,Derecho,,,,
jti_hidalgo,jannettellezinfante_hidalgo,Jannet Tellez Infante,Licenciatura,Diputada Propietario,Mayoria Relativa,08/01/1979,Hidalgo,Distrito:7,SI,MORENA,Ciencias de la educación,,,,
jahp_ciudad de mexico,javierarielhidalgoponce_ciudad de mexico,Javier Ariel Hidalgo Ponce,Licenciatura,Diputado Propietario,Mayoria Relativa,14/05/1960,Ciudad de Mexico,Distrito:10,SI,MORENA,Arquitectura y diseño,,,,
jjcp_baja california,javierjuliancastanedapomposo_baja california,Javier Julian Castañeda Pomposo,Licenciatura,Diputado Propietario,Mayoria Relativa,07/10/1967,Baja California,Distrito:6,SI,MORENA,,,,,
jms_guerrero,javiermanzanosalazar_guerrero,Javier Manzano Salazar,Profesor Normalista,Diputado Propietario,Mayoria Relativa,05/06/1963,Guerrero,Distrito:5,SI,MORENA,,,,,
jsn_mexico,javiersalinasnarvaez_mexico,Javier Salinas Narvaez,Doctorado,Diputado Propietario,Representacion proporcional,22/11/1965,Mexico,Circunscripcion:5,NO,MORENA,Ciencias políticas y sociales,,,,
jcvp_yucatan,jesuscarlosvidalpeniche_yucatan,Jesus Carlos Vidal Peniche,Licenciatura,Diputado Propietario,Mayoria Relativa,16/06/1976,Yucatan,Distrito:1,SI,PVEM,Ciencias de la educación,,,,
jfgh_sinaloa,jesusfernandogarciahernandez_sinaloa,Jesus Fernando Garcia Hernandez,Maestría,Diputado Propietario,Mayoria Relativa,30/05/1958,Sinaloa,Distrito:3,SI,PT,Ciencias de la educación,,,,
jga_veracruz,jesusguzmanaviles_veracruz,Jesus Guzman Aviles,Licenciatura,Diputado Propietario,Mayoria Relativa,25/12/1961,Veracruz,Distrito:2,NO,PAN,Ingeniería,,,,
jsmm_baja california,jesussalvadorminormora_baja california,Jesus Salvador Minor Mora,Licenciatura,Diputado Propietario,Mayoria Relativa,01/06/1951,Baja California,Distrito:1,SI,MORENA,Administración y contaduría,,,,
jsan_mexico,jesussergioalcantaranunez_mexico,Jesus Sergio Alcantara Nuñez,Doctorado,Diputado Propietario,Representacion proporcional,21/06/1965,Mexico,Circunscripcion:5,SI,PRI,Ciencias políticas y sociales,,,,
jdlapm_quintana roo,jesusdelosangelespoolmoo_quintana roo,Jesus de los Angeles Pool Moo,Licenciatura,Diputado Propietario,Mayoria Relativa,22/12/1969,Quintana Roo,Distrito:4,NO,PRD,,,,,
jagl_baja california,jorgealcibiadesgarcialara_baja california,Jorge Alcibiades Garcia Lara,Licenciatura,Diputado Propietario,Representacion proporcional,05/08/1969,Baja California,Circunscripcion:1,SI,MC,Derecho,,,,
jaav_morelos,jorgearturoarguellesvictorero_morelos,Jorge Arturo Arguelles Victorero,Licenciatura,Diputado Propietario,Mayoria Relativa,13/05/1981,Morelos,Distrito:4,SI,PES,Derecho,,,,
jaeg_guanajuato,jorgearturoespadasgalvan_guanajuato,Jorge Arturo Espadas Galvan,Maestría,Diputado Propietario,Mayoria Relativa,08/09/1975,Guanajuato,Distrito:11,SI,PAN,Derecho,,,,
jegm_quintana roo,jorgeemiliogonzalezmartinez_quintana roo,Jorge Emilio Gonzalez Martinez,Licenciatura,Diputado Propietario,Representacion proporcional,16/04/1972,Quintana Roo,Circunscripcion:3,SI,PVEM,,,,,
jers_sonora,jorgeeugeniorussosalido_sonora,Jorge Eugenio Russo Salido,Licenciatura,Diputado Propietario,Representacion proporcional,19/12/1969,Sonora,Circunscripcion:1,SI,MC,,,,,
jlmn_queretaro,jorgeluismontesnieves_queretaro,Jorge Luis Montes Nieves,Licenciatura,Diputado Propietario,Mayoria Relativa,14/01/1981,Queretaro,Distrito:2,SI,MORENA,Psicología,,,,
jlpr_colima,jorgeluispreciadorodriguez_colima,Jorge Luis Preciado Rodriguez,Licenciatura,Diputado Propietario,Representacion proporcional,09/08/1972,Colima,Circunscripcion:5,SI,PAN,Derecho,,,,
jrh_ciudad de mexico,jorgeromeroherrera_ciudad de mexico,Jorge Romero Herrera,Licenciatura,Diputado Propietario,Representacion proporcional,03/01/1979,Ciudad de Mexico,Circunscripcion:4,SI,PAN,Derecho,,,,
japh_coahuila,joseangelperezhernandez_coahuila,Jose Angel Perez Hernandez,Licenciatura,Diputado Propietario,Mayoria Relativa,01/03/1958,Coahuila,Distrito:6,NO,PT,,,,,
jdcgq_campeche,josedelcarmengomezquej_campeche,Jose Del Carmen Gomez Quej,Maestría,Diputado Propietario,Representacion proporcional,18/12/1957,Campeche,Circunscripcion:3,NO,PAN,Económico-financiera,,,,
jela_yucatan,joseeliaslixaabimerhi_yucatan,Jose Elias Lixa Abimerhi,Maestría,Diputado Propietario,Mayoria Relativa,28/02/1987,Yucatan,Distrito:4,SI,PAN,Otra,,,,
jgar_michoacan,joseguadalupeaguilerarojas_michoacan,Jose Guadalupe Aguilera Rojas,Profesor Normalista,Diputado Propietario,Mayoria Relativa,12/12/1971,Michoacan,Distrito:11,SI,PRD,,,,,
jgag_morelos,joseguadalupeambrociogachuz_morelos,Jose Guadalupe Ambrocio Gachuz,Licenciatura,Diputado Propietario,Mayoria Relativa,12/12/1960,Morelos,Distrito:5,SI,MORENA,Ciencias políticas y sociales,,,,
jgas_puebla,joseguillermoarechigasantamaria_puebla,Jose Guillermo Arechiga Santamaria,Maestría,Diputado Propietario,Mayoria Relativa,02/09/1958,Puebla,Distrito:9,NO,MORENA,Ciencias de la educación,,,,
jitr_zacatecas,joseisabeltrejoreyes_zacatecas,Jose Isabel Trejo Reyes,Licenciatura,Diputado Propietario,Representacion proporcional,09/04/1959,Zacatecas,Circunscripcion:2,SI,PAN,Administración y contaduría,,,,
jjms_sinaloa,josejaimemontessalas_sinaloa,Jose Jaime Montes Salas,Licenciatura,Diputado Propietario,Mayoria Relativa,20/02/1954,Sinaloa,Distrito:2,NO,MORENA,,,,,
jlef_chiapas,joseluiselorzaflores_chiapas,Jose Luis Elorza Flores,Licenciatura,Diputado Propietario,Mayoria Relativa,28/04/1973,Chiapas,Distrito:12,SI,MORENA,Ingeniería,,,,
jlgd_nuevo leon,joseluisgarciaduque_nuevo leon,Jose Luis Garcia Duque,Licenciatura,Diputado Propietario,Mayoria Relativa,08/11/1967,Nuevo Leon,Distrito:3,SI,PT,Administración y contaduría,,,,
jlml_mexico,joseluismontalvoluna_mexico,Jose Luis Montalvo Luna,Doctorado,Diputado Propietario,Mayoria Relativa,29/04/1960,Mexico,Distrito:39,SI,PT,Ciencias de la educación,,,,
jmlc_nuevo leon,josemartinlopezcisneros_nuevo leon,Jose Martin Lopez Cisneros,Maestría,Diputado Propietario,Mayoria Relativa,11/11/1972,Nuevo Leon,Distrito:10,SI,PAN,,,,,
jrcp_nayarit,joseramoncamberoperez_nayarit,Jose Ramon Cambero Perez,Licenciatura,Diputado Propietario,Representacion proporcional,27/06/1971,Nayarit,Circunscripcion:1,NO,PAN,Administración y contaduría,,,,
jrde_san luis potosi,josericardodelsolestrada_san luis potosi,Jose Ricardo Delsol Estrada,Secundaria,Diputado Propietario,Mayoria Relativa,29/03/1964,San Luis Potosi,Distrito:4,SI,MORENA,,,,,
jrgc_san luis potosi,josericardogallardocardona_san luis potosi,Jose Ricardo Gallardo Cardona,Licenciatura,Diputado Propietario,Mayoria Relativa,18/11/1980,San Luis Potosi,Distrito:2,NO,PVEM,Derecho,,,,
jrma_baja california sur,joserigobertomaresaguilar_baja california sur,Jose Rigoberto Mares Aguilar,Licenciatura,Diputado Propietario,Representacion proporcional,17/02/1981,Baja California Sur,Circunscripcion:1,SI,PAN,Comunicación,,,,
jsrq_tamaulipas,josesalvadorrosasquintanilla_tamaulipas,Jose Salvador Rosas Quintanilla,Licenciatura,Diputado Propietario,Mayoria Relativa,22/01/1961,Tamaulipas,Distrito:1,SI,PAN,Económico-financiera,,,,
jdllss_tlaxcala,josedelaluzsosasalinas_tlaxcala,Jose de la Luz Sosa Salinas,Técnico,Diputado Propietario,Mayoria Relativa,25/05/1966,Tlaxcala,Distrito:1,NO,PT,Otra,,,,
jsb_san luis potosi,josefinasalazarbaez_san luis potosi,Josefina Salazar Baez,Licenciatura,Diputada Propietario,Mayoria Relativa,29/01/1974,San Luis Potosi,Distrito:5,SI,PAN,Administración y contaduría,,,,
jabb_mexico,juanangelbautistabravo_mexico,Juan Angel Bautista Bravo,Maestría,Diputado Propietario,Mayoria Relativa,25/07/1981,Mexico,Distrito:31,SI,MORENA,Derecho,,,,
jcldlr_chihuahua,juancarlosloeradelarosa_chihuahua,Juan Carlos Loera De La Rosa,Maestría,Diputado Propietario,Representacion proporcional,27/04/1969,Chihuahua,Circunscripcion:1,NO,MORENA,,,,,
jcmm_guanajuato,juancarlosmunozmarquez_guanajuato,Juan Carlos Munoz Marquez,No disponible,Diputado Propietario,Representacion proporcional,30/11/1969,Guanajuato,Circunscripcion:2,NO,PAN,,,,,
jcrh_guanajuato,juancarlosromerohicks_guanajuato,Juan Carlos Romero Hicks,Maestría,Diputado Propietario,Mayoria Relativa,10/12/1955,Guanajuato,Distrito:4,SI,PAN,Ciencias políticas y sociales,,,,
jcvs_jalisco,juancarlosvillarrealsalazar_jalisco,Juan Carlos Villarreal Salazar,Maestría,Diputado Propietario,Mayoria Relativa,11/08/1974,Jalisco,Distrito:7,NO,SinPartido,,,,,
jefe_chiapas,juanenriquefarreraesponda_chiapas,Juan Enrique Farrera Esponda,Pasante/Licenciatura trunca,Diputado Propietario,Mayoria Relativa,21/03/1967,Chiapas,Distrito:10,SI,MORENA,Ciencias de la salud,,,,
jfee_nuevo leon,juanfranciscoespinozaeguia_nuevo leon,Juan Francisco Espinoza Eguia,Licenciatura,Diputado Propietario,Mayoria Relativa,10/11/1971,Nuevo Leon,Distrito:9,SI,PRI,Administración y contaduría,,,,
jfrs_jalisco,juanfranciscoramirezsalcido_jalisco,Juan Francisco Ramirez Salcido,Licenciatura,Diputado Propietario,Mayoria Relativa,25/03/1969,Jalisco,Distrito:14,SI,MC,,,,,
jirr_guanajuato,juanisraelramosruiz_guanajuato,Juan Israel Ramos Ruiz,Secundaria,Diputado Propietario,Representacion proporcional,29/04/1973,Guanajuato,Circunscripcion:2,SI,MORENA,,,,,
jjcp_yucatan,juanjosecanulperez_yucatan,Juan Jose Canul Perez,No disponible,Diputado Propietario,Mayoria Relativa,08/01/1972,Yucatan,Distrito:5,SI,PRI,,,,,
jmec_jalisco,juanmartinespinozacardenas_jalisco,Juan Martin Espinoza Cardenas,Licenciatura,Diputado Propietario,Mayoria Relativa,11/07/1972,Jalisco,Distrito:17,SI,MC,Administración y contaduría,,,,
jmf_veracruz,juanmartinezflores_veracruz,Juan Martinez Flores,Licenciatura,Diputado Propietario,Mayoria Relativa,03/04/1956,Veracruz,Distrito:16,SI,MORENA,Ciencias de la salud,,,,
jog_veracruz,juanortizguarneros_veracruz,Juan Ortiz Guarneros,Licenciatura,Diputado Propietario,Representacion proporcional,25/09/1953,Veracruz,Circunscripcion:3,SI,PRI,Ingeniería,,,,
jpsr_mexico,juanpablosanchezrodriguez_mexico,Juan Pablo Sanchez Rodriguez,Doctorado,Diputado Propietario,Mayoria Relativa,29/04/1979,Mexico,Distrito:20,SI,MORENA,Ciencias de la educación,,,,
jcl_mexico,juanacarrilloluna_mexico,Juana Carrillo Luna,Licenciatura,Diputada Propietario,Representacion proporcional,24/06/1963,Mexico,Circunscripcion:5,SI,MORENA,Ingeniería,,,,
jgm_morelos,juanitaguerramena_morelos,Juanita Guerra Mena,Maestría,Diputada Propietario,Mayoria Relativa,19/03/1983,Morelos,Distrito:3,SI,MORENA,Otra,,,,
jgz_michoacan,julietagarciazepeda_michoacan,Julieta Garcia Zepeda,Secundaria,Diputada Propietario,Representacion proporcional,20/03/1965,Michoacan,Circunscripcion:5,SI,MORENA,,,,,
jkvv_puebla,julietakristalvencesvalencia_puebla,Julieta Kristal Vences Valencia,Maestría,Diputada Propietario,Mayoria Relativa,24/10/1986,Puebla,Distrito:8,SI,MORENA,Derecho,,,,
jmr_ciudad de mexico,julietamaciasrabago_ciudad de mexico,Carmen Julieta Macias Rabago,Licenciatura,Diputada Propietario,Representacion proporcional,05/10/1971,Ciudad de Mexico,Circunscripcion:4,NO,MC,Comunicación,,,,
jca_veracruz,juliocarranzaareas_veracruz,Julio Carranza Areas,Pasante/Licenciatura trunca,Diputado Propietario,Representacion proporcional,14/03/1965,Veracruz,Circunscripcion:3,SI,MORENA,Ingeniería,,,,
jcam_hidalgo,juliocesarangelesmendoza_hidalgo,Julio Cesar Angeles Mendoza,Licenciatura,Diputado Propietario,Mayoria Relativa,24/10/1971,Hidalgo,Distrito:5,SI,MORENA,Ingeniería,,,,
jear_guanajuato,justinoeugenioarriagarojas_guanajuato,Justino Eugenio Arriaga Rojas,Maestría,Diputado Propietario,Mayoria Relativa,20/09/1979,Guanajuato,Distrito:8,SI,PAN,Derecho,,,,
kmgm_guanajuato,karenmichelgonzalezmarquez_guanajuato,Karen Michel Gonzalez Marquez,Licenciatura,Diputada Propietario,Mayoria Relativa,21/01/1988,Guanajuato,Distrito:7,SI,PAN,Económico-financiera,,,,
kyab_mexico,karlayuritzialmazanburgos_mexico,Karla Yuritzi Almazan Burgos,Licenciatura,Diputada Propietario,Mayoria Relativa,27/08/1974,Mexico,Distrito:38,SI,MORENA,Ciencias políticas y sociales,,,,
kacl_jalisco,katiaalejandracastillolozano_jalisco,Katia Alejandra Castillo Lozano,Técnico,Diputada Propietario,Representacion proporcional,20/10/1982,Jalisco,Circunscripcion:1,SI,MORENA,Otra,,,,
kake_jalisco,kehilaabigailkuescalante_jalisco,Kehila Abigail Ku Escalante,Maestría,Diputada Propietario,Mayoria Relativa,02/09/1985,Jalisco,Distrito:11,SI,MC,,,,,
larh_mexico,lauraangelicarojashernandez_mexico,Laura Angelica Rojas Hernandez,Maestría,Diputada Propietario,Representacion proporcional,26/12/1975,Mexico,Circunscripcion:5,SI,PAN,Ciencias políticas y sociales,,,,
lbf_mexico,laurabarrerafortoul_mexico,Laura Barrera Fortoul,Maestría,Diputada Propietario,Representacion proporcional,10/05/1976,Mexico,Circunscripcion:5,SI,PRI,Ciencias políticas y sociales,,,,
ledjgg_nuevo leon,lauraerikadejesusgarzagutierrez_nuevo leon,Laura Erika de Jesus Garza Gutierrez,Maestría,Diputada Propietario,Mayoria Relativa,19/08/1977,Nuevo Leon,Distrito:7,NO,PES,,,,,
lips_jalisco,lauraimeldaperezsegura_jalisco,Laura Imelda Perez Segura,Licenciatura,Diputada Propietario,Mayoria Relativa,30/05/1980,Jalisco,Distrito:16,SI,MORENA,,,,,
lmg_ciudad de mexico,lauramartinezgonzalez_ciudad de mexico,Laura Martinez Gonzalez,Preparatoria,Diputada Propietario,Representacion proporcional,15/01/1970,Ciudad de Mexico,Circunscripcion:4,SI,MORENA,,,,,
lpam_tabasco,laurapatriciaavalosmagana_tabasco,Laura Patricia Avalos Magaña,Licenciatura,Diputada Propietario,Mayoria Relativa,21/05/1974,Tabasco,Distrito:5,NO,MORENA,Derecho,,,,
lncc_san luis potosi,leninnelsoncamposcordova_san luis potosi,Lenin Nelson Campos Cordova,Licenciatura,Diputado Propietario,Representacion proporcional,08/08/1961,San Luis Potosi,Circunscripcion:2,SI,PRI,Derecho,,,,
laam_chiapas,leticiaarlettaguilarmolina_chiapas,Leticia Arlett Aguilar Molina,Pasante/Licenciatura trunca,Diputada Propietario,Mayoria Relativa,01/03/1958,Chiapas,Distrito:9,SI,MORENA,Comunicación,,,,
lda_ciudad de mexico,leticiadiazaguilar_ciudad de mexico,Leticia Diaz Aguilar,Pasante/Licenciatura trunca,Diputada Propietario,Representacion proporcional,20/03/1964,Ciudad de Mexico,Circunscripcion:4,SI,MORENA,Derecho,,,,
lmgo_mexico,leticiamarianagomezordaz_mexico,Leticia Mariana Gomez Ordaz,Maestría,Diputada Propietario,Representacion proporcional,06/03/1983,Mexico,Circunscripcion:5,SI,PVEM,Otra,,,,
lga_hidalgo,lidiagarciaanaya_hidalgo,Lidia Garcia Anaya,Maestría,Diputada Propietario,Mayoria Relativa,31/10/1957,Hidalgo,Distrito:6,SI,MORENA,Derecho,,,,
lnvh_san luis potosi,lidianallelyvargashernandez_san luis potosi,Lidia Nallely Vargas Hernandez,Técnico,Diputada Propietario,Representacion proporcional,03/08/1992,San Luis Potosi,Circunscripcion:2,SI,MORENA,,,,,
lvz_guanajuato,liliavillafuertezavala_guanajuato,Lilia Villafuerte Zavala,Maestría,Diputada Propietario,Mayoria Relativa,19/04/1963,Guanajuato,Distrito:10,SI,PVEM,Derecho,,,,
lml_baja california,lizbethmatalozano_baja california,Lizbeth Mata Lozano,Maestría,Diputada Propietario,Representacion proporcional,10/01/1984,Baja California,Circunscripcion:1,SI,PAN,Derecho,,,,
lagm_veracruz,lizethamayraniguerramendez_veracruz,Lizeth Amayrani Guerra Mendez,Pasante/Licenciatura trunca,Diputada Propietario,Representacion proporcional,18/01/1994,Veracruz,Circunscripcion:3,SI,MORENA,Administración y contaduría,,,,
lsg_puebla,lizethsanchezgarcia_puebla,Lizeth Sanchez Garcia,Licenciatura,Diputada Propietario,Mayoria Relativa,03/11/1976,Puebla,Distrito:5,NO,PT,,,,,
lcc_tlaxcala,lorenacuellarcisneros_tlaxcala,Lorena Cuellar Cisneros,Licenciatura,Diputada Propietario,Mayoria Relativa,20/02/1962,Tlaxcala,Distrito:3,NO,MORENA,,,,,
ldsja_jalisco,lorenadelsocorrojimenezandrade_jalisco,Lorena del Socorro Jimenez Andrade,Maestría,Diputada Propietario,Mayoria Relativa,21/10/1959,Jalisco,Distrito:5,SI,MORENA,Ciencias de la educación,,,,
livs_sonora,loreniaivethvallessampedro_sonora,Lorenia Iveth Valles Sampedro,Maestría,Diputada Propietario,Mayoria Relativa,18/12/1976,Sonora,Distrito:3,SI,MORENA,Ciencias políticas y sociales,,,,
lccg_jalisco,lourdesceleniacontrerasgonzalez_jalisco,Lourdes Celenia Contreras Gonzalez,Licenciatura,Diputada Propietario,Mayoria Relativa,29/12/1984,Jalisco,Distrito:13,SI,MC,,,,,
lesm_sinaloa,lourdeserikasanchezmartinez_sinaloa,Lourdes Erika Sanchez Martinez,Maestría,Diputada Propietario,Representacion proporcional,29/09/1980,Sinaloa,Circunscripcion:1,SI,PRI,,,,,
lfo_ciudad de mexico,luciafloresolivo_ciudad de mexico,Lucia Flores Olivo,Pasante/Licenciatura trunca,Diputada Propietario,Representacion proporcional,09/04/1965,Ciudad de Mexico,Circunscripcion:4,SI,MORENA,Administración y contaduría,,,,
lss_sinaloa,lucindasandovalsoberanes_sinaloa,Lucinda Sandoval Soberanes,Secundaria,Diputada Propietario,Representacion proporcional,18/02/1980,Sinaloa,Circunscripcion:1,SI,MORENA,,,,,
ldjj_ciudad de mexico,luciodejesusjimenez_ciudad de mexico,Lucio De Jesus Jimenez,Secundaria,Diputado Propietario,Representacion proporcional,15/12/1970,Ciudad de Mexico,Circunscripcion:4,SI,MORENA,,,,,
lepc_ciudad de mexico,lucioernestopalacioscordero_ciudad de mexico,Lucio Ernesto Palacios Cordero,Maestría,Diputado Propietario,Representacion proporcional,07/07/1977,Ciudad de Mexico,Circunscripcion:4,SI,MORENA,Ciencias políticas y sociales,,,,
lama_ciudad de mexico,luisalbertomendozaacevedo_ciudad de mexico,Luis Alberto Mendoza Acevedo,Pasante/Licenciatura trunca,Diputado Propietario,Mayoria Relativa,12/01/1980,Ciudad de Mexico,Distrito:15,SI,PAN,Ciencias políticas y sociales,,,,
lelcm_puebla,luiseleusisleonidascordovamoran_puebla,Luis Eleusis Leonidas Cordova Moran,Maestría,Diputado Propietario,Representacion proporcional,26/09/1949,Puebla,Circunscripcion:4,SI,PRI,Ciencias de la educación,,,,
lemv_mexico,luisenriquemartinezventura_mexico,Luis Enrique Martinez Ventura,Licenciatura,Diputado Propietario,Mayoria Relativa,19/08/1963,Mexico,Distrito:32,SI,PT,Arquitectura y diseño,,,,
lemn_mexico,luisenriquemirandanava_mexico,Luis Enrique Miranda Nava,Licenciatura,Diputado Propietario,Representacion proporcional,04/02/1965,Mexico,Circunscripcion:5,SI,PRI,Derecho,,,,
lfsf_coahuila,luisfernandosalazarfernandez_coahuila,Luis Fernando Salazar Fernandez,Maestría,Diputado Propietario,Mayoria Relativa,18/11/1977,Coahuila,Distrito:5,NO,MORENA,,,,,
ljas_quintana roo,luisjavieralegresalazar_quintana roo,Luis Javier Alegre Salazar,Licenciatura,Diputado Propietario,Representacion proporcional,04/02/1964,Quintana Roo,Circunscripcion:3,SI,MORENA,Ingeniería,,,,
lerm_ciudad de mexico,luzestefaniarosasmartinez_ciudad de mexico,Luz Estefania Rosas Martinez,Pasante/Licenciatura trunca,Diputada Propietario,Representacion proporcional,22/08/1995,Ciudad de Mexico,Circunscripcion:4,SI,MORENA,Comunicación,,,,
lebc_zacatecas,lyndianaelizabethbugarincortes_zacatecas,Lyndiana Elizabeth Bugarin Cortes,Licenciatura,Diputada Propietario,Mayoria Relativa,13/12/1988,Zacatecas,Distrito:2,SI,PVEM,Económico-financiera,,,,
meler_guanajuato,ma.eugenialeticiaespinosarivas_guanajuato,Ma. Eugenia Leticia Espinosa Rivas,Maestría,Diputada Propietario,Mayoria Relativa,28/11/1961,Guanajuato,Distrito:14,SI,PAN,Otra,,,,
mgap_san luis potosi,ma.guadalupealmaguerpardo_san luis potosi,Ma. Guadalupe Almaguer Pardo,No disponible,Diputada Propietario,Mayoria Relativa,26/08/1961,San Luis Potosi,Distrito:6,SI,PRD,,,,,
msrm_san luis potosi,ma.sararochamedina_san luis potosi,Ma. Sara Rocha Medina,Maestría,Diputada Propietario,Mayoria Relativa,09/10/1967,San Luis Potosi,Distrito:1,SI,PRI,Derecho,,,,
mdjgg_zacatecas,ma.dejesusgarciaguardado_zacatecas,Ma. de Jesus Garcia Guardado,Licenciatura,Diputada Propietario,Representacion proporcional,03/04/1959,Zacatecas,Circunscripcion:2,SI,MORENA,Ciencias de la educación,,,,
mdlaad_guanajuato,ma.delosangelesayaladiaz_guanajuato,Ma. de los Angeles Ayala Diaz,Maestría,Diputada Propietario,Mayoria Relativa,02/08/1963,Guanajuato,Distrito:3,SI,PAN,Administración y contaduría,,,,
mdccl_guerrero,ma.delcarmencabreralagunas_guerrero,Ma. del Carmen Cabrera Lagunas,Licenciatura,Diputada Propietario,Mayoria Relativa,30/12/1971,Guerrero,Distrito:3,SI,PES,,,,,
mdpom_guanajuato,ma.delpilarortegamartinez_guanajuato,Ma. del Pilar Ortega Martinez,Maestría,Diputada Propietario,Mayoria Relativa,29/06/1968,Guanajuato,Distrito:6,NO,PAN,Ciencias políticas y sociales,,,,
mba_sonora,madeleinebonnafouxalcaraz_sonora,Madeleine Bonnafoux Alcaraz,Licenciatura,Diputada Propietario,Representacion proporcional,31/01/1979,Sonora,Circunscripcion:1,SI,PAN,Derecho,,,,
mmggm_puebla,maiellamarthagabrielagomezmaldonado_puebla,Maiella Martha Gabriela Gomez Maldonado,Licenciatura,Diputada Propietario,Mayoria Relativa,26/09/1974,Puebla,Distrito:2,SI,MC,Ciencias de la salud,,,,
mgv_veracruz,manuelgomezventura_veracruz,Manuel Gomez Ventura,Licenciatura,Diputado Propietario,Representacion proporcional,10/11/1966,Veracruz,Circunscripcion:3,SI,MORENA,Administración y contaduría,,,,
mhm_guerrero,manuelhuertamartinez_guerrero,Manuel Huerta Martinez,Licenciatura,Diputado Propietario,Representacion proporcional,02/12/1963,Guerrero,Circunscripcion:4,SI,PT,Ciencias de la salud,,,,
mlh_veracruz,manuellimonhernandez_veracruz,Manuel Limon Hernandez,Preparatoria,Diputado Propietario,Representacion proporcional,10/01/1946,Veracruz,Circunscripcion:3,NO,PRI,,,,,
mlc_sonora,manuellopezcastillo_sonora,Manuel Lopez Castillo,Licenciatura,Diputado Propietario,Representacion proporcional,12/02/1948,Sonora,Circunscripcion:1,SI,MORENA,Derecho,,,,
mrg_tabasco,manuelrodriguezgonzalez_tabasco,Manuel Rodriguez Gonzalez,Maestría,Diputado Propietario,Mayoria Relativa,26/10/1966,Tabasco,Distrito:4,SI,MORENA,Derecho,,,,
mdjba_sonora,manueldejesusbaldenebroarredondo_sonora,Manuel de Jesus Baldenebro Arredondo,Licenciatura,Diputado Propietario,Mayoria Relativa,13/05/1962,Sonora,Distrito:1,SI,PES,,,,,
mdcon_chiapas,manueladelcarmenobradornarvaez_chiapas,Manuela del Carmen Obrador Narvaez,Licenciatura,Diputada Propietario,Mayoria Relativa,12/06/1971,Chiapas,Distrito:1,SI,MORENA,Económico-financiera,,,,
mgvg_mexico,marcelaguillerminavelascogonzalez_mexico,Marcela Guillermina Velasco Gonzalez,Maestría,Diputada Propietario,Representacion proporcional,25/06/1952,Mexico,Circunscripcion:5,SI,PRI,Administración y contaduría,,,,
mrh_san luis potosi,marcelinoriverahernandez_san luis potosi,Marcelino Rivera Hernandez,Licenciatura,Diputado Propietario,Mayoria Relativa,26/04/1984,San Luis Potosi,Distrito:7,SI,PAN,Derecho,,,,
maac_morelos,marcoantonioadamecastillo_morelos,Marco Antonio Adame Castillo,Maestría,Diputado Propietario,Representacion proporcional,06/12/1960,Morelos,Circunscripcion:4,NO,PAN,Administración y contaduría,,,,
maaz_chiapas,marcoantonioandradezavala_chiapas,Marco Antonio Andrade Zavala,Maestría,Diputado Propietario,Representacion proporcional,17/11/1972,Chiapas,Circunscripcion:3,SI,MORENA,Derecho,,,,
macm_sonora,marcoantoniocarbajalmiranda_sonora,Marco Antonio Carbajal Miranda,Preparatoria,Diputado Propietario,Representacion proporcional,26/09/1959,Sonora,Circunscripcion:1,SI,MORENA,,,,,
maga_sinaloa,marcoantoniogomezalcantar_sinaloa,Marco Antonio Gomez Alcantar,Licenciatura,Diputado Propietario,Representacion proporcional,18/04/1972,Sinaloa,Circunscripcion:1,SI,PVEM,Derecho,,,,
magr_mexico,marcoantoniogonzalezreyes_mexico,Marco Antonio Gonzalez Reyes,Licenciatura,Diputado Propietario,Representacion proporcional,07/11/1980,Mexico,Circunscripcion:5,SI,MORENA,Psicología,,,,
mamp_veracruz,marcoantoniomedinaperez_veracruz,Marco Antonio Medina Perez,Pasante/Licenciatura trunca,Diputado Propietario,Representacion proporcional,17/12/1958,Veracruz,Circunscripcion:3,SI,MORENA,Económico-financiera,,,,
marc_mexico,marcoantonioreyescolin_mexico,Marco Antonio Reyes Colin,Licenciatura,Diputado Propietario,Mayoria Relativa,18/05/1981,Mexico,Distrito:40,SI,MORENA,Derecho,,,,
mav_queretaro,marcosaguilarvega_queretaro,Marcos Aguilar Vega,Maestría,Diputado Propietario,Representacion proporcional,05/07/1972,Queretaro,Circunscripcion:2,SI,PAN,Derecho,,,,
mfs_nayarit,margaritafloressanchez_nayarit,Margarita Flores Sanchez,Preparatoria,Diputada Propietario,Representacion proporcional,10/12/1961,Nayarit,Circunscripcion:1,SI,PRI,,,,,
mgg_oaxaca,margaritagarciagarcia_oaxaca,Margarita Garcia Garcia,Licenciatura,Diputada Propietario,Mayoria Relativa,26/01/1966,Oaxaca,Distrito:3,SI,PT,Derecho,,,,
mamc_queretaro,mariaalemanmunozcastillo_queretaro,Maria Aleman Muñoz Castillo,Maestría,Diputada Propietario,Representacion proporcional,14/04/1990,Queretaro,Circunscripcion:2,SI,PRI,Ciencias políticas y sociales,,,,
mblc_ciudad de mexico,mariabeatrizlopezchavez_ciudad de mexico,Maria Beatriz Lopez Chavez,Licenciatura,Diputada Propietario,Representacion proporcional,18/08/1973,Ciudad de Mexico,Circunscripcion:4,SI,MORENA,Ciencias políticas y sociales,,,,
mbes_veracruz,mariaberthaespinozasegura_veracruz,Maria Bertha Espinoza Segura,Pasante/Licenciatura trunca,Diputada Propietario,Mayoria Relativa,15/11/1957,Veracruz,Distrito:3,SI,MORENA,Administración y contaduría,,,,
mcp_michoacan,mariachavezperez_michoacan,Maria Chavez Perez,Maestría,Diputada Propietario,Representacion proporcional,15/08/1963,Michoacan,Circunscripcion:5,SI,MORENA,Administración y contaduría,,,,
mdrga_veracruz,mariadelrosarioguzmanaviles_veracruz,Maria Del Rosario Guzman Aviles,Licenciatura,Diputada Propietario,Representacion proporcional,20/11/1963,Veracruz,Circunscripcion:3,NO,PAN,Ingeniería,,,,
medg_mexico,mariaelizabethdiazgarcia_mexico,Maria Elizabeth Diaz Garcia,Preparatoria,Diputada Propietario,Mayoria Relativa,10/02/1971,Mexico,Distrito:13,SI,MORENA,,,,,
meam_yucatan,mariaesteralonzomorales_yucatan,Maria Ester Alonzo Morales,Preparatoria,Diputada Propietario,Mayoria Relativa,15/01/1959,Yucatan,Distrito:2,SI,PRI,,,,,
memc_chihuahua,mariaesthermejiacruz_chihuahua,Maria Esther Mejia Cruz,Licenciatura,Diputada Propietario,Mayoria Relativa,08/07/1956,Chihuahua,Distrito:1,SI,MORENA,Económico-financiera,,,,
mehp_mexico,mariaeugeniahernandezperez_mexico,Maria Eugenia Hernandez Perez,Maestría,Diputada Propietario,Mayoria Relativa,20/03/1961,Mexico,Distrito:11,SI,MORENA,Ciencias políticas y sociales,,,,
mgpm_nayarit,mariageraldineponcemendez_nayarit,Maria Geraldine Ponce Mendez,Licenciatura,Diputada Propietario,Mayoria Relativa,04/04/1994,Nayarit,Distrito:2,SI,MORENA,,,,,
mgeco_mexico,mariaguadalupeedithcastanedaortiz_mexico,Maria Guadalupe Edith Castañeda Ortiz,Doctorado,Diputada Propietario,Representacion proporcional,12/12/1965,Mexico,Circunscripcion:5,SI,MORENA,Humanidades,,,,
mgra_mexico,mariaguadaluperomanavila_mexico,Maria Guadalupe Roman Avila,Técnico,Diputada Propietario,Mayoria Relativa,24/02/1973,Mexico,Distrito:17,SI,MORENA,Administración y contaduría,,,,
mgam_nuevo leon,mariaguillerminaalvaradomoreno_nuevo leon,Maria Guillermina Alvarado Moreno,Maestría,Diputada Propietario,Mayoria Relativa,26/12/1968,Nuevo Leon,Distrito:2,SI,MORENA,Ciencias políticas y sociales,,,,
miam_hidalgo,mariaisabelalfaromorales_hidalgo,Maria Isabel Alfaro Morales,Preparatoria,Diputada Propietario,Mayoria Relativa,24/02/1966,Hidalgo,Distrito:4,SI,MORENA,,,,,
mlga_jalisco,marialibiergonzalezanaya_jalisco,Maria Libier Gonzalez Anaya,Maestría,Diputada Propietario,Representacion proporcional,27/03/1954,Jalisco,Circunscripcion:1,SI,MC,Ciencias de la educación,,,,
mlsm_colima,marialiduvinasandovalmendoza_colima,Maria Liduvina Sandoval Mendoza,Maestría,Diputada Propietario,Representacion proporcional,24/01/1976,Colima,Circunscripcion:5,SI,PAN,Ciencias políticas y sociales,,,,
mlsp_puebla,marialucerosaldanaperez_puebla,Maria Lucero Saldaña Perez,Doctorado,Diputada Propietario,Representacion proporcional,18/01/1957,Puebla,Circunscripcion:4,SI,PRI,Otra,,,,
mlvs_san luis potosi,marialuisavelozsilva_san luis potosi,Maria Luisa Veloz Silva,No disponible,Diputada Propietario,Representacion proporcional,26/08/1956,San Luis Potosi,Circunscripcion:2,NO,MORENA,,,,,
mmtp_queretaro,mariamarcelatorrespeimbert_queretaro,Maria Marcela Torres Peimbert,Maestría,Diputada Propietario,Representacion proporcional,07/10/1961,Queretaro,Circunscripcion:2,NO,PAN,Ciencias de la educación,,,,
mmsb_hidalgo,mariamarivelsolisbarrera_hidalgo,Maria Marivel Solis Barrera,Licenciatura,Diputada Propietario,Representacion proporcional,03/01/1959,Hidalgo,Circunscripcion:5,SI,MORENA,,,,,
mrjp_chiapas,mariaroseliajimenezperez_chiapas,Maria Roselia Jimenez Perez,Licenciatura,Diputada Propietario,Mayoria Relativa,30/08/1959,Chiapas,Distrito:8,SI,PT,Ciencias de la educación,,,,
mr_ciudad de mexico,mariarosete_ciudad de mexico,Maria Rosete Sanchez,Licenciatura,Diputada Propietario,Mayoria Relativa,12/03/1960,Ciudad de Mexico,Distrito:8,SI,PT,Derecho,,,,
mtlp_jalisco,mariateresalopezperez_jalisco,Maria Teresa Lopez Perez,Maestría,Diputada Propietario,Representacion proporcional,30/12/1940,Jalisco,Circunscripcion:1,SI,MORENA,Humanidades,,,,
mtmm_mexico,mariateresamarumejia_mexico,Maria Teresa Maru Mejia,Pasante/Licenciatura trunca,Diputada Propietario,Mayoria Relativa,29/10/1958,Mexico,Distrito:3,SI,PT,Administración y contaduría,,,,
mtrrmr_mexico,mariateresarebecarosamorarios_mexico,Maria Teresa Rebeca Rosa Mora Rios,Licenciatura,Diputada Propietario,Mayoria Relativa,11/05/1952,Mexico,Distrito:22,SI,MORENA,Ingeniería,,,,
mwbz_sonora,mariawendybricenozuloaga_sonora,Maria Wendy Briceño Zuloaga,Maestría,Diputada Propietario,Mayoria Relativa,15/09/1978,Sonora,Distrito:5,SI,MORENA,Ciencias políticas y sociales,,,,
mdlagv_chihuahua,mariadelosangelesgutierrezvaldez_chihuahua,Maria de los Angeles Gutierrez Valdez,Licenciatura,Diputada Propietario,Mayoria Relativa,08/03/1962,Chihuahua,Distrito:9,SI,PAN,Ciencias de la educación,,,,
mdlahdr_mexico,mariadelosangeleshuertadelrio_mexico,Maria de los Angeles Huerta del Rio,Maestría,Diputada Propietario,Mayoria Relativa,10/08/1962,Mexico,Distrito:24,SI,MORENA,Ciencias políticas y sociales,,,,
mdcbp_oaxaca,mariadelcarmenbautistapelaez_oaxaca,Maria del Carmen Bautista Pelaez,Licenciatura,Diputada Propietario,Mayoria Relativa,04/04/1991,Oaxaca,Distrito:9,SI,MORENA,Derecho,,,,
mdrmg_guerrero,mariadelrosariomerlingarcia_guerrero,Maria del Rosario Merlin Garcia,Maestría,Diputada Propietario,Mayoria Relativa,01/11/1964,Guerrero,Distrito:9,SI,MORENA,,,,,
mdgr_veracruz,marianadunyaskagarciarojas_veracruz,Mariana Dunyaska Garcia Rojas,Maestría,Diputada Propietario,Mayoria Relativa,29/10/1974,Veracruz,Distrito:12,SI,PAN,Otra,,,,
mrmyt_tamaulipas,marianarodriguezmieryteran_tamaulipas,Mariana Rodriguez Mier y Teran,Maestría,Diputada Propietario,Representacion proporcional,01/06/1976,Tamaulipas,Circunscripcion:2,SI,PRI,Derecho,,,,
mac_durango,maribelaguilerachairez_durango,Maribel Aguilera Chairez,Licenciatura,Diputada Propietario,Mayoria Relativa,20/12/1977,Durango,Distrito:3,SI,MORENA,Derecho,,,,
mmr_oaxaca,maribelmartinezruiz_oaxaca,Maribel Martinez Ruiz,Maestría,Diputada Propietario,Representacion proporcional,30/10/1972,Oaxaca,Circunscripcion:3,SI,PT,Psicología,,,,
mrg_chiapas,maricruzroblerogordillo_chiapas,Maricruz Roblero Gordillo,Licenciatura,Diputada Propietario,Mayoria Relativa,26/10/1966,Chiapas,Distrito:13,SI,PT,Ciencias de la educación,,,,
mdpao_baja california,marinadelpilaravilaolmeda_baja california,Marina del Pilar Avila Olmeda,Maestría,Diputada Propietario,Mayoria Relativa,19/10/1985,Baja California,Distrito:2,NO,MORENA,,,,,
mart_tamaulipas,marioalbertoramostamez_tamaulipas,Mario Alberto Ramos Tamez,Maestría,Diputado Propietario,Mayoria Relativa,03/04/1986,Tamaulipas,Distrito:5,SI,PAN,,,,,
marc_jalisco,marioalbertorodriguezcarrillo_jalisco,Mario Alberto Rodriguez Carrillo,Doctorado,Diputado Propietario,Mayoria Relativa,14/03/1967,Jalisco,Distrito:4,SI,MC,Ciencias de la educación,,,,
mdc_ciudad de mexico,mariodelgadocarrillo_ciudad de mexico,Mario Delgado Carrillo,Maestría,Diputado Propietario,Mayoria Relativa,17/06/1972,Ciudad de Mexico,Distrito:13,NO,MORENA,,,,,
mimg_baja california,marioismaelmorenogil_baja california,Mario Ismael Moreno Gil,Pasante/Licenciatura trunca,Diputado Propietario,Mayoria Relativa,17/06/1948,Baja California,Distrito:5,SI,MORENA,Arquitectura y diseño,,,,
mmc_chihuahua,mariomatacarrasco_chihuahua,Mario Mata Carrasco,Licenciatura,Diputado Propietario,Mayoria Relativa,20/03/1962,Chihuahua,Distrito:5,SI,PAN,Ingeniería,,,,
mazm_jalisco,marthaangelicazamudiomacias_jalisco,Martha Angelica Zamudio Macias,Pasante/Licenciatura trunca,Diputada Propietario,Representacion proporcional,24/02/1957,Jalisco,Circunscripcion:1,SI,MC,Administración y contaduría,,,,
megg_nayarit,marthaelenagarciagomez_nayarit,Martha Elena Garcia Gomez,Técnico,Diputada Propietario,Representacion proporcional,03/05/1945,Nayarit,Circunscripcion:1,NO,PAN,Administración y contaduría,,,,
mege_aguascalientes,marthaelisagonzalezestrada_aguascalientes,Martha Elisa Gonzalez Estrada,Maestría,Diputada Propietario,Mayoria Relativa,29/01/1977,Aguascalientes,Distrito:3,SI,PAN,,,,,
merc_jalisco,marthaestelaromocuellar_jalisco,Martha Estela Romo Cuellar,Licenciatura,Diputada Propietario,Mayoria Relativa,14/03/1985,Jalisco,Distrito:2,SI,PAN,Ciencias de la salud,,,,
mhgc_coahuila,marthahortenciagaraycadena_coahuila,Martha Hortencia Garay Cadena,Técnico,Diputada Propietario,Mayoria Relativa,03/04/1955,Coahuila,Distrito:4,NO,PRI,Otra,,,,
mogv_durango,marthaoliviagarciavidana_durango,Martha Olivia Garcia Vidaña,Licenciatura,Diputada Propietario,Mayoria Relativa,04/05/1969,Durango,Distrito:1,SI,MORENA,Ingeniería,,,,
mprl_baja california,marthapatriciaramirezlucero_baja california,Martha Patricia Ramirez Lucero,Licenciatura,Diputada Propietario,Representacion proporcional,03/09/1952,Baja California,Circunscripcion:1,NO,MORENA,Derecho,,,,
mro_mexico,martharoblesortiz_mexico,Martha Robles Ortiz,No disponible,Diputada Propietario,Mayoria Relativa,25/04/1962,Mexico,Distrito:29,SI,MORENA,,,,,
mtm_ciudad de mexico,marthataglemartinez_ciudad de mexico,Martha Tagle Martinez,Licenciatura,Diputada Propietario,Representacion proporcional,26/11/1973,Ciudad de Mexico,Circunscripcion:4,NO,MC,Ciencias políticas y sociales,,,,
mcy_san luis potosi,martinacazarezyanez_san luis potosi,Martina Cazarez Yañez,No disponible,Diputada Propietario,Representacion proporcional,07/03/1970,San Luis Potosi,Circunscripcion:2,SI,MORENA,,,,,
mcbm_michoacan,marycarmenbernalmartinez_michoacan,Mary Carmen Bernal Martinez,Licenciatura,Diputada Propietario,Mayoria Relativa,24/08/1984,Michoacan,Distrito:3,SI,PT,Derecho,,,,
matg_ciudad de mexico,mauricioalonsotoledogutierrez_ciudad de mexico,Mauricio Alonso Toledo Gutierrez,Licenciatura,Diputado Propietario,Representacion proporcional,19/06/1980,Ciudad de Mexico,Circunscripcion:4,SI,PT,Derecho,,,,
mac_ciudad de mexico,maximinoalejandrocandelaria_ciudad de mexico,Maximino Alejandro Candelaria,Secundaria,Diputado Propietario,Representacion proporcional,08/01/1977,Ciudad de Mexico,Circunscripcion:4,SI,MORENA,,,,,
mnfz_coahuila,melbaneliafariaszambrano_coahuila,Melba Nelia Farias Zambrano,Licenciatura,Diputada Propietario,Mayoria Relativa,06/07/1955,Coahuila,Distrito:3,SI,MORENA,Ciencias de la salud,,,,
mvs_sinaloa,meraryvillegassanchez_sinaloa,Merary Villegas Sanchez,Pasante/Licenciatura trunca,Diputado Propietario,Mayoria Relativa,20/04/1987,Sinaloa,Distrito:7,SI,MORENA,,,,,
mag_puebla,miguelacundogonzalez_puebla,Miguel Acundo Gonzalez,No disponible,Diputado Propietario,Mayoria Relativa,29/09/1961,Puebla,Distrito:1,NO,PES,,,,,
marb_chihuahua,miguelalonsoriggsbaeza_chihuahua,Miguel Alonso Riggs Baeza,Maestría,Diputado Propietario,Mayoria Relativa,27/10/1975,Chihuahua,Distrito:6,SI,PAN,Administración y contaduría,,,,
mach_guanajuato,miguelangelchicoherrera_guanajuato,Miguel Angel Chico Herrera,Licenciatura,Diputado Propietario,Representacion proporcional,17/03/1961,Guanajuato,Circunscripcion:2,SI,MORENA,Derecho,,,,
majmdo_ciudad de mexico,miguelangeljaureguimontesdeoca_ciudad de mexico,Miguel Angel Jauregui Montes de Oca,Licenciatura,Diputado Propietario,Mayoria Relativa,19/02/1975,Ciudad de Mexico,Distrito:3,SI,MORENA,Ciencias políticas y sociales,,,,
mamg_jalisco,miguelangelmarquezgonzalez_jalisco,Miguel Angel Marquez Gonzalez,Licenciatura,Diputado Propietario,Representacion proporcional,21/10/1962,Jalisco,Circunscripcion:1,SI,MORENA,Ciencias políticas y sociales,,,,
mpjv_nayarit,miguelpaveljarerovelazquez_nayarit,Miguel Pavel Jarero Velazquez,Licenciatura,Diputado Propietario,Mayoria Relativa,19/10/1977,Nayarit,Distrito:1,SI,MORENA,Económico-financiera,,,,
mpdls_chiapas,miguelpradodelossantos_chiapas,Miguel Prado de los Santos,Licenciatura,Diputado Propietario,Mayoria Relativa,19/01/1984,Chiapas,Distrito:7,SI,MORENA,Administración y contaduría,,,,
mcav_quintana roo,mildredconcepcionavilavera_quintana roo,Mildred Concepcion Avila Vera,Licenciatura,Diputada Propietario,Mayoria Relativa,05/12/1965,Quintana Roo,Distrito:3,SI,MORENA,Ciencias de la educación,,,,
mcpm_nayarit,miriamcitlallyperezmackintosh_nayarit,Miriam Citlally Perez Mackintosh,Técnico,Diputada Propietario,Representacion proporcional,20/11/1967,Nayarit,Circunscripcion:1,NO,MORENA,,,,,
mzmt_zacatecas,mirnazabeidamaldonadotapia_zacatecas,Mirna Zabeida Maldonado Tapia,Doctorado,Diputada Propietario,Mayoria Relativa,13/05/1969,Zacatecas,Distrito:1,SI,MORENA,Ciencias de la educación,,,,
mcm_mexico,miroslavacarrillomartinez_mexico,Miroslava Carrillo Martinez,Doctorado,Diputada Propietario,Mayoria Relativa,05/05/1973,Mexico,Distrito:34,NO,MORENA,,,,,
msg_coahuila,miroslavasanchezgalvan_coahuila,Miroslava Sanchez Galvan,Licenciatura,Diputada Propietario,Representacion proporcional,10/08/1957,Coahuila,Circunscripcion:2,SI,MORENA,,,,,
miva_nayarit,mirthailianavillalvazoamaya_nayarit,Mirtha Iliana Villalvazo Amaya,Licenciatura,Diputada Propietario,Mayoria Relativa,02/12/1980,Nayarit,Distrito:3,SI,MORENA,,,,,
mimv_puebla,moisesignaciomiervelazco_puebla,Moises Ignacio Mier Velazco,Licenciatura,Diputado Propietario,Representacion proporcional,04/01/1961,Puebla,Circunscripcion:4,SI,MORENA,Administración y contaduría,,,,
mal_jalisco,monicaalmeidalopez_jalisco,Monica Almeida Lopez,Doctorado,Diputada Propietario,Mayoria Relativa,03/04/1970,Jalisco,Distrito:18,NO,PRD,,,,,
mbr_mexico,monicabautistarodriguez_mexico,Monica Bautista Rodriguez,No disponible,Diputada Propietario,Representacion proporcional,13/02/1976,Mexico,Circunscripcion:5,SI,PRD,,,,,
ncrh_mexico,nancyclaudiaresendizhernandez_mexico,Nancy Claudia Resendiz Hernandez,Maestría,Diputada Propietario,Mayoria Relativa,19/12/1977,Mexico,Distrito:41,SI,PES,Derecho,,,,
nysm_sinaloa,nancyyadirasantiagomarcos_sinaloa,Nancy Yadira Santiago Marcos,Licenciatura,Diputada Propietario,Mayoria Relativa,04/05/1980,Sinaloa,Distrito:5,SI,MORENA,,,,,
nafc_ciudad de mexico,nayeliarlenfernandezcruz_ciudad de mexico,Nayeli Arlen Fernandez Cruz,Maestría,Diputada Propietario,Representacion proporcional,16/01/1984,Ciudad de Mexico,Circunscripcion:4,SI,MORENA,Ciencias políticas y sociales,,,,
nsb_puebla,nayelisalvatoribojalil_puebla,Nayeli Salvatori Bojalil,Licenciatura,Diputada Propietario,Mayoria Relativa,26/08/1985,Puebla,Distrito:10,SI,PES,,,,,
nmc_puebla,nellymacedacarrera_puebla,Nelly Maceda Carrera,Técnico,Diputada Propietario,Mayoria Relativa,05/02/1979,Puebla,Distrito:14,SI,PT,Ciencias políticas y sociales,,,,
nmcg_mexico,nellyminervacarrascogodinez_mexico,Nelly Carrasco Godinez,Licenciatura,Diputada Propietario,Mayoria Relativa,16/03/1982,Mexico,Distrito:4,SI,MORENA,Otra,,,,
nah_tamaulipas,nohemialemanhernandez_tamaulipas,Nohemi Aleman Hernandez,Maestría,Diputada Propietario,Representacion proporcional,03/02/1982,Tamaulipas,Circunscripcion:2,SI,MORENA,,,,,
narz_veracruz,normaazucenarodriguezzamora_veracruz,Norma Azucena Rodriguez Zamora,Licenciatura,Diputada Propietario,Representacion proporcional,07/02/1986,Veracruz,Circunscripcion:3,NO,PRD,Ingeniería,,,,
ngs_aguascalientes,normaguelsaldivar_aguascalientes,Norma Guel Saldivar,Maestría,Diputada Propietario,Representacion proporcional,24/04/1981,Aguascalientes,Circunscripcion:2,SI,PRI,,,,,
ocm_sinaloa,olegariacarrazcomacias_sinaloa,Olegaria Carrazco Macias,Técnico,Diputada Propietario,Mayoria Relativa,12/04/1960,Sinaloa,Distrito:6,SI,MORENA,Ciencias de la salud,,,,
ojeg_tamaulipas,olgajulianaelizondoguerra_tamaulipas,Olga Juliana Elizondo Guerra,Licenciatura,Diputada Propietario,Mayoria Relativa,21/05/1965,Tamaulipas,Distrito:2,SI,PT,Administración y contaduría,,,,
opsr_tamaulipas,olgapatriciasosaruiz_tamaulipas,Olga Patricia Sosa Ruiz,Maestría,Diputada Propietario,Mayoria Relativa,22/09/1974,Tamaulipas,Distrito:8,SI,PES,,,,,
obv_san luis potosi,oscarbautistavillegas_san luis potosi,Oscar Bautista Villegas,Maestría,Diputado Propietario,Mayoria Relativa,06/02/1964,San Luis Potosi,Distrito:3,SI,PRI,Administración y contaduría,,,,
odmt_morelos,oscardanielmartinezterrazas_morelos,Oscar Daniel Martinez Terrazas,Licenciatura,Diputado Propietario,Representacion proporcional,17/01/1986,Morelos,Circunscripcion:4,SI,PAN,Administración y contaduría,,,,
ogy_mexico,oscargonzalezyanez_mexico,Oscar Gonzalez Yañez,Licenciatura,Diputado Propietario,Mayoria Relativa,06/10/1964,Mexico,Distrito:27,SI,PT,Económico-financiera,,,,
ornm_zacatecas,oscarrafaelnovellamacias_zacatecas,Oscar Rafael Novella Macias,Maestría,Diputado Propietario,Representacion proporcional,12/10/1984,Zacatecas,Circunscripcion:2,SI,MORENA,,,,,
pga_ciudad de mexico,pablogomezalvarez_ciudad de mexico,Pablo Gomez Alvarez,Licenciatura,Diputado Propietario,Mayoria Relativa,21/10/1946,Ciudad de Mexico,Distrito:23,SI,MORENA,Económico-financiera,,,,
pgab_campeche,pabloguillermoangulobriceno_campeche,Pablo Guillermo Angulo Briceño,Maestría,Diputado Propietario,Representacion proporcional,01/08/1990,Campeche,Circunscripcion:3,SI,PRI,Ciencias políticas y sociales,,,,
pta_veracruz,paolatenorioadame_veracruz,Paola Tenorio Adame,No disponible,Diputada Propietario,Mayoria Relativa,20/04/1966,Veracruz,Distrito:19,SI,MORENA,,,,,
pdcdlcd_chiapas,patriciadelcarmendelacruzdelucio_chiapas,Patricia del Carmen De la Cruz Delucio,Primaria,Diputada Propietario,Representacion proporcional,21/06/1971,Chiapas,Circunscripcion:3,SI,MORENA,,,,,
ptb_chihuahua,patriciaterrazasbaca_chihuahua,Patricia Terrazas Baca,Doctorado,Diputada Propietario,Representacion proporcional,26/09/1966,Chihuahua,Circunscripcion:1,SI,PAN,Derecho,,,,
pdas_mexico,pedrodanielabasolosanchez_mexico,Pedro Daniel Abasolo Sanchez,Secundaria,Diputado Propietario,Representacion proporcional,03/02/1991,Mexico,Circunscripcion:5,SI,PT,,,,,
pmzs_mexico,pedromariozentenosantaella_mexico,Pedro Mario Zenteno Santaella,Doctorado,Diputado Propietario,Mayoria Relativa,13/09/1960,Mexico,Distrito:37,NO,MORENA,,,,,
pptv_nuevo leon,pedropablotrevinovillarreal_nuevo leon,Pedro Pablo Treviño Villarreal,Maestría,Diputado Propietario,Representacion proporcional,13/06/1972,Nuevo Leon,Circunscripcion:2,SI,PRI,Ciencias políticas y sociales,,,,
pml_ciudad de mexico,porfiriomunozledo_ciudad de mexico,Porfirio Muñoz Ledo,Doctorado,Diputado Propietario,Representacion proporcional,23/07/1933,Ciudad de Mexico,Circunscripcion:4,SI,MORENA,Derecho,,,,
rhv_veracruz,rafaelhernandezvillalpando_veracruz,Rafael Hernandez Villalpando,Maestría,Diputado Propietario,Mayoria Relativa,08/11/1947,Veracruz,Distrito:10,SI,MORENA,Derecho,,,,
rbh_veracruz,raquelbonillaherrera_veracruz,Raquel Bonilla Herrera,Pasante/Licenciatura trunca,Diputada Propietario,Mayoria Relativa,17/03/1984,Veracruz,Distrito:5,NO,MORENA,Derecho,,,,
resbz_mexico,raulernestosanchezbarraleszavalza_mexico,Raul Ernesto Sanchez Barrales Zavalza,Licenciatura,Diputado Propietario,Mayoria Relativa,19/12/1971,Mexico,Distrito:15,SI,PT,Derecho,,,,
rgg_nuevo leon,raulgraciaguzman_nuevo leon,Raul Gracia Guzman,Licenciatura,Diputado Propietario,Representacion proporcional,20/02/1975,Nuevo Leon,Circunscripcion:2,NO,PAN,Derecho,,,,
rgg_guerrero,raymundogarciagutierrez_guerrero,Raymundo Garcia Gutierrez,Maestría,Diputado Propietario,Mayoria Relativa,04/07/1963,Guerrero,Distrito:6,NO,PRD,,,,,
rsf_michoacan,reginaldosandovalflores_michoacan,Reginaldo Sandoval Flores,Licenciatura,Diputado Propietario,Representacion proporcional,14/05/1967,Michoacan,Circunscripcion:5,SI,PT,Económico-financiera,,,,
rjc_guerrero,renejuarezcisneros_guerrero,Rene Juarez Cisneros,Licenciatura,Diputado Propietario,Representacion proporcional,08/06/1956,Guerrero,Circunscripcion:4,SI,PRI,Económico-financiera,,,,
rcao_michoacan,reynacelesteascencioortega_michoacan,Reyna Celeste Ascencio Ortega,Pasante/Licenciatura trunca,Diputada Propietario,Representacion proporcional,05/01/1993,Michoacan,Circunscripcion:5,SI,MORENA,Derecho,,,,
rac_mexico,ricardoaguilarcastillo_mexico,Ricardo Aguilar Castillo,Maestría,Diputado Propietario,Mayoria Relativa,05/08/1970,Mexico,Distrito:1,SI,PRI,Ciencias políticas y sociales,,,,
rdlpm_tabasco,ricardodelapenamarshall_tabasco,Ricardo De la Peña Marshall,Maestría,Diputado Propietario,Mayoria Relativa,17/02/1964,Tabasco,Distrito:6,SI,PES,Humanidades,,,,
rfs_nuevo leon,ricardofloressuarez_nuevo leon,Ricardo Flores Suarez,Licenciatura,Diputado Propietario,Mayoria Relativa,05/08/1977,Nuevo Leon,Distrito:4,NO,PAN,Derecho,,,,
rfez_veracruz,ricardofranciscoexsomezapata_veracruz,Ricardo Francisco Exsome Zapata,Licenciatura,Diputado Propietario,Mayoria Relativa,28/09/1963,Veracruz,Distrito:4,SI,MORENA,Ingeniería,,,,
rge_veracruz,ricardogarciaescalante_veracruz,Ricardo Garcia Escalante,Licenciatura,Diputado Propietario,Mayoria Relativa,02/05/1981,Veracruz,Distrito:1,SI,PAN,Administración y contaduría,,,,
rvg_guanajuato,ricardovillarrealgarcia_guanajuato,Ricardo Villarreal Garcia,Licenciatura,Diputado Propietario,Mayoria Relativa,12/04/1981,Guanajuato,Distrito:2,SI,PAN,Derecho,,,,
radr_mexico,robertoangeldominguezrodriguez_mexico,Roberto Angel Dominguez Rodriguez,Licenciatura,Diputado Propietario,Mayoria Relativa,27/01/1980,Mexico,Distrito:28,SI,MORENA,Derecho,,,,
rarm_chiapas,robertoantoniorubiomontejo_chiapas,Roberto Antonio Rubio Montejo,Licenciatura,Diputado Propietario,Mayoria Relativa,20/04/1977,Chiapas,Distrito:11,SI,PVEM,Derecho,,,,
rbb_ciudad de mexico,rociobarrerabadillo_ciudad de mexico,Rocio Barrera Badillo,Licenciatura,Diputada Propietario,Mayoria Relativa,01/10/1976,Ciudad de Mexico,Distrito:11,SI,MORENA,,,,,
rdpvm_ciudad de mexico,rociodelpilarvillarauzmartinez_ciudad de mexico,Rocio del Pilar Villarauz Martinez,Pasante/Licenciatura trunca,Diputada Propietario,Representacion proporcional,12/12/1977,Ciudad de Mexico,Circunscripcion:4,SI,MORENA,Ciencias políticas y sociales,,,,
rcs_veracruz,rodrigocalderonsalas_veracruz,Rodrigo Calderon Salas,Técnico,Diputado Propietario,Mayoria Relativa,05/04/1958,Veracruz,Distrito:7,NO,MORENA,Administración y contaduría,,,,
rh_yucatan,rogerherve(deceso)aguilarsalazar(protestapendiente)_yucatan,Roger Herve,No disponible,Diputado Propietario,Mayoria Relativa,12/09/1938,Yucatan,Distrito:3,NO,MORENA,,,,,
rlrv_chiapas,roqueluisrabelovelasco_chiapas,Roque Luis Rabelo Velasco,Preparatoria,Diputado Propietario,Mayoria Relativa,12/08/1944,Chiapas,Distrito:4,SI,MORENA,,,,,
rvc_veracruz,rosalbavalenciacruz_veracruz,Rosalba Valencia Cruz,Licenciatura,Diputada Propietario,Representacion proporcional,25/07/1965,Veracruz,Circunscripcion:3,SI,MORENA,Ciencias de la educación,,,,
rdf_oaxaca,rosalindadominguezflores_oaxaca,Rosalinda Dominguez Flores,Pasante/Licenciatura trunca,Diputada Propietario,Mayoria Relativa,06/09/1970,Oaxaca,Distrito:7,SI,MORENA,Otra,,,,
rcg_guerrero,rubencayetanogarcia_guerrero,Ruben Cayetano Garcia,Licenciatura,Diputado Propietario,Mayoria Relativa,10/08/1969,Guerrero,Distrito:8,NO,MORENA,Derecho,,,,
rimv_coahuila,rubenignaciomoreiravaldez_coahuila,Ruben Ignacio Moreira Valdez,Maestría,Diputado Propietario,Representacion proporcional,18/04/1963,Coahuila,Circunscripcion:2,SI,PRI,Ciencias políticas y sociales,,,,
rta_tlaxcala,rubenteranaguila_tlaxcala,Ruben Teran Aguila,Licenciatura,Diputado Propietario,Mayoria Relativa,09/08/1981,Tlaxcala,Distrito:2,SI,MORENA,Derecho,,,,
rsr_mexico,ruthsalinasreyes_mexico,Ruth Salinas Reyes,Maestría,Diputada Propietario,Representacion proporcional,19/02/1985,Mexico,Circunscripcion:5,SI,MC,Ciencias políticas y sociales,,,,
scm_morelos,samuelcalderonmedina_morelos,Samuel Calderon Medina,Profesor Normalista,Diputado Propietario,Representacion proporcional,27/12/1951,Morelos,Circunscripcion:4,SI,PES,,,,,
shc_zacatecas,samuelherrerachavez_zacatecas,Samuel Herrera Chavez,Maestría,Diputado Propietario,Mayoria Relativa,17/09/1954,Zacatecas,Distrito:4,SI,MORENA,Ciencias políticas y sociales,,,,
spgc_nuevo leon,sandrapaolagonzalezcastaneda_nuevo leon,Sandra Paola Gonzalez Castañeda,Doctorado,Diputada Propietario,Mayoria Relativa,31/03/1979,Nuevo Leon,Distrito:12,SI,MORENA,Derecho,,,,
sgs_nuevo leon,santiagogonzalezsoto_nuevo leon,Santiago Gonzalez Soto,Maestría,Diputado Propietario,Mayoria Relativa,25/06/1961,Nuevo Leon,Distrito:5,SI,PT,Comunicación,,,,
snc_guanajuato,sarainunezceron_guanajuato,Sarai Nuñez Ceron,Maestría,Diputada Propietario,Mayoria Relativa,17/04/1979,Guanajuato,Distrito:12,SI,PAN,Ciencias políticas y sociales,,,,
sab_chihuahua,sebastianaguilerabrenes_chihuahua,Sebastian Aguilera Brenes,Pasante/Licenciatura trunca,Diputado Propietario,Representacion proporcional,10/06/1995,Chihuahua,Circunscripcion:1,NO,MORENA,Derecho,,,,
sfab_guanajuato,sergiofernandoascenciobarba_guanajuato,Sergio Fernando Ascencio Barba,Maestría,Diputado Propietario,Mayoria Relativa,09/12/1977,Guanajuato,Distrito:15,NO,PAN,Otra,,,,
smb_ciudad de mexico,sergiomayerbreton_ciudad de mexico,Sergio Mayer Breton,Licenciatura,Diputado Propietario,Mayoria Relativa,21/05/1966,Ciudad de Mexico,Distrito:6,SI,MORENA,Administración y contaduría,,,,
sph_mexico,sergioperezhernandez_mexico,Sergio Perez Hernandez,Técnico,Diputado Propietario,Representacion proporcional,08/10/1977,Mexico,Circunscripcion:5,SI,MORENA,,,,,
sgu_tlaxcala,silvanogarayulloa_tlaxcala,Silvano Garay Ulloa,Licenciatura,Diputado Propietario,Representacion proporcional,10/02/1959,Tlaxcala,Circunscripcion:4,SI,PT,,,,,
sggg_coahuila,silviaguadalupegarzagalvan_coahuila,Silvia Guadalupe Garza Galvan,Licenciatura,Diputada Propietario,Representacion proporcional,05/07/1962,Coahuila,Circunscripcion:2,SI,PAN,Ciencias,,,,
slva_ciudad de mexico,silvialorenavillavicencioayala_ciudad de mexico,Silvia Lorena Villavicencio Ayala,Licenciatura,Diputada Propietario,Mayoria Relativa,12/06/1964,Ciudad de Mexico,Distrito:16,NO,MORENA,,,,,
sob_hidalgo,simeyolverabautista_hidalgo,Sandra Simey Olvera Bautista,Maestría,Diputada Propietario,Mayoria Relativa,20/08/1983,Hidalgo,Distrito:3,SI,MORENA,Comunicación,,,,
sbj_mexico,socorrobahenajimenez_mexico,Socorro Bahena Jimenez,Secundaria,Diputada Propietario,Representacion proporcional,10/08/1988,Mexico,Circunscripcion:5,SI,MORENA,,,,,
siag_baja california,socorroirmaandazolagomez_baja california,Socorro Irma Andazola Gomez,Licenciatura,Diputada Propietario,Mayoria Relativa,22/09/1964,Baja California,Distrito:4,SI,MORENA,Derecho,,,,
sra_queretaro,soniarochaacosta_queretaro,Sonia Rocha Acosta,Maestría,Diputada Propietario,Mayoria Relativa,30/03/1978,Queretaro,Distrito:1,SI,PAN,Ciencias políticas y sociales,,,,
spm_tabasco,sorayaperezmunguia_tabasco,Soraya Perez Munguia,Maestría,Diputada Propietario,Representacion proporcional,27/09/1977,Tabasco,Circunscripcion:3,SI,PRI,Administración y contaduría,,,,
sbcs_puebla,susanabeatrizcuaxiloaserrano_puebla,Susana Beatriz Cuaxiloa Serrano,Licenciatura,Diputada Propietario,Representacion proporcional,19/01/1952,Puebla,Circunscripcion:4,SI,MORENA,Ciencias de la educación,,,,
scg_mexico,susanacanogonzalez_mexico,Susana Cano Gonzalez,Técnico,Diputada Propietario,Representacion proporcional,02/06/1949,Mexico,Circunscripcion:5,SI,MORENA,Ciencias de la salud,,,,
svgc_aguascalientes,sylviavioletagarfiascedillo_aguascalientes,Sylvia Violeta Garfias Cedillo,Licenciatura,Diputada Propietario,Representacion proporcional,29/03/1975,Aguascalientes,Circunscripcion:2,SI,PAN,Comunicación,,,,
tcc_sinaloa,tatianaclouthiercarrillo_sinaloa,Tatiana Clouthier Carrillo,Licenciatura,Diputada Propietario,Representacion proporcional,12/08/1964,Sinaloa,Circunscripcion:1,NO,MORENA,,,,,
tmgc_oaxaca,teofilomanuelgarciacorpus_oaxaca,Teofilo Manuel Garcia Corpus,Maestría,Diputado Propietario,Representacion proporcional,06/02/1958,Oaxaca,Circunscripcion:3,SI,MORENA,Derecho,,,,
tbc_tabasco,teresaburelocortazar_tabasco,Teresa Burelo Cortazar,Técnico,Diputada Propietario,Mayoria Relativa,01/03/1956,Tabasco,Distrito:2,NO,MORENA,Administración y contaduría,,,,
tdjvm_chihuahua,teresitadejesusvargasmeraz_chihuahua,Teresita de Jesus Vargas Meraz,Pasante/Licenciatura trunca,Diputada Propietario,Mayoria Relativa,16/12/1989,Chihuahua,Distrito:2,SI,MORENA,Derecho,,,,
ugs_chihuahua,ulisesgarciasoto_chihuahua,Ulises Garcia Soto,Licenciatura,Diputado Propietario,Mayoria Relativa,29/03/1987,Chihuahua,Distrito:4,SI,MORENA,Psicología,,,,
ums_mexico,ulisesmurguiasoto_mexico,Ulises Murguia Soto,Licenciatura,Diputado Propietario,Mayoria Relativa,09/07/1963,Mexico,Distrito:19,SI,MORENA,Administración y contaduría,,,,
vrl_veracruz,valentinreyeslopez_veracruz,Valentin Reyes Lopez,No disponible,Diputado Propietario,Mayoria Relativa,13/02/1952,Veracruz,Distrito:17,SI,MORENA,,,,,
vbjp_jalisco,veronicabeatrizjuarezpina_jalisco,Veronica Beatriz Juarez Piña,Licenciatura,Diputada Propietario,Representacion proporcional,28/09/1971,Jalisco,Circunscripcion:1,SI,PRD,Derecho,,,,
vmsr_puebla,veronicamariasobradorodriguez_puebla,Veronica Maria Sobrado Rodriguez,Licenciatura,Diputada Propietario,Representacion proporcional,07/03/1970,Puebla,Circunscripcion:4,SI,PAN,Ciencias políticas y sociales,,,,
vrc_jalisco,veronicaramoscruz_jalisco,Veronica Ramos Cruz,Técnico,Diputada Propietario,Representacion proporcional,01/05/1985,Jalisco,Circunscripcion:1,SI,MORENA,,,,,
vaov_mexico,vicentealbertoonofrevazquez_mexico,Vicente Alberto Onofre Vazquez,Maestría,Diputado Propietario,Mayoria Relativa,06/04/1969,Mexico,Distrito:33,SI,MORENA,Derecho,,,,
vjvo_tamaulipas,vicentejavierverasteguiostos_tamaulipas,Vicente Javier Verastegui Ostos,Licenciatura,Diputado Propietario,Mayoria Relativa,03/09/1963,Tamaulipas,Distrito:6,SI,PAN,Ingeniería,,,,
vamw_guerrero,victoradolfomojicawences_guerrero,Victor Adolfo Mojica Wences,Licenciatura,Diputado Propietario,Mayoria Relativa,24/03/1958,Guerrero,Distrito:1,SI,MORENA,Ciencias de la salud,,,,
vbl_oaxaca,victorblaslopez_oaxaca,Victor Blas Lopez,Licenciatura,Diputado Propietario,Representacion proporcional,09/08/1965,Oaxaca,Circunscripcion:3,SI,MORENA,Ingeniería,,,,
vgvl_ciudad de mexico,victorgabrielvarelalopez_ciudad de mexico,Victor Gabriel Varela Lopez,Preparatoria,Diputado Propietario,Mayoria Relativa,20/04/1973,Ciudad de Mexico,Distrito:22,SI,MORENA,,,,,
vmpd_nuevo leon,victormanuelperezdiaz_nuevo leon,Victor Manuel Perez Diaz,Maestría,Diputado Propietario,Representacion proporcional,01/06/1969,Nuevo Leon,Circunscripcion:2,SI,PAN,,,,,
vmg_oaxaca,virginiamerinogarcia_oaxaca,Virginia Merino Garcia,Secundaria,Diputada Propietario,Representacion proporcional,11/01/1986,Oaxaca,Circunscripcion:3,SI,MORENA,,,,,
xaz_san luis potosi,xavierazuarazuniga_san luis potosi,Xavier Azuara Zuñiga,Licenciatura,Diputado Propietario,Representacion proporcional,16/09/1979,San Luis Potosi,Circunscripcion:2,SI,PAN,Administración y contaduría,,,,
xpdlm_colima,ximenapuentedelamora_colima,Ximena Puente De La Mora,Doctorado,Diputada Propietario,Representacion proporcional,12/03/1977,Colima,Circunscripcion:5,SI,PRI,Derecho,,,,
xnzr_mexico,xochitlnashiellyzagalramirez_mexico,Xochitl Nashielly Zagal Ramirez,Pasante/Licenciatura trunca,Diputada Propietario,Mayoria Relativa,28/05/1990,Mexico,Distrito:7,SI,MORENA,,,,,
ygb_michoacan,yolandaguerrerobarrera_michoacan,Yolanda Guerrero Barrera,Licenciatura,Diputada Propietario,Mayoria Relativa,21/02/1964,Michoacan,Distrito:5,SI,MORENA,Administración y contaduría,,,,
zov_veracruz,zairaochoavaldivia_veracruz,Zaira Ochoa Valdivia,Maestría,Diputada Propietario,Representacion proporcional,05/03/1973,Veracruz,Circunscripcion:3,SI,MORENA,Ciencias políticas y sociales,,,,
zara_chiapas,zoealejandrorobledoaburto_chiapas,Zoe Alejandro Robledo Aburto,Licenciatura,Diputado Propietario,Mayoria Relativa,09/01/1979,Chiapas,Distrito:6,NO,MORENA,,,,,
