inic_edo,nom_edo,nombre,tipo_elec,FechaNacimiento,suplente,edo,ent
fjln_aguascalientes,franciscojavierluevanonunez_aguascalientes,Dip. Francisco Javier Luevano Nunez,Mayoria Relativa,1979-07-01,Gustavo Armendariz Viramontes,Aguascalientes,Distrito:1
eltd_aguascalientes,elbalorenatorresdiaz_aguascalientes,Dip. Elba Lorena Torres Diaz (LICENCIA),Mayoria Relativa,1977-03-15,Haydee Hernandez Munoz,Aguascalientes,Distrito:2
mege_aguascalientes,marthaelisagonzalezestrada_aguascalientes,Dip. Martha Elisa Gonzalez Estrada (LICENCIA),Mayoria Relativa,1977-01-29,Claudia Patricia Torres Lopez(en funciones),Aguascalientes,Distrito:3
jsmm_baja california,jesussalvadorminormora_baja california,Dip. Jesus Salvador Minor Mora,Mayoria Relativa,1951-06-01,Juan Melendrez Espinoza,Baja California,Distrito:1
mdpao_baja california,marinadelpilaravilaolmeda_baja california,Dip. Marina del Pilar Avila Olmeda (LICENCIA),Mayoria Relativa,1985-10-19,Martha Lizeth Noriega Galaz(en funciones),Baja California,Distrito:2
arl_baja california,armandoreyesledesma_baja california,Dip. Armando Reyes Ledesma,Mayoria Relativa,1972-04-10,Christian Hiram Dunn Fitch,Baja California,Distrito:3
siag_baja california,socorroirmaandazolagomez_baja california,Dip. Socorro Irma Andazola Gomez,Mayoria Relativa,1964-09-22,Carlota Lara Guzman,Baja California,Distrito:4
mimg_baja california,marioismaelmorenogil_baja california,Dip. Mario Ismael Moreno Gil,Mayoria Relativa,1948-06-17,Luis Javier Algorri Franco,Baja California,Distrito:5
jjcp_baja california,javierjuliancastanedapomposo_baja california,Dip. Javier Julian Castaneda Pomposo (LICENCIA),Mayoria Relativa,1967-10-07,Erwin Jorge Areizaga Uribe(en funciones),Baja California,Distrito:6
eime_baja california,erikisaacmoraleselvira_baja california,Dip. Erik Isaac Morales Elvira,Mayoria Relativa,1976-09-01,Armando Teran Corella,Baja California,Distrito:7
hrca_baja california,hectorrenecruzaparicio_baja california,Dip. Hector Rene Cruz Aparicio (LICENCIA),Mayoria Relativa,1982-12-27,Alfredo Rivas Aispuro(en funciones),Baja California,Distrito:8
argg_baja california sur,anaruthgarciagrande_baja california sur,Dip. Ana Ruth Garcia Grande,Mayoria Relativa,1971-05-30,Yolanda Jimenez Espinoza,Baja California Sur,Distrito:1
apd_baja california sur,alfredoporrasdominguez_baja california sur,Dip. Alfredo Porras Dominguez,Mayoria Relativa,1957-02-21,Marco Antonio Cesena Sandoval,Baja California Sur,Distrito:2
cema_campeche,carlosenriquemartinezake_campeche,Dip. Carlos Enrique Martinez Ake,Mayoria Relativa,1977-04-25,Daniel Jesus Gomez Vargas,Campeche,Distrito:1
idcbd_campeche,irasemadelcarmenbuenfildiaz_campeche,Dip. Irasema del Carmen Buenfil Diaz,Mayoria Relativa,1958-08-22,Azalia del Carmen Kuri Garcia,Campeche,Distrito:2
evdci_ciudad de mexico,erikavanessadelcastilloibarra_ciudad de mexico,Dip. Erika Vanessa Del Castillo Ibarra,Mayoria Relativa,1978-06-10,Veronica Bustamante Martinez,Ciudad de Mexico,Distrito:1
age_ciudad de mexico,armandogonzalezescoto_ciudad de mexico,Dip. Armando Gonzalez Escoto,Mayoria Relativa,1967-08-27,Juan Javier Calva Hernandez,Ciudad de Mexico,Distrito:2
majmdo_ciudad de mexico,miguelangeljaureguimontesdeoca_ciudad de mexico,Dip. Miguel Angel Jauregui Montes de Oca,Mayoria Relativa,1975-02-19,Gerardo Vallejo Rodriguez,Ciudad de Mexico,Distrito:3
gfn_ciudad de mexico,gerardofernandeznorona_ciudad de mexico,Dip. Gerardo Fernandez Norona,Mayoria Relativa,1960-03-19,Balfre Vargas Cortez,Ciudad de Mexico,Distrito:4
clr_ciudad de mexico,claudialopezrayon_ciudad de mexico,Dip. Claudia Lopez Rayon,Mayoria Relativa,1973-04-22,Gabriela Romero Martinez,Ciudad de Mexico,Distrito:5
smb_ciudad de mexico,sergiomayerbreton_ciudad de mexico,Dip. Sergio Mayer Breton,Mayoria Relativa,1966-05-21,Oscar Bernache Dominguez,Ciudad de Mexico,Distrito:6
brm_ciudad de mexico,beatrizrojasmartinez_ciudad de mexico,Dip. Beatriz Rojas Martinez,Mayoria Relativa,1966-12-21,Erika Nayat Montes Casillas,Ciudad de Mexico,Distrito:7
mr_ciudad de mexico,mariarosete_ciudad de mexico,Dip. Maria Rosete,Mayoria Relativa,1960-03-12,Eloisa Micaela Montano Covarrubias,Ciudad de Mexico,Distrito:8
amgedlmg_ciudad de mexico,adrianamariaguadalupeespinosadelosmonterosgarcia_ciudad de mexico,Dip. Adriana Maria Guadalupe Espinosa de los Monteros Garcia,Mayoria Relativa,1972-12-11,Mariela Santos Rojo,Ciudad de Mexico,Distrito:9
jahp_ciudad de mexico,javierarielhidalgoponce_ciudad de mexico,Dip. Javier Ariel Hidalgo Ponce,Mayoria Relativa,1960-05-14,Luis Daniel Reyes Amezaga,Ciudad de Mexico,Distrito:10
rbb_ciudad de mexico,rociobarrerabadillo_ciudad de mexico,Dip. Rocio Barrera Badillo (LICENCIA),Mayoria Relativa,1976-10-01,Maria Martha Garcia Flores,Ciudad de Mexico,Distrito:11
dpl_ciudad de mexico,dolorespadiernaluna_ciudad de mexico,Dip. Dolores Padierna Luna,Mayoria Relativa,1958-05-08,Montserrat Navarro Perez,Ciudad de Mexico,Distrito:12
mdc_ciudad de mexico,mariodelgadocarrillo_ciudad de mexico,Dip. Mario Delgado Carrillo (LICENCIA),Mayoria Relativa,1972-06-17,Oscar Eugenio Gutierrez Camacho(en funciones),Ciudad de Mexico,Distrito:13
arc_ciudad de mexico,alfonsoramirezcuellar_ciudad de mexico,Dip. Alfonso Ramirez Cuellar,Mayoria Relativa,1959-06-14,Javier Uriel Aguirre Valenciana,Ciudad de Mexico,Distrito:14
lama_ciudad de mexico,luisalbertomendozaacevedo_ciudad de mexico,Dip. Luis Alberto Mendoza Acevedo,Mayoria Relativa,1980-01-12,Victor Manuel Mendoza Acevedo,Ciudad de Mexico,Distrito:15
slva_ciudad de mexico,silvialorenavillavicencioayala_ciudad de mexico,Dip. Silvia Lorena Villavicencio Ayala,Mayoria Relativa,1964-06-12,Alicia Torres San Juan,Ciudad de Mexico,Distrito:16
fjsc_ciudad de mexico,franciscojaviersaldivarcamacho_ciudad de mexico,Dip. Francisco Javier Saldivar Camacho,Mayoria Relativa,1967-03-12,Andres Amador Navarro,Ciudad de Mexico,Distrito:17
amrr_ciudad de mexico,anamariarodriguezruiz_ciudad de mexico,Dip. Ana Maria Rodriguez Ruiz,Mayoria Relativa,1962-07-23,Maria del Rosario Rojas Martinez,Ciudad de Mexico,Distrito:18
aar_ciudad de mexico,aleidaalavezruiz_ciudad de mexico,Dip. Aleida Alavez Ruiz,Mayoria Relativa,1974-01-10,Maria Concepcion Franco Rodriguez,Ciudad de Mexico,Distrito:19
akrp_ciudad de mexico,anakarinarojopimentel_ciudad de mexico,Dip. Ana Karina Rojo Pimentel,Mayoria Relativa,1976-11-28,Maribel Flores Garcia,Ciudad de Mexico,Distrito:20
fimm_ciudad de mexico,florivonemoralesmiranda_ciudad de mexico,Dip. Flor Ivone Morales Miranda (LICENCIA),Mayoria Relativa,1968-10-05,Karen Ivette Audiffred Fernandez(en funciones),Ciudad de Mexico,Distrito:21
vgvl_ciudad de mexico,victorgabrielvarelalopez_ciudad de mexico,Dip. Victor Gabriel Varela Lopez,Mayoria Relativa,1973-04-20,Salvador Montes Villalba,Ciudad de Mexico,Distrito:22
pga_ciudad de mexico,pablogomezalvarez_ciudad de mexico,Dip. Pablo Gomez Alvarez,Mayoria Relativa,1946-10-21,Sandino Luna Almeida,Ciudad de Mexico,Distrito:23
grs_ciudad de mexico,guadaluperamossotelo_ciudad de mexico,Dip. Guadalupe Ramos Sotelo,Mayoria Relativa,1974-02-01,Lucero Ramirez Ramirez,Ciudad de Mexico,Distrito:24
elpr_coahuila,evaristoleninperezrivera_coahuila,Dip. Evaristo Lenin Perez Rivera,Mayoria Relativa,1966-10-28,Sergio Borja Castillo,Coahuila,Distrito:1
fjba_coahuila,franciscojavierborregoadame_coahuila,Dip. Francisco Javier Borrego Adame,Mayoria Relativa,1954-12-27,Jorge Arturo Valdes Flores,Coahuila,Distrito:2
mnfz_coahuila,melbaneliafariaszambrano_coahuila,Dip. Melba Nelia Farias Zambrano,Mayoria Relativa,1955-07-06,Angelica Ledesma Mesta,Coahuila,Distrito:3
mhgc_coahuila,marthahortenciagaraycadena_coahuila,Dip. Martha Hortencia Garay Cadena,Mayoria Relativa,1955-04-03,Cynthia del Carmen Molano Serna,Coahuila,Distrito:4
lfsf_coahuila,luisfernandosalazarfernandez_coahuila,Dip. Luis Fernando Salazar Fernandez (LICENCIA),Mayoria Relativa,1977-11-18,Ulises Guadalupe Hernandez Torres,Coahuila,Distrito:5
japh_coahuila,joseangelperezhernandez_coahuila,Dip. Jose Angel Perez Hernandez (LICENCIA),Mayoria Relativa,1958-03-01,Jesus Gerardo Puentes Balderas(en funciones),Coahuila,Distrito:6
fddlfh_coahuila,fernandodonatodelasfuenteshernandez_coahuila,Dip. Fernando Donato De las Fuentes Hernandez (LICENCIA),Mayoria Relativa,1960-08-07,Sergio Armando Sisbeles Alvarado(en funciones),Coahuila,Distrito:7
cvycyc_colima,claudiavaleriayanezcentenoycabrera_colima,Dip. Claudia Valeria Yanez Centeno y Cabrera (LICENCIA),Mayoria Relativa,1959-05-02,Sara Rizzo Garcia(en funciones),Colima,Distrito:1
ivs_colima,indiravizcainosilva_colima,Dip. Indira Vizcaino Silva (LICENCIA),Mayoria Relativa,1987-01-14,Rosa Maria Bayardo Cabrera(en funciones),Colima,Distrito:2
mdcon_chiapas,manueladelcarmenobradornarvaez_chiapas,Dip. Manuela del Carmen Obrador Narvaez,Mayoria Relativa,1971-06-12,Rebeca Arcos Sanchez,Chiapas,Distrito:1
hpm_chiapas,humbertopedreromoreno_chiapas,Dip. Humberto Pedrero Moreno (LICENCIA),Mayoria Relativa,1986-05-26,Alfredo Antonio Gordillo Moreno(en funciones),Chiapas,Distrito:2
avv_chiapas,alfredovazquezvazquez_chiapas,Dip. Alfredo Vazquez Vazquez (LICENCIA),Mayoria Relativa,1981-01-27,Manuel Torres Hernandez(en funciones),Chiapas,Distrito:3
rlrv_chiapas,roqueluisrabelovelasco_chiapas,Dip. Roque Luis Rabelo Velasco,Mayoria Relativa,1944-08-12,Fidencio Castanon Reyes,Chiapas,Distrito:4
cmdg_chiapas,clementinamartadekkergomez_chiapas,Dip. Clementina Marta Dekker Gomez,Mayoria Relativa,1973-04-10,Flor de Maria Gonzalez Perez,Chiapas,Distrito:5
zara_chiapas,zoealejandrorobledoaburto_chiapas,Dip. Zoe Alejandro Robledo Aburto (LICENCIA),Mayoria Relativa,1979-01-09,Raul Eduardo Bonifaz Moedano(en funciones),Chiapas,Distrito:6
mpdls_chiapas,miguelpradodelossantos_chiapas,Dip. Miguel Prado de los Santos,Mayoria Relativa,1984-01-19,Gonzalo de Jesus Moguel Rincon,Chiapas,Distrito:7
mrjp_chiapas,mariaroseliajimenezperez_chiapas,Dip. Maria Roselia Jimenez Perez,Mayoria Relativa,1959-08-30,Sonia Edith Arevalo Flores,Chiapas,Distrito:8
laam_chiapas,leticiaarlettaguilarmolina_chiapas,Dip. Leticia Arlett Aguilar Molina,Mayoria Relativa,1958-03-01,Liliana Garcia Albores,Chiapas,Distrito:9
jefe_chiapas,juanenriquefarreraesponda_chiapas,Dip. Juan Enrique Farrera Esponda,Mayoria Relativa,1967-03-21,Alvaro Chanona Borges,Chiapas,Distrito:10
rarm_chiapas,robertoantoniorubiomontejo_chiapas,Dip. Roberto Antonio Rubio Montejo,Mayoria Relativa,1977-04-20,Rogelio Rayo Martinez,Chiapas,Distrito:11
jlef_chiapas,joseluiselorzaflores_chiapas,Dip. Jose Luis Elorza Flores,Mayoria Relativa,1973-04-28,Jose Alberto de Sancristobal Leon,Chiapas,Distrito:12
mrg_chiapas,maricruzroblerogordillo_chiapas,Dip. Maricruz Roblero Gordillo,Mayoria Relativa,1966-10-26,Gladys Mejia Rodriguez,Chiapas,Distrito:13
memc_chihuahua,mariaesthermejiacruz_chihuahua,Dip. Maria Esther Mejia Cruz,Mayoria Relativa,1956-07-08,Elizabeth Guzman Argueta,Chihuahua,Distrito:1
tdjvm_chihuahua,teresitadejesusvargasmeraz_chihuahua,Dip. Teresita de Jesus Vargas Meraz,Mayoria Relativa,1989-12-16,Yalia Naharai Romero Chavez,Chihuahua,Distrito:2
celm_chihuahua,claudiaelenalastramunoz_chihuahua,Dip. Claudia Elena Lastra Munoz,Mayoria Relativa,1971-01-13,Daniela Beatriz Cabrera Fernandez,Chihuahua,Distrito:3
ugs_chihuahua,ulisesgarciasoto_chihuahua,Dip. Ulises Garcia Soto,Mayoria Relativa,1987-03-29,Cesar Omar Pena Ibarbol,Chihuahua,Distrito:4
mmc_chihuahua,mariomatacarrasco_chihuahua,Dip. Mario Mata Carrasco,Mayoria Relativa,1962-03-20,Luis Carlos Gonzalez Nunez,Chihuahua,Distrito:5
marb_chihuahua,miguelalonsoriggsbaeza_chihuahua,Dip. Miguel Alonso Riggs Baeza,Mayoria Relativa,1975-10-27,Jaime Ricardo Fernandez Horcasitas,Chihuahua,Distrito:6
erg_chihuahua,eracliorodriguezgomez_chihuahua,Dip. Eraclio Rodriguez Gomez,Mayoria Relativa,1961-01-04,Luis Armando Dominguez Prado,Chihuahua,Distrito:7
ajfs_chihuahua,alanjesusfalomirsaenz_chihuahua,Dip. Alan Jesus Falomir Saenz,Mayoria Relativa,1981-02-23,Eduardo Humberto Gameros Gardea,Chihuahua,Distrito:8
mdlagv_chihuahua,mariadelosangelesgutierrezvaldez_chihuahua,Dip. Maria de los Angeles Gutierrez Valdez (LICENCIA),Mayoria Relativa,1962-03-08,Sinai del Rocio Sanchez Huerta(en funciones),Chihuahua,Distrito:9
mogv_durango,marthaoliviagarciavidana_durango,Dip. Martha Olivia Garcia Vidana,Mayoria Relativa,1969-05-04,Maria Ernestina Sarmiento Guevara,Durango,Distrito:1
amvr_durango,almamarinavitelarodriguez_durango,Dip. Alma Marina Vitela Rodriguez (LICENCIA),Mayoria Relativa,1965-12-26,Maria de Lourdes Montes Hernandez(en funciones),Durango,Distrito:2
mac_durango,maribelaguilerachairez_durango,Dip. Maribel Aguilera Chairez,Mayoria Relativa,1977-12-20,Martha Alicia Arreola Martinez,Durango,Distrito:3
hpon_durango,hildapatriciaorteganajera_durango,Dip. Hilda Patricia Ortega Najera,Mayoria Relativa,1966-08-10,Lidia Beatriz Herrera Romero,Durango,Distrito:4
arv_guanajuato,arielrodriguezvazquez_guanajuato,Dip. Ariel Rodriguez Vazquez,Mayoria Relativa,1972-11-01,Pedro Arredondo Munoz,Guanajuato,Distrito:1
rvg_guanajuato,ricardovillarrealgarcia_guanajuato,Dip. Ricardo Villarreal Garcia,Mayoria Relativa,1981-04-12,Osvaldo Garcia Arteaga,Guanajuato,Distrito:2
mdlaad_guanajuato,ma.delosangelesayaladiaz_guanajuato,Dip. Ma. de los Angeles Ayala Diaz,Mayoria Relativa,1963-08-02,Blanca Marcia Chacon Hernandez,Guanajuato,Distrito:3
jcrh_guanajuato,juancarlosromerohicks_guanajuato,Dip. Juan Carlos Romero Hicks,Mayoria Relativa,1955-12-10,Jose Ricardo Narvaez Martinez,Guanajuato,Distrito:4
ejrb_guanajuato,ectorjaimeramirezbarba_guanajuato,Dip. Ector Jaime Ramirez Barba,Mayoria Relativa,1956-12-01,Ismael Sanchez Hernandez,Guanajuato,Distrito:5
mdpom_guanajuato,ma.delpilarortegamartinez_guanajuato,Dip. Ma. del Pilar Ortega Martinez,Mayoria Relativa,1968-06-29,Adriana Alejandra Del Rio Hinojosa,Guanajuato,Distrito:6
kmgm_guanajuato,karenmichelgonzalezmarquez_guanajuato,Dip. Karen Michel Gonzalez Marquez,Mayoria Relativa,1988-01-21,Lucia Mendez Navarro,Guanajuato,Distrito:7
jear_guanajuato,justinoeugenioarriagarojas_guanajuato,Dip. Justino Eugenio Arriaga Rojas,Mayoria Relativa,1979-09-20,Cesar Raymundo Gomez Garcia,Guanajuato,Distrito:8
jmmc_guanajuato,janetmelaniemurillochavez_guanajuato,Dip. Janet Melanie Murillo Chavez,Mayoria Relativa,1981-08-02,Susana Bermudez Cano,Guanajuato,Distrito:9
lvz_guanajuato,liliavillafuertezavala_guanajuato,Dip. Lilia Villafuerte Zavala,Mayoria Relativa,1963-04-19,Adriana Bustos Rodriguez,Guanajuato,Distrito:10
jaeg_guanajuato,jorgearturoespadasgalvan_guanajuato,Dip. Jorge Arturo Espadas Galvan,Mayoria Relativa,1975-09-08,Marco Antonio Hernandez Arellano,Guanajuato,Distrito:11
snc_guanajuato,sarainunezceron_guanajuato,Dip. Sarai Nunez Ceron,Mayoria Relativa,1979-04-17,Maria Eugenia Mosqueda Nieto,Guanajuato,Distrito:12
erc_guanajuato,emmanuelreyescarmona_guanajuato,Dip. Emmanuel Reyes Carmona,Mayoria Relativa,1987-06-29,Ramiro Zaragoza Ramirez,Guanajuato,Distrito:13
meler_guanajuato,ma.eugenialeticiaespinosarivas_guanajuato,Dip. Ma. Eugenia Leticia Espinosa Rivas,Mayoria Relativa,1961-11-28,Guadalupe Monserrat Mendoza Cano,Guanajuato,Distrito:14
sfab_guanajuato,sergiofernandoascenciobarba_guanajuato,Dip. Sergio Fernando Ascencio Barba,Mayoria Relativa,1977-12-09,Ricardo Andres Herrejon Catala,Guanajuato,Distrito:15
vamw_guerrero,victoradolfomojicawences_guerrero,Dip. Victor Adolfo Mojica Wences,Mayoria Relativa,1958-03-24,Mario Hector Mojica Escalante,Guerrero,Distrito:1
aom_guerrero,araceliocampomanzanares_guerrero,Dip. Araceli Ocampo Manzanares,Mayoria Relativa,1972-10-15,Elizabeth Figueroa Elguera,Guerrero,Distrito:2
mdccl_guerrero,ma.delcarmencabreralagunas_guerrero,Dip. Ma. del Carmen Cabrera Lagunas (LICENCIA),Mayoria Relativa,1971-12-30,Coyolxauhqui Soria Morales(en funciones),Guerrero,Distrito:3
alr_guerrero,abelinalopezrodriguez_guerrero,Dip. Abelina Lopez Rodriguez (LICENCIA),Mayoria Relativa,1965-09-23,Leticia Lozano Zavala(en funciones),Guerrero,Distrito:4
jms_guerrero,javiermanzanosalazar_guerrero,Dip. Javier Manzano Salazar,Mayoria Relativa,1963-06-05,Fredy de Jesus Castro Guevara,Guerrero,Distrito:5
rgg_guerrero,raymundogarciagutierrez_guerrero,Dip. Raymundo Garcia Gutierrez (LICENCIA),Mayoria Relativa,1963-07-04,Jorge Casarrubias Vazquez(en funciones),Guerrero,Distrito:6
csb_guerrero,carlossanchezbarrios_guerrero,Dip. Carlos Sanchez Barrios,Mayoria Relativa,1957-08-17,Bulmaro Muniz Olmedo,Guerrero,Distrito:7
rcg_guerrero,rubencayetanogarcia_guerrero,Dip. Ruben Cayetano Garcia,Mayoria Relativa,1969-08-10,Gregorio Ruano Alcaraz,Guerrero,Distrito:8
mdrmg_guerrero,mariadelrosariomerlingarcia_guerrero,Dip. Maria del Rosario Merlin Garcia (LICENCIA),Mayoria Relativa,1964-11-01,Joaquina Hernandez Aguero(en funciones),Guerrero,Distrito:9
frc_hidalgo,fortunatoriveracastillo_hidalgo,Dip. Fortunato Rivera Castillo,Mayoria Relativa,1955-11-17,Gelacio Velazquez Hernandez,Hidalgo,Distrito:1
ccp_hidalgo,ciprianocharrezpedraza_hidalgo,Dip. Cipriano Charrez Pedraza (LICENCIA),Mayoria Relativa,1970-09-16,Gustavo Callejas Romero(en funciones),Hidalgo,Distrito:2
sob_hidalgo,simeyolverabautista_hidalgo,Dip. Simey Olvera Bautista,Mayoria Relativa,1983-08-20,Carina Lopez Ayala,Hidalgo,Distrito:3
miam_hidalgo,mariaisabelalfaromorales_hidalgo,Dip. Maria Isabel Alfaro Morales,Mayoria Relativa,1966-02-24,Ma. Guadalupe Loredo Gonzales,Hidalgo,Distrito:4
jcam_hidalgo,juliocesarangelesmendoza_hidalgo,Dip. Julio Cesar Angeles Mendoza,Mayoria Relativa,1971-10-24,Luis Eduardo Duran Garcia,Hidalgo,Distrito:5
lga_hidalgo,lidiagarciaanaya_hidalgo,Dip. Lidia Garcia Anaya,Mayoria Relativa,1957-10-31,Maria de la Luz Rubio Gonzalez,Hidalgo,Distrito:6
jti_hidalgo,jannettellezinfante_hidalgo,Dip. Jannet Tellez Infante,Mayoria Relativa,1979-01-08,Flora Cervantes Reyes,Hidalgo,Distrito:7
err_jalisco,eduardoronramos_jalisco,Dip. Eduardo Ron Ramos (LICENCIA),Mayoria Relativa,1975-02-24,Luis Enrique Vargas Diaz(en funciones),Jalisco,Distrito:1
merc_jalisco,marthaestelaromocuellar_jalisco,Dip. Martha Estela Romo Cuellar,Mayoria Relativa,1985-03-14,Maria del Refugio Oros Reyes,Jalisco,Distrito:2
grr_jalisco,guadaluperomoromo_jalisco,Dip. Guadalupe Romo Romo,Mayoria Relativa,1962-03-22,Marco Antonio Isaac Gonzalez,Jalisco,Distrito:3
marc_jalisco,marioalbertorodriguezcarrillo_jalisco,Dip. Mario Alberto Rodriguez Carrillo,Mayoria Relativa,1967-03-14,Salvador Garcia Arenas,Jalisco,Distrito:4
ldsja_jalisco,lorenadelsocorrojimenezandrade_jalisco,Dip. Lorena del Socorro Jimenez Andrade,Mayoria Relativa,1959-10-21,Ma. Esperanza Ortiz Rodriguez,Jalisco,Distrito:5
frglh_jalisco,fabiolaraquelguadalupeloyahernandez_jalisco,Dip. Fabiola Raquel Guadalupe Loya Hernandez,Mayoria Relativa,1974-11-05,Elsa Noemi Mayorga Ochoa,Jalisco,Distrito:6
jcvs_jalisco,juancarlosvillarrealsalazar_jalisco,Dip. Juan Carlos Villarreal Salazar (LICENCIA),Mayoria Relativa,1974-08-11,Jose Carlos Marroquin Gomez(en funciones),Jalisco,Distrito:7
aap_jalisco,abrilalcalapadilla_jalisco,Dip. Abril Alcala Padilla (LICENCIA),Mayoria Relativa,1979-04-28,Susana Priscila Alvarez Hernandez(en funciones),Jalisco,Distrito:8
cjpg_jalisco,carmenjuliaprudenciogonzalez_jalisco,Dip. Carmen Julia Prudencio Gonzalez,Mayoria Relativa,1977-06-30,Irene Garcia Martinez,Jalisco,Distrito:9
gihv_jalisco,geraldinaisabelherreravega_jalisco,Dip. Geraldina Isabel Herrera Vega,Mayoria Relativa,1963-04-24,Paz Rebeca Padilla Jimenez,Jalisco,Distrito:10
kake_jalisco,kehilaabigailkuescalante_jalisco,Dip. Kehila Abigail Ku Escalante (LICENCIA),Mayoria Relativa,1985-09-02,Irma Sanchez Manzo(en funciones),Jalisco,Distrito:11
agmo_jalisco,adrianagabrielamedinaortiz_jalisco,Dip. Adriana Gabriela Medina Ortiz,Mayoria Relativa,1979-06-25,Maria Asencion Alvarez Solis,Jalisco,Distrito:12
lccg_jalisco,lourdesceleniacontrerasgonzalez_jalisco,Dip. Lourdes Celenia Contreras Gonzalez (LICENCIA),Mayoria Relativa,1984-12-29,Violeta Mariana Parra Garcia(en funciones),Jalisco,Distrito:13
jfrs_jalisco,juanfranciscoramirezsalcido_jalisco,Dip. Juan Francisco Ramirez Salcido (LICENCIA),Mayoria Relativa,1969-03-25,Humberto Ramon Jarero Cornejo(en funciones),Jalisco,Distrito:14
ago_jalisco,absalongarciaochoa_jalisco,Dip. Absalon Garcia Ochoa,Mayoria Relativa,1971-09-23,Francisco Perales Jacobo,Jalisco,Distrito:15
lips_jalisco,lauraimeldaperezsegura_jalisco,Dip. Laura Imelda Perez Segura,Mayoria Relativa,1980-05-30,Socorro Lopez Martinez,Jalisco,Distrito:16
jmec_jalisco,juanmartinespinozacardenas_jalisco,Dip. Juan Martin Espinoza Cardenas,Mayoria Relativa,1972-07-11,Santiago Ledezma Orozco,Jalisco,Distrito:17
mal_jalisco,monicaalmeidalopez_jalisco,Dip. Monica Almeida Lopez (LICENCIA),Mayoria Relativa,1970-04-03,Karem Zobeida Vargas Pelayo(en funciones),Jalisco,Distrito:18
aeg_jalisco,albertoesquergutierrez_jalisco,Dip. Alberto Esquer Gutierrez (LICENCIA),Mayoria Relativa,1978-11-07,Higinio Del Toro Perez,Jalisco,Distrito:19
apgg_jalisco,anapriscilagonzalezgarcia_jalisco,Dip. Ana Priscila Gonzalez Garcia (LICENCIA),Mayoria Relativa,1984-05-13,Maria del Refugio Alvarado Romo(en funciones),Jalisco,Distrito:20
rac_mexico,ricardoaguilarcastillo_mexico,Dip. Ricardo Aguilar Castillo,Mayoria Relativa,1970-08-05,Rogelio Enrique Valdez Valdez,Mexico,Distrito:1
dvg_mexico,dioniciavazquezgarcia_mexico,Dip. Dionicia Vazquez Garcia,Mayoria Relativa,1948-03-29,Elena Laura Flores Martinez,Mexico,Distrito:2
mtmm_mexico,mariateresamarumejia_mexico,Dip. Maria Teresa Maru Mejia,Mayoria Relativa,1958-10-29,Maria de Lourdes Rios Garcia,Mexico,Distrito:3
nmcg_mexico,nellyminervacarrascogodinez_mexico,Dip. Nelly Minerva Carrasco Godinez,Mayoria Relativa,1982-03-16,Rosario Cruz Salinas,Mexico,Distrito:4
ffp_mexico,franciscofavelapenunuri_mexico,Dip. Francisco Favela Penunuri,Mayoria Relativa,1955-04-15,Apolinar Zuniga Quijada,Mexico,Distrito:5
cga_mexico,carolinagarciaaguilar_mexico,Dip. Carolina Garcia Aguilar,Mayoria Relativa,1976-09-22,Karla Ivette Calva Aleman,Mexico,Distrito:6
xnzr_mexico,xochitlnashiellyzagalramirez_mexico,Dip. Xochitl Nashielly Zagal Ramirez (LICENCIA),Mayoria Relativa,1990-05-28,Laura Monica Guerra Navarro(en funciones),Mexico,Distrito:7
gcm_mexico,gustavocontrerasmontes_mexico,Dip. Gustavo Contreras Montes,Mayoria Relativa,1980-06-11,Guillermo Diaz Gonzalez Flores,Mexico,Distrito:8
ezs_mexico,eduardozarzosasanchez_mexico,Dip. Eduardo Zarzosa Sanchez (LICENCIA),Mayoria Relativa,1973-12-16,Jesus Wenceslao Rangel de la O(en funciones),Mexico,Distrito:9
adnr_mexico,almadelianavarreterivera_mexico,Dip. Alma Delia Navarrete Rivera,Mayoria Relativa,1972-07-29,Teresa Escobar Briones,Mexico,Distrito:10
mehp_mexico,mariaeugeniahernandezperez_mexico,Dip. Maria Eugenia Hernandez Perez,Mayoria Relativa,1961-03-20,Natalia Benitez Torres,Mexico,Distrito:11
fradll_mexico,feliperafaelarvizudelaluz_mexico,Dip. Felipe Rafael Arvizu De la Luz,Mayoria Relativa,1974-09-09,Pedro Antonio Vera Flores,Mexico,Distrito:12
medg_mexico,mariaelizabethdiazgarcia_mexico,Dip. Maria Elizabeth Diaz Garcia,Mayoria Relativa,1971-02-10,Gabriela Hernandez Cruz,Mexico,Distrito:13
cadv_mexico,claudiaangelicadominguezvazquez_mexico,Dip. Claudia Angelica Dominguez Vazquez,Mayoria Relativa,1977-09-13,Karla Paola Peniche Rodriguez,Mexico,Distrito:14
resbz_mexico,raulernestosanchezbarraleszavalza_mexico,Dip. Raul Ernesto Sanchez Barrales Zavalza,Mayoria Relativa,1971-12-19,Jose Francisco Lara Hernandez,Mexico,Distrito:15
emt_mexico,emiliomanzanillatellez_mexico,Dip. Emilio Manzanilla Tellez,Mayoria Relativa,1971-04-10,Jose Antonio Garcia Hernandez,Mexico,Distrito:16
mgra_mexico,mariaguadaluperomanavila_mexico,Dip. Maria Guadalupe Roman Avila,Mayoria Relativa,1973-02-24,Katia Gonzalez Hernandez,Mexico,Distrito:17
crm_mexico,claudiareyesmontiel_mexico,Dip. Claudia Reyes Montiel,Mayoria Relativa,1974-02-07,Maria Gisela Alejandra Parra Flores,Mexico,Distrito:18
ums_mexico,ulisesmurguiasoto_mexico,Dip. Ulises Murguia Soto,Mayoria Relativa,1963-07-09,Jose Daniel Alfonso Hernandez Ramirez,Mexico,Distrito:19
jpsr_mexico,juanpablosanchezrodriguez_mexico,Dip. Juan Pablo Sanchez Rodriguez,Mayoria Relativa,1979-04-29,Luis Miguel Rodriguez Hernandez,Mexico,Distrito:20
gso_mexico,gracielasanchezortiz_mexico,Dip. Graciela Sanchez Ortiz,Mayoria Relativa,1959-02-18,Brenda Anahi Garcia Diaz,Mexico,Distrito:21
mtrrmr_mexico,mariateresarebecarosamorarios_mexico,Dip. Maria Teresa Rebeca Rosa Mora Rios,Mayoria Relativa,1952-05-11,Juana Berenice Montoya Marquez,Mexico,Distrito:22
don_mexico,davidorihuelanava_mexico,Dip. David Orihuela Nava,Mayoria Relativa,1985-01-31,Nivardo Torres Siles,Mexico,Distrito:23
mdlahdr_mexico,mariadelosangeleshuertadelrio_mexico,Dip. Maria de los Angeles Huerta del Rio,Mayoria Relativa,1962-08-10,Korina Angelica Esquinca Gonzalez,Mexico,Distrito:24
d_mexico,delfino(deceso)lopezaparicio_mexico,Dip. Delfino (DECESO) Lopez Aparicio (LICENCIA),Mayoria Relativa,1960-02-09,Silvestre Lopez Cornejo(en funciones),Mexico,Distrito:25
edlamm_mexico,esmeraldadelosangelesmorenomedina_mexico,Dip. Esmeralda de los Angeles Moreno Medina,Mayoria Relativa,1986-12-19,Maria del Pilar Terron Ramirez,Mexico,Distrito:26
ogy_mexico,oscargonzalezyanez_mexico,Dip. Oscar Gonzalez Yanez,Mayoria Relativa,1964-10-06,Luis Osvaldo Lopez Dotor,Mexico,Distrito:27
radr_mexico,robertoangeldominguezrodriguez_mexico,Dip. Roberto Angel Dominguez Rodriguez,Mayoria Relativa,1980-01-27,Pedro Eduardo Pineda Delgado,Mexico,Distrito:28
mro_mexico,martharoblesortiz_mexico,Dip. Martha Robles Ortiz,Mayoria Relativa,1962-04-25,Gabriela Guadalupe Martinez Maldonado,Mexico,Distrito:29
cahp_mexico,cesaragustinhernandezperez_mexico,Dip. Cesar Agustin Hernandez Perez,Mayoria Relativa,1980-03-01,Juan Gabriel Mendez Gonzalez,Mexico,Distrito:30
jabb_mexico,juanangelbautistabravo_mexico,Dip. Juan Angel Bautista Bravo,Mayoria Relativa,1981-07-25,Jose Guadalupe Gonzalez Vargas,Mexico,Distrito:31
lemv_mexico,luisenriquemartinezventura_mexico,Dip. Luis Enrique Martinez Ventura,Mayoria Relativa,1963-08-19,Jaime Gonzalo Vargas Alvarez,Mexico,Distrito:32
vaov_mexico,vicentealbertoonofrevazquez_mexico,Dip. Vicente Alberto Onofre Vazquez,Mayoria Relativa,1969-04-06,Gabriel Torres Duenas,Mexico,Distrito:33
mcm_mexico,miroslavacarrillomartinez_mexico,Dip. Miroslava Carrillo Martinez (LICENCIA),Mayoria Relativa,1973-05-05,Maria Guadalupe Diaz Avilez(en funciones),Mexico,Distrito:34
arht_mexico,arturorobertohernandeztapia_mexico,Dip. Arturo Roberto Hernandez Tapia,Mayoria Relativa,1961-05-05,Felipe Vidal Gomez,Mexico,Distrito:35
cjrs_mexico,cruzjuvenalroasanchez_mexico,Dip. Cruz Juvenal Roa Sanchez,Mayoria Relativa,1968-05-10,Rigoberto Lopez Rivera,Mexico,Distrito:36
pmzs_mexico,pedromariozentenosantaella_mexico,Dip. Pedro Mario Zenteno Santaella (LICENCIA),Mayoria Relativa,1960-09-13,Edgar Eduardo Arenas Madrigal(en funciones),Mexico,Distrito:37
kyab_mexico,karlayuritzialmazanburgos_mexico,Dip. Karla Yuritzi Almazan Burgos,Mayoria Relativa,1974-08-27,Maria Imelda Agustina Yescas Ruiz,Mexico,Distrito:38
jlml_mexico,joseluismontalvoluna_mexico,Dip. Jose Luis Montalvo Luna,Mayoria Relativa,1960-04-29,Ivan Morales Velasco,Mexico,Distrito:39
marc_mexico,marcoantonioreyescolin_mexico,Dip. Marco Antonio Reyes Colin,Mayoria Relativa,1981-05-18,Adrian Estrada Arriaga,Mexico,Distrito:40
ncrh_mexico,nancyclaudiaresendizhernandez_mexico,Dip. Nancy Claudia Resendiz Hernandez,Mayoria Relativa,1977-12-19,Diana Laura Zamora Orihuela,Mexico,Distrito:41
ffa_michoacan,felicianofloresanguiano_michoacan,Dip. Feliciano Flores Anguiano,Mayoria Relativa,1971-05-28,Humberto Soberano Ramirez,Michoacan,Distrito:1
ebb_michoacan,estebanbarajasbarajas_michoacan,Dip. Esteban Barajas Barajas,Mayoria Relativa,1959-01-20,Indalecio Cortes Gamez,Michoacan,Distrito:2
mcbm_michoacan,marycarmenbernalmartinez_michoacan,Dip. Mary Carmen Bernal Martinez,Mayoria Relativa,1984-08-24,Rosa Mayra Garcia Arellano,Michoacan,Distrito:3
atc_michoacan,armandotejedacid_michoacan,Dip. Armando Tejeda Cid,Mayoria Relativa,1984-09-21,J. Jesus Mendoza Torres,Michoacan,Distrito:4
ygb_michoacan,yolandaguerrerobarrera_michoacan,Dip. Yolanda Guerrero Barrera,Mayoria Relativa,1964-02-21,Giselle Garcia Ibarra,Michoacan,Distrito:5
asc_michoacan,anitasanchezcastro_michoacan,Dip. Anita Sanchez Castro,Mayoria Relativa,1968-01-07,Maria de Jesus Juarez Garcia,Michoacan,Distrito:6
ghp_michoacan,gonzaloherreraperez_michoacan,Dip. Gonzalo Herrera Perez,Mayoria Relativa,1955-07-07,Miguel Angel Cuin Simon,Michoacan,Distrito:7
algq_michoacan,analiliaguillenquiroz_michoacan,Dip. Ana Lilia Guillen Quiroz,Mayoria Relativa,1955-02-05,Ruth Yolotli Manriquez Lopez,Michoacan,Distrito:8
ibce_michoacan,ignaciobenjamincamposequihua_michoacan,Dip. Ignacio Benjamin Campos Equihua (LICENCIA),Mayoria Relativa,1973-05-12,Jorge Alberto Mendoza Reyes(en funciones),Michoacan,Distrito:9
iapnr_michoacan,ivanarturopereznegronruiz_michoacan,Dip. Ivan Arturo Perez Negron Ruiz (LICENCIA),Mayoria Relativa,1974-07-20,Jose Misael Lopez Diaz(en funciones),Michoacan,Distrito:10
jgar_michoacan,joseguadalupeaguilerarojas_michoacan,Dip. Jose Guadalupe Aguilera Rojas,Mayoria Relativa,1971-12-12,Marco Antonio Bastida Bastida,Michoacan,Distrito:11
fjhe_michoacan,franciscojavierhuacusesquivel_michoacan,Dip. Francisco Javier Huacus Esquivel,Mayoria Relativa,1986-08-26,Genaro Maya Talavera,Michoacan,Distrito:12
amt_morelos,alejandromojicatoledo_morelos,Dip. Alejandro Mojica Toledo,Mayoria Relativa,1955-01-12,Omar Alfonso Barrera Hernandez,Morelos,Distrito:1
apb_morelos,alejandrapanibarragan_morelos,Dip. Alejandra Pani Barragan,Mayoria Relativa,1964-07-17,Esmeralda Flores Carranza,Morelos,Distrito:2
jgm_morelos,juanitaguerramena_morelos,Dip. Juanita Guerra Mena,Mayoria Relativa,1983-03-19,Erika Hernandez Gordillo,Morelos,Distrito:3
jaav_morelos,jorgearturoarguellesvictorero_morelos,Dip. Jorge Arturo Arguelles Victorero,Mayoria Relativa,1981-05-13,Alejandro Rondin Cruz,Morelos,Distrito:4
jgag_morelos,joseguadalupeambrociogachuz_morelos,Dip. Jose Guadalupe Ambrocio Gachuz,Mayoria Relativa,1960-12-12,Oscar Mejia Garcia,Morelos,Distrito:5
mpjv_nayarit,miguelpaveljarerovelazquez_nayarit,Dip. Miguel Pavel Jarero Velazquez,Mayoria Relativa,1977-10-19,Francisco Jimenez Lopez,Nayarit,Distrito:1
mgpm_nayarit,mariageraldineponcemendez_nayarit,Dip. Maria Geraldine Ponce Mendez (LICENCIA),Mayoria Relativa,1994-04-04,Africa Azucena Sanchez Hernandez,Nayarit,Distrito:2
miva_nayarit,mirthailianavillalvazoamaya_nayarit,Dip. Mirtha Iliana Villalvazo Amaya (LICENCIA),Mayoria Relativa,1980-12-02,Anabel Margarita Guerrero Benitez,Nayarit,Distrito:3
hsw_nuevo leon,hernansalinaswolberg_nuevo leon,Dip. Hernan Salinas Wolberg,Mayoria Relativa,1982-04-01,Jorge Alberto Arrambide Montemayor,Nuevo Leon,Distrito:1
mgam_nuevo leon,mariaguillerminaalvaradomoreno_nuevo leon,Dip. Maria Guillermina Alvarado Moreno,Mayoria Relativa,1968-12-26,Rebeca Lidia Garcia Vallejo,Nuevo Leon,Distrito:2
jlgd_nuevo leon,joseluisgarciaduque_nuevo leon,Dip. Jose Luis Garcia Duque,Mayoria Relativa,1967-11-08,Juan Hugo Lopez Flores,Nuevo Leon,Distrito:3
rfs_nuevo leon,ricardofloressuarez_nuevo leon,Dip. Ricardo Flores Suarez,Mayoria Relativa,1977-08-05,Julio Cesar Alvarado Mendoza,Nuevo Leon,Distrito:4
sgs_nuevo leon,santiagogonzalezsoto_nuevo leon,Dip. Santiago Gonzalez Soto,Mayoria Relativa,1961-06-25,Pedro Vazquez Gonzalez,Nuevo Leon,Distrito:5
asgc_nuevo leon,anniasarahigomezcardenas_nuevo leon,Dip. Annia Sarahi Gomez Cardenas,Mayoria Relativa,1983-07-06,Alejandra Soria Gutierrez,Nuevo Leon,Distrito:6
ledjgg_nuevo leon,lauraerikadejesusgarzagutierrez_nuevo leon,Dip. Laura Erika de Jesus Garza Gutierrez (LICENCIA),Mayoria Relativa,1977-08-19,Febe Priscila Benavides Lozano(en funciones),Nuevo Leon,Distrito:7
evc_nuevo leon,ernestovargascontreras_nuevo leon,Dip. Ernesto Vargas Contreras (LICENCIA),Mayoria Relativa,1977-03-06,Jose Rolando Benavides Mendiola(en funciones),Nuevo Leon,Distrito:8
jfee_nuevo leon,juanfranciscoespinozaeguia_nuevo leon,Dip. Juan Francisco Espinoza Eguia,Mayoria Relativa,1971-11-10,Jesus Guillermo Aguilar Gonzalez,Nuevo Leon,Distrito:9
jmlc_nuevo leon,josemartinlopezcisneros_nuevo leon,Dip. Jose Martin Lopez Cisneros (LICENCIA),Mayoria Relativa,1972-11-11,Juan Martin Garcia Marquez(en funciones),Nuevo Leon,Distrito:10
earl_nuevo leon,ernestoalfonsorobledoleal_nuevo leon,Dip. Ernesto Alfonso Robledo Leal (LICENCIA),Mayoria Relativa,1976-06-06,Rafael Alejandro Serna Vega(en funciones),Nuevo Leon,Distrito:11
spgc_nuevo leon,sandrapaolagonzalezcastaneda_nuevo leon,Dip. Sandra Paola Gonzalez Castaneda,Mayoria Relativa,1979-03-31,Perla Elizabeth Carrizales Cardenas,Nuevo Leon,Distrito:12
ime_oaxaca,irineomolinaespinoza_oaxaca,Dip. Irineo Molina Espinoza,Mayoria Relativa,1976-06-13,Jorge Luis Estrada Rodriguez,Oaxaca,Distrito:1
ijc_oaxaca,irmajuancarlos_oaxaca,Dip. Irma Juan Carlos,Mayoria Relativa,1977-07-19,Maria Fernanda Barbosa Sosa,Oaxaca,Distrito:2
mgg_oaxaca,margaritagarciagarcia_oaxaca,Dip. Margarita Garcia Garcia,Mayoria Relativa,1966-01-26,Dalia Leticia Lopez Herrera,Oaxaca,Distrito:3
asc_oaxaca,azaelsantiagochepi_oaxaca,Dip. Azael Santiago Chepi,Mayoria Relativa,1977-12-15,Joel Javier Nicolas,Oaxaca,Distrito:4
caa_oaxaca,carolantonioaltamirano_oaxaca,Dip. Carol Antonio Altamirano,Mayoria Relativa,1963-12-13,Rigoberto Quecha Molina,Oaxaca,Distrito:5
bdpl_oaxaca,beatrizdomingaperezlopez_oaxaca,Dip. Beatriz Dominga Perez Lopez,Mayoria Relativa,1975-08-24,Virginia Merino Garcia,Oaxaca,Distrito:6
rdf_oaxaca,rosalindadominguezflores_oaxaca,Dip. Rosalinda Dominguez Flores,Mayoria Relativa,1970-09-06,Maria Antonia Pineda Ruiz,Oaxaca,Distrito:7
brm_oaxaca,benjaminroblesmontoya_oaxaca,Dip. Benjamin Robles Montoya,Mayoria Relativa,1959-11-08,Gonzalo Jesus Aquino Ramirez,Oaxaca,Distrito:8
mdcbp_oaxaca,mariadelcarmenbautistapelaez_oaxaca,Dip. Maria del Carmen Bautista Pelaez,Mayoria Relativa,1991-04-04,Yesenia Rios Ruiz,Oaxaca,Distrito:9
dgg_oaxaca,danielgutierrezgutierrez_oaxaca,Dip. Daniel Gutierrez Gutierrez,Mayoria Relativa,1976-02-15,Azael Jacinto Garcia,Oaxaca,Distrito:10
mag_puebla,miguelacundogonzalez_puebla,Dip. Miguel Acundo Gonzalez (LICENCIA),Mayoria Relativa,1961-09-29,Jose Francisco Esquitin Alonso(en funciones),Puebla,Distrito:1
mmggm_puebla,maiellamarthagabrielagomezmaldonado_puebla,Dip. Maiella Martha Gabriela Gomez Maldonado,Mayoria Relativa,1974-09-26,Maricela Gonzalez Juarez,Puebla,Distrito:2
cbr_puebla,claudiabaezruiz_puebla,Dip. Claudia Baez Ruiz,Mayoria Relativa,1972-10-20,Esther Martinez Romano,Puebla,Distrito:3
ipj_puebla,inesparrajuarez_puebla,Dip. Ines Parra Juarez,Mayoria Relativa,1978-04-20,Maria Isabel Torres Bravo,Puebla,Distrito:4
lsg_puebla,lizethsanchezgarcia_puebla,Dip. Lizeth Sanchez Garcia (LICENCIA),Mayoria Relativa,1976-11-03,Martha Huerta Hernandez(en funciones),Puebla,Distrito:5
ach_puebla,alejandrocarvajalhidalgo_puebla,Dip. Alejandro Carvajal Hidalgo,Mayoria Relativa,1980-08-02,Iztac Hernandez Quiterio,Puebla,Distrito:6
egv_puebla,edgarguzmanvaldez_puebla,Dip. Edgar Guzman Valdez,Mayoria Relativa,1992-04-19,Eloy Acata Martinez,Puebla,Distrito:7
jkvv_puebla,julietakristalvencesvalencia_puebla,Dip. Julieta Kristal Vences Valencia,Mayoria Relativa,1986-10-24,Marisol Prieto Avendano,Puebla,Distrito:8
jgas_puebla,joseguillermoarechigasantamaria_puebla,Dip. Jose Guillermo Arechiga Santamaria,Mayoria Relativa,1958-09-02,Alfonso Perez Arroyo,Puebla,Distrito:9
nsb_puebla,nayelisalvatoribojalil_puebla,Dip. Nayeli Salvatori Bojalil,Mayoria Relativa,1985-08-26,Esperanza Estela Chilaca Munoz,Puebla,Distrito:10
bshc_puebla,benjaminsaulhuertacorona_puebla,Dip. Benjamin Saul Huerta Corona,Mayoria Relativa,1958-03-31,Mario Enrique Aguilar Caldelas,Puebla,Distrito:11
flmp_puebla,fernandoluismanzanillaprieto_puebla,Dip. Fernando Luis Manzanilla Prieto,Mayoria Relativa,1968-05-10,Eudoxio Morales Flores,Puebla,Distrito:12
hgdjjym_puebla,hectorguillermodejesusjimenezymeneses_puebla,Dip. Hector Guillermo de Jesus Jimenez y Meneses (LICENCIA),Mayoria Relativa,1945-11-24,Julian Pena Hidalgo(en funciones),Puebla,Distrito:13
nmc_puebla,nellymacedacarrera_puebla,Dip. Nelly Maceda Carrera,Mayoria Relativa,1979-02-05,Carolina Gaspar Ramirez,Puebla,Distrito:14
abc_puebla,alejandrobarrosochavez_puebla,Dip. Alejandro Barroso Chavez,Mayoria Relativa,1981-01-04,Paulino Olivier Montero,Puebla,Distrito:15
sra_queretaro,soniarochaacosta_queretaro,Dip. Sonia Rocha Acosta,Mayoria Relativa,1978-03-30,Gricelda Otero Hernandez,Queretaro,Distrito:1
jlmn_queretaro,jorgeluismontesnieves_queretaro,Dip. Jorge Luis Montes Nieves,Mayoria Relativa,1981-01-14,Rogelio Resendiz Acevedo,Queretaro,Distrito:2
bsrg_queretaro,beatrizsilviaroblesgutierrez_queretaro,Dip. Beatriz Silvia Robles Gutierrez,Mayoria Relativa,1965-03-24,Adelina Alcantara Plata,Queretaro,Distrito:3
ffmo_queretaro,felipefernandomaciasolvera_queretaro,Dip. Felipe Fernando Macias Olvera,Mayoria Relativa,1986-04-04,Raul Jaime Perez,Queretaro,Distrito:4
aplb_queretaro,anapaolalopezbirlain_queretaro,Dip. Ana Paola Lopez Birlain,Mayoria Relativa,1981-09-21,Gabriela Castro Jasso,Queretaro,Distrito:5
aptz_quintana roo,adrianapaulinateissierzavala_quintana roo,Dip. Adriana Paulina Teissier Zavala,Mayoria Relativa,1967-07-20,Isela Betzabe Zetina Molina,Quintana Roo,Distrito:1
cppo_quintana roo,carmenpatriciapalmaolvera_quintana roo,Dip. Carmen Patricia Palma Olvera,Mayoria Relativa,1958-01-13,Erika Edith Lopez Lara,Quintana Roo,Distrito:2
mcav_quintana roo,mildredconcepcionavilavera_quintana roo,Dip. Mildred Concepcion Avila Vera,Mayoria Relativa,1965-12-05,Ruby Marivel Canto Rosado,Quintana Roo,Distrito:3
jdlapm_quintana roo,jesusdelosangelespoolmoo_quintana roo,Dip. Jesus de los Angeles Pool Moo (LICENCIA),Mayoria Relativa,1969-12-22,Victor Gilberto Aguilar Espinosa(en funciones),Quintana Roo,Distrito:4
msrm_san luis potosi,ma.sararochamedina_san luis potosi,Dip. Ma. Sara Rocha Medina,Mayoria Relativa,1967-10-09,Maria del Carmen Mata Valenzuela,San Luis Potosi,Distrito:1
jrgc_san luis potosi,josericardogallardocardona_san luis potosi,Dip. Jose Ricardo Gallardo Cardona,Mayoria Relativa,1980-11-18,Raul Ivan Lopez Guzman,San Luis Potosi,Distrito:2
obv_san luis potosi,oscarbautistavillegas_san luis potosi,Dip. Oscar Bautista Villegas,Mayoria Relativa,1964-02-06,Rodolfo Isaac Monsivais Morquecho,San Luis Potosi,Distrito:3
jrde_san luis potosi,josericardodelsolestrada_san luis potosi,Dip. Jose Ricardo Delsol Estrada,Mayoria Relativa,1964-03-29,Antolin Guerrero Marquez,San Luis Potosi,Distrito:4
jsb_san luis potosi,josefinasalazarbaez_san luis potosi,Dip. Josefina Salazar Baez,Mayoria Relativa,1974-01-29,Zaira Rivera Hervert,San Luis Potosi,Distrito:5
mgap_san luis potosi,ma.guadalupealmaguerpardo_san luis potosi,Dip. Ma. Guadalupe Almaguer Pardo (LICENCIA),Mayoria Relativa,1961-08-26,Leticia Martinez Gomez(en funciones),San Luis Potosi,Distrito:6
mrh_san luis potosi,marcelinoriverahernandez_san luis potosi,Dip. Marcelino Rivera Hernandez,Mayoria Relativa,1984-04-26,Juan Marcos Garcia Hernandez,San Luis Potosi,Distrito:7
m_sinaloa,maximiliano(deceso)ruizarias_sinaloa,Dip. Maximiliano (Deceso) Ruiz Arias (LICENCIA),Mayoria Relativa,1946-07-16,Jose Mario Osuna Medina(en funciones),Sinaloa,Distrito:1
jjms_sinaloa,josejaimemontessalas_sinaloa,Dip. Jose Jaime Montes Salas (LICENCIA),Mayoria Relativa,1954-02-20,Carlos Ivan Ayala Bobadilla(en funciones),Sinaloa,Distrito:2
jfgh_sinaloa,jesusfernandogarciahernandez_sinaloa,Dip. Jesus Fernando Garcia Hernandez,Mayoria Relativa,1958-05-30,Willian Demirel Salazar Serrano,Sinaloa,Distrito:3
czv_sinaloa,casimirozamoravaldez_sinaloa,Dip. Casimiro Zamora Valdez,Mayoria Relativa,1958-11-15,Jose de Jesus Pacheco Ruiz,Sinaloa,Distrito:4
nysm_sinaloa,nancyyadirasantiagomarcos_sinaloa,Dip. Nancy Yadira Santiago Marcos,Mayoria Relativa,1980-05-04,Guadalupe Raquel de la Paz Aguirre,Sinaloa,Distrito:5
ocm_sinaloa,olegariacarrazcomacias_sinaloa,Dip. Olegaria Carrazco Macias,Mayoria Relativa,1960-04-12,Amalia Garcia Martinez,Sinaloa,Distrito:6
mvs_sinaloa,meraryvillegassanchez_sinaloa,Dip. Merary Villegas Sanchez (LICENCIA),Mayoria Relativa,1987-04-20,Ana Alicia Cervantes Contreras(en funciones),Sinaloa,Distrito:7
mdjba_sonora,manueldejesusbaldenebroarredondo_sonora,Dip. Manuel de Jesus Baldenebro Arredondo (LICENCIA),Mayoria Relativa,1962-05-13,Abraham David Mier Nogales,Sonora,Distrito:1
agge_sonora,anagabrielaguevaraespinoza_sonora,Dip. Ana Gabriela Guevara Espinoza (LICENCIA),Mayoria Relativa,1977-03-04,Ana Laura Bernal Camarena(en funciones),Sonora,Distrito:2
livs_sonora,loreniaivethvallessampedro_sonora,Dip. Lorenia Iveth Valles Sampedro,Mayoria Relativa,1976-12-18,Marina Gomez Sanchez,Sonora,Distrito:3
hmac_sonora,heribertomarceloaguilarcastillo_sonora,Dip. Heriberto Marcelo Aguilar Castillo,Mayoria Relativa,1975-02-12,Ramon Angel Valdez Mendoza,Sonora,Distrito:4
mwbz_sonora,mariawendybricenozuloaga_sonora,Dip. Maria Wendy Briceno Zuloaga,Mayoria Relativa,1978-09-15,Lilian Margarita Navarro Lucero,Sonora,Distrito:5
cjlc_sonora,carlosjavierlamarquecano_sonora,Dip. Carlos Javier Lamarque Cano (LICENCIA),Mayoria Relativa,1953-08-01,Fernando Gonzalez Meza(en funciones),Sonora,Distrito:6
hgm_sonora,hildelisagonzalezmorales_sonora,Dip. Hildelisa Gonzalez Morales,Mayoria Relativa,1956-12-22,Rosa Carmina Ruiz Millan,Sonora,Distrito:7
ena_tabasco,estelanunezalvarez_tabasco,Dip. Estela Nunez Alvarez,Mayoria Relativa,1956-08-16,Dolores del Carmen Zubieta Ruiz,Tabasco,Distrito:1
tbc_tabasco,teresaburelocortazar_tabasco,Dip. Teresa Burelo Cortazar,Mayoria Relativa,1956-03-01,Maria Reyna Rangel Izquierdo,Tabasco,Distrito:2
geem_tabasco,gregorioefrainespadasmendez_tabasco,Dip. Gregorio Efrain Espadas Mendez (LICENCIA),Mayoria Relativa,1948-10-26,Roberto Calix Marin(en funciones),Tabasco,Distrito:3
mrg_tabasco,manuelrodriguezgonzalez_tabasco,Dip. Manuel Rodriguez Gonzalez,Mayoria Relativa,1966-10-26,Luis Arcadio Gutierrez Leon,Tabasco,Distrito:4
lpam_tabasco,laurapatriciaavalosmagana_tabasco,Dip. Laura Patricia Avalos Magana,Mayoria Relativa,1974-05-21,Maria Luisa Somellera Corrales,Tabasco,Distrito:5
rdlpm_tabasco,ricardodelapenamarshall_tabasco,Dip. Ricardo De la Pena Marshall,Mayoria Relativa,1964-02-17,David Eduardo Leon Romero,Tabasco,Distrito:6
jsrq_tamaulipas,josesalvadorrosasquintanilla_tamaulipas,Dip. Jose Salvador Rosas Quintanilla,Mayoria Relativa,1961-01-22,Manuel Canales Bermea,Tamaulipas,Distrito:1
ojeg_tamaulipas,olgajulianaelizondoguerra_tamaulipas,Dip. Olga Juliana Elizondo Guerra,Mayoria Relativa,1965-05-21,Zoraida Lara Cruz,Tamaulipas,Distrito:2
hjvg_tamaulipas,hectorjoelvillegasgonzalez_tamaulipas,Dip. Hector Joel Villegas Gonzalez (LICENCIA),Mayoria Relativa,1979-05-09,Silvestre Resendez Munoz(en funciones),Tamaulipas,Distrito:3
alr_tamaulipas,adrianalozanorodriguez_tamaulipas,Dip. Adriana Lozano Rodriguez,Mayoria Relativa,1969-06-26,Erika Georgina Lara Vazquez,Tamaulipas,Distrito:4
mart_tamaulipas,marioalbertoramostamez_tamaulipas,Dip. Mario Alberto Ramos Tamez (LICENCIA),Mayoria Relativa,1986-04-03,Juan Alejandro Rivera Torres(en funciones),Tamaulipas,Distrito:5
vjvo_tamaulipas,vicentejavierverasteguiostos_tamaulipas,Dip. Vicente Javier Verastegui Ostos (LICENCIA),Mayoria Relativa,1963-09-03,Eloy Martinez Carrizales(en funciones),Tamaulipas,Distrito:6
egr_tamaulipas,erasmogonzalezrobledo_tamaulipas,Dip. Erasmo Gonzalez Robledo,Mayoria Relativa,1972-06-28,Juan Dionisio Cruz Guerrero,Tamaulipas,Distrito:7
opsr_tamaulipas,olgapatriciasosaruiz_tamaulipas,Dip. Olga Patricia Sosa Ruiz (LICENCIA),Mayoria Relativa,1974-09-22,Alba Silvia Garcia Paredes(en funciones),Tamaulipas,Distrito:8
ajzz_tamaulipas,armandojavierzertuchezuani_tamaulipas,Dip. Armando Javier Zertuche Zuani (LICENCIA),Mayoria Relativa,1957-11-27,Fernando Lopez Gomez,Tamaulipas,Distrito:9
jdllss_tlaxcala,josedelaluzsosasalinas_tlaxcala,Dip. Jose de la Luz Sosa Salinas,Mayoria Relativa,1966-05-25,Juan Antonio Martinez Ceron,Tlaxcala,Distrito:1
rta_tlaxcala,rubenteranaguila_tlaxcala,Dip. Ruben Teran Aguila,Mayoria Relativa,1981-08-09,Luis Antonio Herrera Perez,Tlaxcala,Distrito:2
lcc_tlaxcala,lorenacuellarcisneros_tlaxcala,Dip. Lorena Cuellar Cisneros (LICENCIA),Mayoria Relativa,1962-02-20,Claudia Perez Rodriguez,Tlaxcala,Distrito:3
rge_veracruz,ricardogarciaescalante_veracruz,Dip. Ricardo Garcia Escalante,Mayoria Relativa,1981-05-02,Alvaro Soto Martinez,Veracruz,Distrito:1
jga_veracruz,jesusguzmanaviles_veracruz,Dip. Jesus Guzman Aviles,Mayoria Relativa,1961-12-25,Armando Fernandez de la Cruz,Veracruz,Distrito:2
mbes_veracruz,mariaberthaespinozasegura_veracruz,Dip. Maria Bertha Espinoza Segura,Mayoria Relativa,1957-11-15,Santa Veronica Marquez Dominguez,Veracruz,Distrito:3
rfez_veracruz,ricardofranciscoexsomezapata_veracruz,Dip. Ricardo Francisco Exsome Zapata,Mayoria Relativa,1963-09-28,Francisco Javier Lorenzo Cabrera,Veracruz,Distrito:4
rbh_veracruz,raquelbonillaherrera_veracruz,Dip. Raquel Bonilla Herrera,Mayoria Relativa,1984-03-17,Maria Guadalupe Bello Trejo,Veracruz,Distrito:5
jhpb_veracruz,jaimehumbertoperezbernabe_veracruz,Dip. Jaime Humberto Perez Bernabe,Mayoria Relativa,1973-04-15,Ricardo Cabanas Vazquez,Veracruz,Distrito:6
rcs_veracruz,rodrigocalderonsalas_veracruz,Dip. Rodrigo Calderon Salas,Mayoria Relativa,1958-04-05,Enrique Capetillo Gonzalez,Veracruz,Distrito:7
cte_veracruz,claudiatelloespinosa_veracruz,Dip. Claudia Tello Espinosa,Mayoria Relativa,1964-10-16,--- --- ---,Veracruz,Distrito:8
cmg_veracruz,carmenmoragarcia_veracruz,Dip. Carmen Mora Garcia,Mayoria Relativa,1952-07-14,Maria Laura Garcia Gomez,Veracruz,Distrito:9
rhv_veracruz,rafaelhernandezvillalpando_veracruz,Dip. Rafael Hernandez Villalpando,Mayoria Relativa,1947-11-08,Guillermo Fernandez Sanchez,Veracruz,Distrito:10
ftcs_veracruz,florataniacruzsantos_veracruz,Dip. Flora Tania Cruz Santos,Mayoria Relativa,1978-01-27,Celica Segura Toledo,Veracruz,Distrito:11
mdgr_veracruz,marianadunyaskagarciarojas_veracruz,Dip. Mariana Dunyaska Garcia Rojas,Mayoria Relativa,1974-10-29,Ana Gabriela Pantoja Andrade,Veracruz,Distrito:12
eas_veracruz,eleuterioarrietasanchez_veracruz,Dip. Eleuterio Arrieta Sanchez,Mayoria Relativa,1955-05-02,Ramon Pino Mendez,Veracruz,Distrito:13
cmp_veracruz,carmenmedelpalma_veracruz,Dip. Carmen Medel Palma,Mayoria Relativa,1959-09-26,Mariela Hernandez Garcia,Veracruz,Distrito:14
dmcvg_veracruz,dulcemariacorinavillegasguarneros_veracruz,Dip. Dulce Maria Corina Villegas Guarneros,Mayoria Relativa,1966-12-24,Nury Yareli Aguilar Morales,Veracruz,Distrito:15
jmf_veracruz,juanmartinezflores_veracruz,Dip. Juan Martinez Flores,Mayoria Relativa,1956-04-03,Jose Ignacio Vazquez Sanchez,Veracruz,Distrito:16
vrl_veracruz,valentinreyeslopez_veracruz,Dip. Valentin Reyes Lopez,Mayoria Relativa,1952-02-13,Abel Maza Dominguez,Veracruz,Distrito:17
bal_veracruz,bonifacioaguilarlinda_veracruz,Dip. Bonifacio Aguilar Linda,Mayoria Relativa,1976-05-08,Feliciano Romero Martinez,Veracruz,Distrito:18
pta_veracruz,paolatenorioadame_veracruz,Dip. Paola Tenorio Adame,Mayoria Relativa,1966-04-20,Andrea Doria Ortiz Aguirre,Veracruz,Distrito:19
ejrf_veracruz,eulaliojuanriosfararoni_veracruz,Dip. Eulalio Juan Rios Fararoni,Mayoria Relativa,1965-04-18,Hermilo Arista Bonilla,Veracruz,Distrito:20
jcvp_yucatan,jesuscarlosvidalpeniche_yucatan,Dip. Jesus Carlos Vidal Peniche,Mayoria Relativa,1976-06-16,Sergio Enrrique Chale Cauich,Yucatan,Distrito:1
meam_yucatan,mariaesteralonzomorales_yucatan,Dip. Maria Ester Alonzo Morales,Mayoria Relativa,1959-01-15,Guadalupe Elizabeth Zapata Gonzalez,Yucatan,Distrito:2
rh_yucatan,rogerherve(deceso)aguilarsalazar(protestapendiente)_yucatan,Dip. Roger Herve (Deceso) Aguilar Salazar(protesta pendiente),Mayoria Relativa,1938-09-12,Limbert Ivan de Jesus Interian Gallegos(en funciones),Yucatan,Distrito:3
jela_yucatan,joseeliaslixaabimerhi_yucatan,Dip. Jose Elias Lixa Abimerhi,Mayoria Relativa,1987-02-28,Mario Enmanuel Aragon Castillo,Yucatan,Distrito:4
jjcp_yucatan,juanjosecanulperez_yucatan,Dip. Juan Jose Canul Perez,Mayoria Relativa,1972-01-08,Wilberth Antonio Cach Yah,Yucatan,Distrito:5
mzmt_zacatecas,mirnazabeidamaldonadotapia_zacatecas,Dip. Mirna Zabeida Maldonado Tapia,Mayoria Relativa,1969-05-13,Amalia Roman Longoria,Zacatecas,Distrito:1
lebc_zacatecas,lyndianaelizabethbugarincortes_zacatecas,Dip. Lyndiana Elizabeth Bugarin Cortes,Mayoria Relativa,1988-12-13,Ana Yajaira Felix Rivera,Zacatecas,Distrito:2
afb_zacatecas,alfredofematbanuelos_zacatecas,Dip. Alfredo Femat Banuelos,Mayoria Relativa,1961-01-12,Miguel Jaquez Salazar,Zacatecas,Distrito:3
shc_zacatecas,samuelherrerachavez_zacatecas,Dip. Samuel Herrera Chavez,Mayoria Relativa,1954-09-17,Rumaldo Ortiz Herrera,Zacatecas,Distrito:4
ptb_chihuahua,patriciaterrazasbaca_chihuahua,Dip. Patricia Terrazas Baca,Representacion proporcional,1966-09-26,Perla Paola Adame Torres,Chihuahua,Circunscripcion:1
egra_baja california,ernestoguillermoruffoappel_baja california,Dip. Ernesto Guillermo Ruffo Appel,Representacion proporcional,1952-06-25,Victor Ivan Lujano Sarabia,Baja California,Circunscripcion:1
megg_nayarit,marthaelenagarciagomez_nayarit,Dip. Martha Elena Garcia Gomez,Representacion proporcional,1945-05-03,Mayela Leonila Godinez Alarcon,Nayarit,Circunscripcion:1
jrma_baja california sur,joserigobertomaresaguilar_baja california sur,Dip. Jose Rigoberto Mares Aguilar,Representacion proporcional,1981-02-17,Armando Fidel Castro Trasvina,Baja California Sur,Circunscripcion:1
mba_sonora,madeleinebonnafouxalcaraz_sonora,Dip. Madeleine Bonnafoux Alcaraz,Representacion proporcional,1979-01-31,Brenda Lizeth Cordova Buzani,Sonora,Circunscripcion:1
jrcp_nayarit,joseramoncamberoperez_nayarit,Dip. Jose Ramon Cambero Perez,Representacion proporcional,1971-06-27,Fernando Jesus Sanchez Zatarain,Nayarit,Circunscripcion:1
lml_baja california,lizbethmatalozano_baja california,Dip. Lizbeth Mata Lozano,Representacion proporcional,1984-01-10,Monica Janette Palomarez Ching,Baja California,Circunscripcion:1
chcv_sinaloa,carloshumbertocastanosvalenzuela_sinaloa,Dip. Carlos Humberto Castanos Valenzuela,Representacion proporcional,1977-04-14,Jose De Jesus Rojas Rivera,Sinaloa,Circunscripcion:1
mlc_sonora,manuellopezcastillo_sonora,Dip. Manuel Lopez Castillo,Representacion proporcional,1948-02-12,Esteban Cabrera Meda,Sonora,Circunscripcion:1
vbjp_jalisco,veronicabeatrizjuarezpina_jalisco,Dip. Veronica Beatriz Juarez Pina,Representacion proporcional,1971-09-28,Beatriz Selene Zamora Romero,Jalisco,Circunscripcion:1
itbp_jalisco,itzcoatltonatiuhbravopadilla_jalisco,Dip. Itzcoatl Tonatiuh Bravo Padilla (LICENCIA),Representacion proporcional,1960-02-07,Enrique Israel Medina Torres,Jalisco,Circunscripcion:1
mazm_jalisco,marthaangelicazamudiomacias_jalisco,Dip. Martha Angelica Zamudio Macias,Representacion proporcional,1957-02-24,Michelle Estefania Murguia Puga,Jalisco,Circunscripcion:1
jagl_baja california,jorgealcibiadesgarcialara_baja california,Dip. Jorge Alcibiades Garcia Lara,Representacion proporcional,1969-08-05,Diego Mejia Ibanez,Baja California,Circunscripcion:1
mlga_jalisco,marialibiergonzalezanaya_jalisco,Dip. Maria Libier Gonzalez Anaya,Representacion proporcional,1954-03-27,Elvia Yolanda Martinez Cosio,Jalisco,Circunscripcion:1
jers_sonora,jorgeeugeniorussosalido_sonora,Dip. Jorge Eugenio Russo Salido (LICENCIA),Representacion proporcional,1969-12-19,Jose Eduardo Esquer Escobar(en funciones),Sonora,Circunscripcion:1
bmh_baja california,benitomedinaherrera_baja california,Dip. Benito Medina Herrera,Representacion proporcional,1950-06-05,Diego Aguilar,Baja California,Circunscripcion:1
lesm_sinaloa,lourdeserikasanchezmartinez_sinaloa,Dip. Lourdes Erika Sanchez Martinez (LICENCIA),Representacion proporcional,1980-09-29,Reynalda Berenice Alcalde Castro,Sinaloa,Circunscripcion:1
ava_sinaloa,alfredovillegasarreola_sinaloa,Dip. Alfredo Villegas Arreola,Representacion proporcional,1951-01-12,Ricardo Barroso Agramont,Sinaloa,Circunscripcion:1
imtv_sonora,irmamariateranvillalobos_sonora,Dip. Irma Maria Teran Villalobos,Representacion proporcional,1985-11-12,Jeanette Arrizon Marina,Sonora,Circunscripcion:1
igc_baja california sur,isaiasgonzalezcuevas_baja california sur,Dip. Isaias Gonzalez Cuevas,Representacion proporcional,1940-07-06,Jose David Alfaro Pagaza,Baja California Sur,Circunscripcion:1
hmlnq_jalisco,hortensiamarialuisanoronaquezada_jalisco,Dip. Hortensia Maria Luisa Norona Quezada (LICENCIA),Representacion proporcional,1976-10-19,Guadalupe Janneth Moreno Arguelles(en funciones),Jalisco,Circunscripcion:1
iahd_durango,ismaelalfredohernandezderas_durango,Dip. Ismael Alfredo Hernandez Deras,Representacion proporcional,1964-02-20,Cristopher Daniel James Barousse,Durango,Circunscripcion:1
mfs_nayarit,margaritafloressanchez_nayarit,Dip. Margarita Flores Sanchez (LICENCIA),Representacion proporcional,1961-12-10,Miriam Del Sol Merino Cuevas(en funciones),Nayarit,Circunscripcion:1
emru_sinaloa,erikamarianarosasuribe_sinaloa,Dip. Erika Mariana Rosas Uribe,Representacion proporcional,1984-01-09,Mariana Cosio Valdes,Sinaloa,Circunscripcion:1
maga_sinaloa,marcoantoniogomezalcantar_sinaloa,Dip. Marco Antonio Gomez Alcantar,Representacion proporcional,1972-04-18,Misael Sanchez Sanchez,Sinaloa,Circunscripcion:1
vrc_jalisco,veronicaramoscruz_jalisco,Dip. Veronica Ramos Cruz,Representacion proporcional,1985-05-01,Rosa Maria Cardona Alegria,Jalisco,Circunscripcion:1
macm_sonora,marcoantoniocarbajalmiranda_sonora,Dip. Marco Antonio Carbajal Miranda (LICENCIA),Representacion proporcional,1959-09-26,J Felix Vargas Aldiano(en funciones),Sonora,Circunscripcion:1
tcc_sinaloa,tatianaclouthiercarrillo_sinaloa,Dip. Tatiana Clouthier Carrillo (LICENCIA),Representacion proporcional,1964-08-12,Maria Del Carmen Almeida Navarro(en funciones),Sinaloa,Circunscripcion:1
mamg_jalisco,miguelangelmarquezgonzalez_jalisco,Dip. Miguel Angel Marquez Gonzalez,Representacion proporcional,1962-10-21,Jose Manuel Martin Gomez,Jalisco,Circunscripcion:1
cyrm_nayarit,carminayadiraregaladomardueno_nayarit,Dip. Carmina Yadira Regalado Mardueno (LICENCIA),Representacion proporcional,1967-11-06,Maria De Jesus Aguirre Barradas(en funciones),Nayarit,Circunscripcion:1
fjgdlt_jalisco,franciscojavierguzmandelatorre_jalisco,Dip. Francisco Javier Guzman De La Torre,Representacion proporcional,1944-08-29,Neri Eduardo Maciel Hernandez,Jalisco,Circunscripcion:1
mtlp_jalisco,mariateresalopezperez_jalisco,Dip. Maria Teresa Lopez Perez,Representacion proporcional,1940-12-30,Leticia Perez Rodriguez,Jalisco,Circunscripcion:1
sab_chihuahua,sebastianaguilerabrenes_chihuahua,Dip. Sebastian Aguilera Brenes,Representacion proporcional,1995-06-10,Jorge Ariff Marave Sanchez,Chihuahua,Circunscripcion:1
mcpm_nayarit,miriamcitlallyperezmackintosh_nayarit,Dip. Miriam Citlally Perez Mackintosh,Representacion proporcional,1967-11-20,Claudia Ramona Moreno Salas,Nayarit,Circunscripcion:1
avv_jalisco,albertovillavillegas_jalisco,Dip. Alberto Villa Villegas,Representacion proporcional,1972-10-25,Ismael Miranda Ornelas,Jalisco,Circunscripcion:1
lss_sinaloa,lucindasandovalsoberanes_sinaloa,Dip. Lucinda Sandoval Soberanes,Representacion proporcional,1980-02-18,Damaris Osuna Zavala,Sinaloa,Circunscripcion:1
jcldlr_chihuahua,juancarlosloeradelarosa_chihuahua,Dip. Juan Carlos Loera De La Rosa (LICENCIA),Representacion proporcional,1969-04-27,Francisco Jorge Villarreal Pasaret(en funciones),Chihuahua,Circunscripcion:1
kacl_jalisco,katiaalejandracastillolozano_jalisco,Dip. Katia Alejandra Castillo Lozano,Representacion proporcional,1982-10-20,Telma Artemisa Montano Navarro,Jalisco,Circunscripcion:1
erv_chihuahua,efrainrochavega_chihuahua,Dip. Efrain Rocha Vega,Representacion proporcional,1955-05-12,Jorge Valdez Anaya,Chihuahua,Circunscripcion:1
mprl_baja california,marthapatriciaramirezlucero_baja california,Dip. Martha Patricia Ramirez Lucero,Representacion proporcional,1952-09-03,Izhaleth Ireri Angulo Castaneda,Baja California,Circunscripcion:1
rgg_nuevo leon,raulgraciaguzman_nuevo leon,Dip. Raul Gracia Guzman,Representacion proporcional,1975-02-20,Tomas David Macias Canales,Nuevo Leon,Circunscripcion:2
mmtp_queretaro,mariamarcelatorrespeimbert_queretaro,Dip. Maria Marcela Torres Peimbert,Representacion proporcional,1961-10-07,Maria Fernanda Gatica Garza,Queretaro,Circunscripcion:2
jitr_zacatecas,joseisabeltrejoreyes_zacatecas,Dip. Jose Isabel Trejo Reyes,Representacion proporcional,1959-04-09,Gabriel Rodriguez Medina,Zacatecas,Circunscripcion:2
jmj_zacatecas,jacquelinamartinezjuarez_zacatecas,Dip. Jacquelina Martinez Juarez,Representacion proporcional,1981-05-26,Soledad Barrios Venegas,Zacatecas,Circunscripcion:2
mav_queretaro,marcosaguilarvega_queretaro,Dip. Marcos Aguilar Vega,Representacion proporcional,1972-07-05,Jorge Luis Alarcon Neve,Queretaro,Circunscripcion:2
svgc_aguascalientes,sylviavioletagarfiascedillo_aguascalientes,Dip. Sylvia Violeta Garfias Cedillo,Representacion proporcional,1975-03-29,Maria Fernanda De La Torre Delgado,Aguascalientes,Circunscripcion:2
vmpd_nuevo leon,victormanuelperezdiaz_nuevo leon,Dip. Victor Manuel Perez Diaz (LICENCIA),Representacion proporcional,1969-06-01,Eugenio Bueno Lozano(en funciones),Nuevo Leon,Circunscripcion:2
nah_tamaulipas,nohemialemanhernandez_tamaulipas,Dip. Nohemi Aleman Hernandez (LICENCIA),Representacion proporcional,1982-02-03,Priscilla Haydee Lagunas Cuellar(en funciones),Tamaulipas,Circunscripcion:2
xaz_san luis potosi,xavierazuarazuniga_san luis potosi,Dip. Xavier Azuara Zuniga,Representacion proporcional,1979-09-16,Adrian Sanchez Ramiro,San Luis Potosi,Circunscripcion:2
sggg_coahuila,silviaguadalupegarzagalvan_coahuila,Dip. Silvia Guadalupe Garza Galvan,Representacion proporcional,1962-07-05,Concepcion Balderas Y Robles,Coahuila,Circunscripcion:2
ftg_guanajuato,fernandotorresgraciano_guanajuato,Dip. Fernando Torres Graciano,Representacion proporcional,1970-08-27,Edgardo Chaire Chavero,Guanajuato,Circunscripcion:2
imgv_nuevo leon,isabelmargaritaguerravillarreal_nuevo leon,Dip. Isabel Margarita Guerra Villarreal,Representacion proporcional,1975-09-22,Cecilia Sofia Robledo Suarez,Nuevo Leon,Circunscripcion:2
jcmm_guanajuato,juancarlosmunozmarquez_guanajuato,Dip. Juan Carlos Munoz Marquez (LICENCIA),Representacion proporcional,1969-11-30,Carlos Elhier Cinta Rodriguez(en funciones),Guanajuato,Circunscripcion:2
faem_zacatecas,fridaalejandraesparzamarquez_zacatecas,Dip. Frida Alejandra Esparza Marquez,Representacion proporcional,1996-11-05,Maria Guadalupe Martinez Arias,Zacatecas,Circunscripcion:2
aom_aguascalientes,antonioortegamartinez_aguascalientes,Dip. Antonio Ortega Martinez,Representacion proporcional,1954-07-28,Jesus Josue Hernandez Medina,Aguascalientes,Circunscripcion:2
plmd_nuevo leon,pilarlozanomacdonald_nuevo leon,Dip. Pilar Lozano Mac Donald,Representacion proporcional,1974-10-10,Maximina Gutierrez Tavares,Nuevo Leon,Circunscripcion:2
mdjgg_zacatecas,ma.dejesusgarciaguardado_zacatecas,Dip. Ma. de Jesus Garcia Guardado,Representacion proporcional,1959-04-03,Ma. Guadalupe Adabache Reyes,Zacatecas,Circunscripcion:2
pptv_nuevo leon,pedropablotrevinovillarreal_nuevo leon,Dip. Pedro Pablo Trevino Villarreal,Representacion proporcional,1972-06-13,Sigfrido Macias Perez,Nuevo Leon,Circunscripcion:2
ilag_nuevo leon,ivonnelilianaalvarezgarcia_nuevo leon,Dip. Ivonne Liliana Alvarez Garcia (LICENCIA),Representacion proporcional,1978-04-25,Rosa Elia Morales Tijerina(en funciones),Nuevo Leon,Circunscripcion:2
mrmyt_tamaulipas,marianarodriguezmieryteran_tamaulipas,Dip. Mariana Rodriguez Mier Y Teran,Representacion proporcional,1976-06-01,Delia Margarita Siller Zuniga,Tamaulipas,Circunscripcion:2
rimv_coahuila,rubenignaciomoreiravaldez_coahuila,Dip. Ruben Ignacio Moreira Valdez (LICENCIA),Representacion proporcional,1963-04-18,Ramon Verduzco Gonzalez,Coahuila,Circunscripcion:2
fay_san luis potosi,frinneazuarayarzabal_san luis potosi,Dip. Frinne Azuara Yarzabal,Representacion proporcional,1956-03-03,Eugenia Guadalupe Aboytes Gonzalez,San Luis Potosi,Circunscripcion:2
cpc_zacatecas,carlospavoncampos_zacatecas,Dip. Carlos Pavon Campos,Representacion proporcional,1955-10-31,Alberto Lugo Ledesma,Zacatecas,Circunscripcion:2
mamc_queretaro,mariaalemanmunozcastillo_queretaro,Dip. Maria Aleman Munoz Castillo,Representacion proporcional,1990-04-14,Sonia Martha Lopez Villarreal,Queretaro,Circunscripcion:2
lncc_san luis potosi,leninnelsoncamposcordova_san luis potosi,Dip. Lenin Nelson Campos Cordova,Representacion proporcional,1961-08-08,Ramiro  Miguel Hernandez,San Luis Potosi,Circunscripcion:2
ngs_aguascalientes,normaguelsaldivar_aguascalientes,Dip. Norma Guel Saldivar (LICENCIA),Representacion proporcional,1981-04-24,Lily Fabiola De La Rosa Cortes(en funciones),Aguascalientes,Circunscripcion:2
caps_zacatecas,carlosalbertopuentesalas_zacatecas,Dip. Carlos Alberto Puente Salas,Representacion proporcional,1971-12-16,Enrique Fanjon Gonzalez,Zacatecas,Circunscripcion:2
bmg_guanajuato,beatrizmanriqueguevara_guanajuato,Dip. Beatriz Manrique Guevara (LICENCIA),Representacion proporcional,1967-05-20,Zulma Espinoza Mata(en funciones),Guanajuato,Circunscripcion:2
ornm_zacatecas,oscarrafaelnovellamacias_zacatecas,Dip. Oscar Rafael Novella Macias (LICENCIA),Representacion proporcional,1984-10-12,Hugo Adrian Felix Pichardo(en funciones),Zacatecas,Circunscripcion:2
aav_san luis potosi,adrianaaguilarvazquez_san luis potosi,Dip. Adriana Aguilar Vazquez (LICENCIA),Representacion proporcional,1977-07-20,Maria Del Carmen Quiroz Rodriguez(en funciones),San Luis Potosi,Circunscripcion:2
mach_guanajuato,miguelangelchicoherrera_guanajuato,Dip. Miguel Angel Chico Herrera,Representacion proporcional,1961-03-17,Jose Javier Aguirre Gallardo,Guanajuato,Circunscripcion:2
lnvh_san luis potosi,lidianallelyvargashernandez_san luis potosi,Dip. Lidia Nallely Vargas Hernandez (LICENCIA),Representacion proporcional,1992-08-03,Alejandra Ramirez Rodriguez(en funciones),San Luis Potosi,Circunscripcion:2
jirr_guanajuato,juanisraelramosruiz_guanajuato,Dip. Juan Israel Ramos Ruiz,Representacion proporcional,1973-04-29,Jaime Fernando Guerrero Gonzalez,Guanajuato,Circunscripcion:2
dedbv_coahuila,diegoeduardodelbosquevillarreal_coahuila,Dip. Diego Eduardo Del Bosque Villarreal,Representacion proporcional,1990-02-21,Raul Steel Ramirez Garza,Coahuila,Circunscripcion:2
mcy_san luis potosi,martinacazarezyanez_san luis potosi,Dip. Martina Cazarez Yanez,Representacion proporcional,1970-03-07,Rosario Guadalupe Saenz Alvizo,San Luis Potosi,Circunscripcion:2
mlvs_san luis potosi,marialuisavelozsilva_san luis potosi,Dip. Maria Luisa Veloz Silva,Representacion proporcional,1956-08-26,Adela Celeste Arthur Vivanco,San Luis Potosi,Circunscripcion:2
essd_nuevo leon,edelmirosantiagosantosdiaz_nuevo leon,Dip. Edelmiro Santiago Santos Diaz,Representacion proporcional,1960-07-02,Jose Antonio Leal Doria,Nuevo Leon,Circunscripcion:2
msg_coahuila,miroslavasanchezgalvan_coahuila,Dip. Miroslava Sanchez Galvan,Representacion proporcional,1957-08-10,Edna Laura Huerta Ruiz,Coahuila,Circunscripcion:2
cfbm_san luis potosi,cuauhtlifernandobadillomoreno_san luis potosi,Dip. Cuauhtli Fernando Badillo Moreno (LICENCIA),Representacion proporcional,1990-05-11,Rene Rogelio Mantecon Salas(en funciones),San Luis Potosi,Circunscripcion:2
feg_nuevo leon,franciscoelizondogarrido_nuevo leon,Dip. Francisco Elizondo Garrido,Representacion proporcional,1982-01-17,Arturo Arroyo Navarrete,Nuevo Leon,Circunscripcion:2
capl_yucatan,ceciliaanunciacionpatronlaviada_yucatan,Dip. Cecilia Anunciacion Patron Laviada,Representacion proporcional,1971-03-25,Maria Cristina Castillo Espinosa,Yucatan,Circunscripcion:3
cavg_veracruz,carlosalbertovalenzuelagonzalez_veracruz,Dip. Carlos Alberto Valenzuela Gonzalez,Representacion proporcional,1983-04-18,Jose Ricardo Medina Hernandez,Veracruz,Circunscripcion:3
andj_oaxaca,antonianatividaddiazjimenez_oaxaca,Dip. Antonia Natividad Diaz Jimenez,Representacion proporcional,1982-06-13,Laura Leticia Mendez Reyes,Oaxaca,Circunscripcion:3
camv_chiapas,carlosalbertomoralesvazquez_chiapas,Dip. Carlos Alberto Morales Vazquez,Representacion proporcional,1972-08-22,Pedro Ameth Navarro Lara,Chiapas,Circunscripcion:3
mdrga_veracruz,mariadelrosarioguzmanaviles_veracruz,Dip. Maria Del Rosario Guzman Aviles,Representacion proporcional,1963-11-20,Noelia Garcia Escalante,Veracruz,Circunscripcion:3
jdcgq_campeche,josedelcarmengomezquej_campeche,Dip. Jose Del Carmen Gomez Quej,Representacion proporcional,1957-12-18,Mario Enrique Pacheco Ceballos,Campeche,Circunscripcion:3
dagm_oaxaca,dulcealejandragarciamorlan_oaxaca,Dip. Dulce Alejandra Garcia Morlan (LICENCIA),Representacion proporcional,1978-12-05,Irasema Aquino Gonzalez(en funciones),Oaxaca,Circunscripcion:3
narz_veracruz,normaazucenarodriguezzamora_veracruz,Dip. Norma Azucena Rodriguez Zamora,Representacion proporcional,1986-02-07,Perla Eugenia Rodriguez Silva,Veracruz,Circunscripcion:3
tmgc_oaxaca,teofilomanuelgarciacorpus_oaxaca,Dip. Teofilo Manuel Garcia Corpus,Representacion proporcional,1958-02-06,Luis Octavio Murat Macias,Oaxaca,Circunscripcion:3
dmmdlld_veracruz,dulcemariamendezdelaluzdauzon_veracruz,Dip. Dulce Maria Mendez De La Luz Dauzon,Representacion proporcional,1985-10-06,Mayra Angelica Amador Perez,Veracruz,Circunscripcion:3
jog_veracruz,juanortizguarneros_veracruz,Dip. Juan Ortiz Guarneros,Representacion proporcional,1953-09-25,Alejandro Jesus Ceron Molina,Veracruz,Circunscripcion:3
dmsr_yucatan,dulcemariasauririancho_yucatan,Dip. Dulce Maria Sauri Riancho,Representacion proporcional,1951-08-14,Julieta Famania Ruiz,Yucatan,Circunscripcion:3
hyl_veracruz,hectoryuneslanda_veracruz,Dip. Hector Yunes Landa (LICENCIA),Representacion proporcional,1958-10-27,Edmundo Martinez Zaleta,Veracruz,Circunscripcion:3
spm_tabasco,sorayaperezmunguia_tabasco,Dip. Soraya Perez Munguia,Representacion proporcional,1977-09-27,Paloma Alejandra Franco Lopez,Tabasco,Circunscripcion:3
pgab_campeche,pabloguillermoangulobriceno_campeche,Dip. Pablo Guillermo Angulo Briceno,Representacion proporcional,1990-08-01,Vicente Exiquio Cruz Ramirez,Campeche,Circunscripcion:3
aiv_veracruz,aniluingramvallines_veracruz,Dip. Anilu Ingram Vallines (LICENCIA),Representacion proporcional,1980-08-26,Mayusa Isolina Gonzalez Cauich(en funciones),Veracruz,Circunscripcion:3
mlh_veracruz,manuellimonhernandez_veracruz,Dip. Manuel Limon Hernandez,Representacion proporcional,1946-01-10,Jose Julio Espinosa Morales,Veracruz,Circunscripcion:3
jegm_quintana roo,jorgeemiliogonzalezmartinez_quintana roo,Dip. Jorge Emilio Gonzalez Martinez (LICENCIA),Representacion proporcional,1972-04-16,Jorge Francisco Corona Mendez(en funciones),Quintana Roo,Circunscripcion:3
appdlp_quintana roo,anapatriciaperaltadelapena_quintana roo,Dip. Ana Patricia Peralta De La Pena,Representacion proporcional,1990-06-24,Paola De La Concepcion Palma Vazquez,Quintana Roo,Circunscripcion:3
egr_veracruz,edithgarciarosales_veracruz,Dip. Edith Garcia Rosales,Representacion proporcional,1992-10-17,Susana Lili Marquez Pineda,Veracruz,Circunscripcion:3
apc_oaxaca,alejandroponcecobos_oaxaca,Dip. Alejandro Ponce Cobos,Representacion proporcional,1972-04-17,Jose Amador Izundegui Ordonez,Oaxaca,Circunscripcion:3
pdcdlcd_chiapas,patriciadelcarmendelacruzdelucio_chiapas,Dip. Patricia Del Carmen De La Cruz Delucio,Representacion proporcional,1971-06-21,Yendi Nayeli Hernandez Solorzano,Chiapas,Circunscripcion:3
ism_oaxaca,iransantiagomanuel_oaxaca,Dip. Iran Santiago Manuel,Representacion proporcional,1985-03-04,Francisco Salinas Bautista,Oaxaca,Circunscripcion:3
lagm_veracruz,lizethamayraniguerramendez_veracruz,Dip. Lizeth Amayrani Guerra Mendez,Representacion proporcional,1994-01-18,Velia Laura Landeros Garcia,Veracruz,Circunscripcion:3
jca_veracruz,juliocarranzaareas_veracruz,Dip. Julio Carranza Areas,Representacion proporcional,1965-03-14,Carlos Alberto Vega Celorio,Veracruz,Circunscripcion:3
vmg_oaxaca,virginiamerinogarcia_oaxaca,Dip. Virginia Merino Garcia,Representacion proporcional,1986-01-11,--- --- ---,Oaxaca,Circunscripcion:3
mgv_veracruz,manuelgomezventura_veracruz,Dip. Manuel Gomez Ventura,Representacion proporcional,1966-11-10,Raul Athie Cisneros,Veracruz,Circunscripcion:3
ecma_chiapas,emeteriaclaudiamartinezaguilar_chiapas,Dip. Emeteria Claudia Martinez Aguilar,Representacion proporcional,1985-03-03,Damaris Del Rocio Vera Lara,Chiapas,Circunscripcion:3
ljas_quintana roo,luisjavieralegresalazar_quintana roo,Dip. Luis Javier Alegre Salazar,Representacion proporcional,1964-02-04,Wilbert Alberto Batun Chulim,Quintana Roo,Circunscripcion:3
gzs_oaxaca,gracielazavaletasanchez_oaxaca,Dip. Graciela Zavaleta Sanchez,Representacion proporcional,1946-12-23,Concepcion Sanchez Bartolo,Oaxaca,Circunscripcion:3
csr_chiapas,cirosalesruiz_chiapas,Dip. Ciro Sales Ruiz (LICENCIA),Representacion proporcional,1974-01-01,Jorge Angel Sibaja Mendoza(en funciones),Chiapas,Circunscripcion:3
zov_veracruz,zairaochoavaldivia_veracruz,Dip. Zaira Ochoa Valdivia,Representacion proporcional,1973-03-05,Martha Rosa Morales Romero,Veracruz,Circunscripcion:3
maaz_chiapas,marcoantonioandradezavala_chiapas,Dip. Marco Antonio Andrade Zavala,Representacion proporcional,1972-11-17,Daniel Castillo De La Cruz,Chiapas,Circunscripcion:3
rvc_veracruz,rosalbavalenciacruz_veracruz,Dip. Rosalba Valencia Cruz,Representacion proporcional,1965-07-25,Alma Valdivieso Medina,Veracruz,Circunscripcion:3
acc_oaxaca,armandocontrerascastillo_oaxaca,Dip. Armando Contreras Castillo,Representacion proporcional,1966-04-13,Luis Alberto Sosa Castillo,Oaxaca,Circunscripcion:3
era_tabasco,ediltrudisrodriguezarellano_tabasco,Dip. Ediltrudis Rodriguez Arellano,Representacion proporcional,1954-06-23,Cecileyvis Perez Portela,Tabasco,Circunscripcion:3
mamp_veracruz,marcoantoniomedinaperez_veracruz,Dip. Marco Antonio Medina Perez,Representacion proporcional,1958-12-17,Genaro Ibanez Martinez,Veracruz,Circunscripcion:3
dgc_veracruz,dorhenygarciacayetano_veracruz,Dip. Dorheny Garcia Cayetano,Representacion proporcional,1990-07-25,Clementina Salazar Cruz,Veracruz,Circunscripcion:3
vbl_oaxaca,victorblaslopez_oaxaca,Dip. Victor Blas Lopez,Representacion proporcional,1965-08-09,Jorge Cruz Melendez,Oaxaca,Circunscripcion:3
mmr_oaxaca,maribelmartinezruiz_oaxaca,Dip. Maribel Martinez Ruiz,Representacion proporcional,1972-10-30,Lucy Hernandez Perez,Oaxaca,Circunscripcion:3
jrh_ciudad de mexico,jorgeromeroherrera_ciudad de mexico,Dip. Jorge Romero Herrera,Representacion proporcional,1979-01-03,Mario Enrique Sanchez Flores,Ciudad de Mexico,Circunscripcion:4
adf_tlaxcala,adrianadavilafernandez_tlaxcala,Dip. Adriana Davila Fernandez,Representacion proporcional,1970-12-30,Bibian Eunice Ordaz Llanes,Tlaxcala,Circunscripcion:4
maac_morelos,marcoantonioadamecastillo_morelos,Dip. Marco Antonio Adame Castillo,Representacion proporcional,1960-12-06,Andres Diaz Larios,Morelos,Circunscripcion:4
vmsr_puebla,veronicamariasobradorodriguez_puebla,Dip. Veronica Maria Sobrado Rodriguez,Representacion proporcional,1970-03-07,Yolanda Rodriguez De Jesus,Puebla,Circunscripcion:4
ccm_tlaxcala,carloscarreonmejia_tlaxcala,Dip. Carlos Carreon Mejia,Representacion proporcional,1973-05-27,Raymundo Bolanos Azocar,Tlaxcala,Circunscripcion:4
alrm_ciudad de mexico,analuciariojasmartinez_ciudad de mexico,Dip. Ana Lucia Riojas Martinez,Representacion proporcional,1988-02-25,Imelda Noemi Gonzalez Barreras,Ciudad de Mexico,Circunscripcion:4
odmt_morelos,oscardanielmartinezterrazas_morelos,Dip. Oscar Daniel Martinez Terrazas,Representacion proporcional,1986-01-17,Angelo Gutierrez Hernandez,Morelos,Circunscripcion:4
hsc_ciudad de mexico,hectorserranocortes_ciudad de mexico,Dip. Hector Serrano Cortes,Representacion proporcional,1962-04-22,Lauro Antonio Martinez Salas,Ciudad de Mexico,Circunscripcion:4
jmr_ciudad de mexico,julietamaciasrabago_ciudad de mexico,Dip. Julieta Macias Rabago,Representacion proporcional,1971-10-05,Mariana Ivonne Breton Hernandez,Ciudad de Mexico,Circunscripcion:4
matg_ciudad de mexico,mauricioalonsotoledogutierrez_ciudad de mexico,Dip. Mauricio Alonso Toledo Gutierrez,Representacion proporcional,1980-06-19,Benito Ocampo Olivares,Ciudad de Mexico,Circunscripcion:4
lerm_ciudad de mexico,luzestefaniarosasmartinez_ciudad de mexico,Dip. Luz Estefania Rosas Martinez,Representacion proporcional,1995-08-22,Gabriela Scarlett Perez Perez,Ciudad de Mexico,Circunscripcion:4
mtm_ciudad de mexico,marthataglemartinez_ciudad de mexico,Dip. Martha Tagle Martinez,Representacion proporcional,1973-11-26,Lucia Alejandra Puente Garcia,Ciudad de Mexico,Circunscripcion:4
lmg_ciudad de mexico,lauramartinezgonzalez_ciudad de mexico,Dip. Laura Martinez Gonzalez,Representacion proporcional,1970-01-15,Maria Hilda Penaloza Martinez,Ciudad de Mexico,Circunscripcion:4
mlsp_puebla,marialucerosaldanaperez_puebla,Dip. Maria Lucero Saldana Perez,Representacion proporcional,1957-01-18,Iris Orihuela Perez,Puebla,Circunscripcion:4
fgf_ciudad de mexico,fernandogalindofavela_ciudad de mexico,Dip. Fernando Galindo Favela,Representacion proporcional,1978-05-06,Luis Madrazo Lajous,Ciudad de Mexico,Circunscripcion:4
cilc_ciudad de mexico,cynthiailianalopezcastro_ciudad de mexico,Dip. Cynthia Iliana Lopez Castro,Representacion proporcional,1987-02-18,Jessica Camarero Morales,Ciudad de Mexico,Circunscripcion:4
rjc_guerrero,renejuarezcisneros_guerrero,Dip. Rene Juarez Cisneros,Representacion proporcional,1956-06-08,Paul Ospital Carrera,Guerrero,Circunscripcion:4
cpb_ciudad de mexico,claudiapastorbadilla_ciudad de mexico,Dip. Claudia Pastor Badilla,Representacion proporcional,1970-12-01,Myrna Yvet Torres Camacho,Ciudad de Mexico,Circunscripcion:4
lelcm_puebla,luiseleusisleonidascordovamoran_puebla,Dip. Luis Eleusis Leonidas Cordova Moran,Representacion proporcional,1949-09-26,Eduardo Zarate Salgado,Puebla,Circunscripcion:4
aeyv_ciudad de mexico,arturoescobaryvega_ciudad de mexico,Dip. Arturo Escobar y Vega,Representacion proporcional,1970-04-23,Omar Sesai Jimenez Santos,Ciudad de Mexico,Circunscripcion:4
nafc_ciudad de mexico,nayeliarlenfernandezcruz_ciudad de mexico,Dip. Nayeli Arlen Fernandez Cruz,Representacion proporcional,1984-01-16,Veronica Guadalupe Brunt Gonzalez,Ciudad de Mexico,Circunscripcion:4
mblc_ciudad de mexico,mariabeatrizlopezchavez_ciudad de mexico,Dip. Maria Beatriz Lopez Chavez,Representacion proporcional,1973-08-18,Mercedes Sanchez Garcia,Ciudad de Mexico,Circunscripcion:4
scm_morelos,samuelcalderonmedina_morelos,Dip. Samuel Calderon Medina,Representacion proporcional,1951-12-27,Amando Embarcadero Perez,Morelos,Circunscripcion:4
rdpvm_ciudad de mexico,rociodelpilarvillarauzmartinez_ciudad de mexico,Dip. Rocio del Pilar Villarauz Martinez,Representacion proporcional,1977-12-12,--- --- ---,Ciudad de Mexico,Circunscripcion:4
dbr_puebla,davidbautistarivera_puebla,Dip. David Bautista Rivera,Representacion proporcional,1981-03-27,Benjamin Garcia Vazquez,Puebla,Circunscripcion:4
bel_morelos,brendaespinozalopez_morelos,Dip. Brenda Espinoza Lopez,Representacion proporcional,1988-06-19,Rocio Carolina Pozos Ponce,Morelos,Circunscripcion:4
mimv_puebla,moisesignaciomiervelazco_puebla,Dip. Moises Ignacio Mier Velazco,Representacion proporcional,1961-01-04,Jose Alfonso Suarez Del Real  Y Aguilera,Puebla,Circunscripcion:4
lda_ciudad de mexico,leticiadiazaguilar_ciudad de mexico,Dip. Leticia Diaz Aguilar,Representacion proporcional,1964-03-20,Ana Lilia Flores Galindo,Ciudad de Mexico,Circunscripcion:4
lepc_ciudad de mexico,lucioernestopalacioscordero_ciudad de mexico,Dip. Lucio Ernesto Palacios Cordero,Representacion proporcional,1977-07-07,Jose Alejandro Esquivel Diaz,Ciudad de Mexico,Circunscripcion:4
gcb_ciudad de mexico,gabrielacuevasbarron_ciudad de mexico,Dip. Gabriela Cuevas Barron,Representacion proporcional,1979-04-03,Brenda Estefan Martinez,Ciudad de Mexico,Circunscripcion:4
ldjj_ciudad de mexico,luciodejesusjimenez_ciudad de mexico,Dip. Lucio De Jesus Jimenez,Representacion proporcional,1970-12-15,Juan Manuel Hernandez Cruz,Ciudad de Mexico,Circunscripcion:4
sbcs_puebla,susanabeatrizcuaxiloaserrano_puebla,Dip. Susana Beatriz Cuaxiloa Serrano,Representacion proporcional,1952-01-19,Maria Esther Gonzalez Avendano,Puebla,Circunscripcion:4
pml_ciudad de mexico,porfiriomunozledo_ciudad de mexico,Dip. Porfirio Munoz Ledo,Representacion proporcional,1933-07-23,Jose Agustin Ortiz Pinchetti,Ciudad de Mexico,Circunscripcion:4
irm_guerrero,idaliareyesmiguel_guerrero,Dip. Idalia Reyes Miguel,Representacion proporcional,1976-08-15,Nachelli Soria Morales,Guerrero,Circunscripcion:4
mhm_guerrero,manuelhuertamartinez_guerrero,Dip. Manuel Huerta Martinez,Representacion proporcional,1963-12-02,Vicente Paul Espinosa Guadarrama,Guerrero,Circunscripcion:4
apb_ciudad de mexico,adelapinabernal_ciudad de mexico,Dip. Adela Pina Bernal,Representacion proporcional,1964-12-28,Esther Giles Morales,Ciudad de Mexico,Circunscripcion:4
mac_ciudad de mexico,maximinoalejandrocandelaria_ciudad de mexico,Dip. Maximino Alejandro Candelaria,Representacion proporcional,1977-01-08,Luis Alfredo Ortiz Pantoja,Ciudad de Mexico,Circunscripcion:4
lfo_ciudad de mexico,luciafloresolivo_ciudad de mexico,Dip. Lucia Flores Olivo,Representacion proporcional,1965-04-09,Gisela Barrera Badillo,Ciudad de Mexico,Circunscripcion:4
arhg_puebla,agustinreynaldohuertagonzalez_puebla,Dip. Agustin Reynaldo Huerta Gonzalez,Representacion proporcional,1962-05-07,Juan Pablo Gonzalez Lima,Puebla,Circunscripcion:4
sgu_tlaxcala,silvanogarayulloa_tlaxcala,Dip. Silvano Garay Ulloa,Representacion proporcional,1959-02-10,--- --- ---,Tlaxcala,Circunscripcion:4
iarr_mexico,ivanarturorodriguezrivera_mexico,Dip. Ivan Arturo Rodriguez Rivera (LICENCIA),Representacion proporcional,1974-05-02,Mario Manuel Sanchez Villafuerte(en funciones),Mexico,Circunscripcion:5
larh_mexico,lauraangelicarojashernandez_mexico,Dip. Laura Angelica Rojas Hernandez,Representacion proporcional,1975-12-26,Beatriz Balanzar Sanchez,Mexico,Circunscripcion:5
jlpr_colima,jorgeluispreciadorodriguez_colima,Dip. Jorge Luis Preciado Rodriguez,Representacion proporcional,1972-08-09,Oscar Carlos Zurroza Barrera,Colima,Circunscripcion:5
mlsm_colima,marialiduvinasandovalmendoza_colima,Dip. Maria Liduvina Sandoval Mendoza,Representacion proporcional,1976-01-24,Elena Gabriela Ocon Corona,Colima,Circunscripcion:5
atr_michoacan,adolfotorresramirez_michoacan,Dip. Adolfo Torres Ramirez,Representacion proporcional,1980-11-18,Armando Aviles Garcia,Michoacan,Circunscripcion:5
grl_hidalgo,gloriaromeroleon_hidalgo,Dip. Gloria Romero Leon,Representacion proporcional,1964-01-25,Gloria Isabel Vite Cruz,Hidalgo,Circunscripcion:5
ctp_michoacan,carlostorrespina_michoacan,Dip. Carlos Torres Pina,Representacion proporcional,1979-03-01,Alejandro Mendoza Olvera,Michoacan,Circunscripcion:5
mbr_mexico,monicabautistarodriguez_mexico,Dip. Monica Bautista Rodriguez,Representacion proporcional,1976-02-13,Maria Isabel Monroy Garcia,Mexico,Circunscripcion:5
jsn_mexico,javiersalinasnarvaez_mexico,Dip. Javier Salinas Narvaez,Representacion proporcional,1965-11-22,Efrain Garcia Becerra,Mexico,Circunscripcion:5
jdca_mexico,jacobodavidchejaalfaro_mexico,Dip. Jacobo David Cheja Alfaro,Representacion proporcional,1965-10-08,Erick Jair Miranda Hernandez,Mexico,Circunscripcion:5
rsr_mexico,ruthsalinasreyes_mexico,Dip. Ruth Salinas Reyes,Representacion proporcional,1985-02-19,Miriam Alejandra Cedillo Conde,Mexico,Circunscripcion:5
eor_michoacan,enriqueochoareza_michoacan,Dip. Enrique Ochoa Reza,Representacion proporcional,1972-09-01,Fernando Elias Calles Alvarez,Michoacan,Circunscripcion:5
alha_mexico,analiliaherreraanzaldo_mexico,Dip. Ana Lilia Herrera Anzaldo,Representacion proporcional,1971-08-29,Laura Isabel Hernandez Pichardo,Mexico,Circunscripcion:5
lemn_mexico,luisenriquemirandanava_mexico,Dip. Luis Enrique Miranda Nava,Representacion proporcional,1965-02-04,Paulo Cesar Juarez Segura,Mexico,Circunscripcion:5
mgvg_mexico,marcelaguillerminavelascogonzalez_mexico,Dip. Marcela Guillermina Velasco Gonzalez,Representacion proporcional,1952-06-25,Ma. Dina Herrera Soto,Mexico,Circunscripcion:5
baap_mexico,brasilalbertoacostapena_mexico,Dip. Brasil Alberto Acosta Pena,Representacion proporcional,1970-06-21,Santiago Alberto Ruiz Francisco,Mexico,Circunscripcion:5
xpdlm_colima,ximenapuentedelamora_colima,Dip. Ximena Puente De La Mora,Representacion proporcional,1977-03-12,Viviana Cristal Mondragon Lazo,Colima,Circunscripcion:5
ejna_mexico,ernestojaviernemeralvarez_mexico,Dip. Ernesto Javier Nemer Alvarez (LICENCIA),Representacion proporcional,1961-07-17,Oscar Jimenez Rayon(en funciones),Mexico,Circunscripcion:5
lbf_mexico,laurabarrerafortoul_mexico,Dip. Laura Barrera Fortoul,Representacion proporcional,1976-05-10,Brenda Liz Palomares Mendez,Mexico,Circunscripcion:5
avv_mexico,alejandroviedmavelazquez_mexico,Dip. Alejandro Viedma Velazquez,Representacion proporcional,1991-11-11,Emilio Acosta Martinez,Mexico,Circunscripcion:5
lmgo_mexico,leticiamarianagomezordaz_mexico,Dip. Leticia Mariana Gomez Ordaz,Representacion proporcional,1983-03-06,Martha Ramirez Bravo,Mexico,Circunscripcion:5
jsan_mexico,jesussergioalcantaranunez_mexico,Dip. Jesus Sergio Alcantara Nunez,Representacion proporcional,1965-06-21,Fernando Danel Villareal,Mexico,Circunscripcion:5
sbj_mexico,socorrobahenajimenez_mexico,Dip. Socorro Bahena Jimenez,Representacion proporcional,1988-08-10,Eugenia Flores Fuentes,Mexico,Circunscripcion:5
pdas_mexico,pedrodanielabasolosanchez_mexico,Dip. Pedro Daniel Abasolo Sanchez,Representacion proporcional,1991-02-03,Carlos Alejandro Mendoza Alvarez,Mexico,Circunscripcion:5
rcao_michoacan,reynacelesteascencioortega_michoacan,Dip. Reyna Celeste Ascencio Ortega,Representacion proporcional,1993-01-05,Carolina Rangel Gracida,Michoacan,Circunscripcion:5
hmm_michoacan,hirepanmayamartinez_michoacan,Dip. Hirepan Maya Martinez,Representacion proporcional,1977-12-02,Miguel Angel Sandoval Rodriguez,Michoacan,Circunscripcion:5
scg_mexico,susanacanogonzalez_mexico,Dip. Susana Cano Gonzalez,Representacion proporcional,1949-06-02,Maria Guadalupe Roldan Gonzalez,Mexico,Circunscripcion:5
hdo_mexico,horacioduarteolivares_mexico,Dip. Horacio Duarte Olivares (LICENCIA),Representacion proporcional,1971-11-05,Sergio Carlos Gutierrez Luna(en funciones),Mexico,Circunscripcion:5
jcl_mexico,juanacarrilloluna_mexico,Dip. Juana Carrillo Luna,Representacion proporcional,1963-06-24,Talia Del Carmen Vazquez Alatorre,Mexico,Circunscripcion:5
sph_mexico,sergioperezhernandez_mexico,Dip. Sergio Perez Hernandez,Representacion proporcional,1977-10-08,Ventura Garcia Hernandez,Mexico,Circunscripcion:5
mmsb_hidalgo,mariamarivelsolisbarrera_hidalgo,Dip. Maria Marivel Solis Barrera,Representacion proporcional,1959-01-03,--- --- ---,Hidalgo,Circunscripcion:5
magr_mexico,marcoantoniogonzalezreyes_mexico,Dip. Marco Antonio Gonzalez Reyes,Representacion proporcional,1980-11-07,Raul Diaz Jimenez,Mexico,Circunscripcion:5
jgz_michoacan,julietagarciazepeda_michoacan,Dip. Julieta Garcia Zepeda (LICENCIA),Representacion proporcional,1965-03-20,Isaina Sarahi Renteria Infante(en funciones),Michoacan,Circunscripcion:5
hrrl_hidalgo,hugorafaelruizlustre_hidalgo,Dip. Hugo Rafael Ruiz Lustre,Representacion proporcional,1965-08-22,Alejandro Canek Vazquez Gongora,Hidalgo,Circunscripcion:5
mgeco_mexico,mariaguadalupeedithcastanedaortiz_mexico,Dip. Maria Guadalupe Edith Castaneda Ortiz,Representacion proporcional,1965-12-12,Viridiana Rojas Portuguez,Mexico,Circunscripcion:5
fjrn_mexico,franciscojavierramireznavarrete_mexico,Dip. Francisco Javier Ramirez Navarrete,Representacion proporcional,1988-01-03,Isaias Gomez Vences,Mexico,Circunscripcion:5
mcp_michoacan,mariachavezperez_michoacan,Dip. Maria Chavez Perez,Representacion proporcional,1963-08-15,Ana Santillan Mendez,Michoacan,Circunscripcion:5
agr_michoacan,agustingarciarubio_michoacan,Dip. Agustin Garcia Rubio,Representacion proporcional,1973-06-05,Gustavo Arciga Torres,Michoacan,Circunscripcion:5
emmt_mexico,edithmarisolmercadotorres_mexico,Dip. Edith Marisol Mercado Torres,Representacion proporcional,1986-09-15,Yuridia Elizabeth Castillo Correa,Mexico,Circunscripcion:5
rsf_michoacan,reginaldosandovalflores_michoacan,Dip. Reginaldo Sandoval Flores,Representacion proporcional,1967-05-14,--- --- ---,Michoacan,Circunscripcion:5
