CURP,Nombre,TipoLegislacion,Partido,FechaNacimiento,LugarNacimiento,PrincipioEleccion,Zona,UltimoGradoEstudios,PreparacionAcademica,Legislatura,InicioLegislatura,FinLegislatura
GOA,Absalon Garcia Ochoa,Diputado Propietario,PAN,01/01/1900, ,Mayoría Relativa, Jalisco Distrito: 15 (La Barca) ,Licenciatura,Derecho,LXIV,29/08/2018,31/08/2021
PBA,Adela Piña Bernal,Diputada Propietario,Morena,01/01/1900, ,Representación Proporcional, Ciudad de México Circunscripción: Cuarta ,Licenciatura,Ciencias de la educación,LXIV,29/08/2018,31/08/2021
TRA,Adolfo Torres Ramirez,Diputado Propietario,PAN,18/11/1980, Michoacán ,Representación Proporcional, Michoacán Circunscripción: Quinta ,Licenciatura,Administración y contaduría,LXIV,29/08/2018,31/08/2021
DFA,Adriana Davila Fernandez,Diputada Propietario,PAN,30/12/1970, Tlaxcala ,Representación Proporcional, Tlaxcala Circunscripción: Cuarta ,Licenciatura,Comunicación,LXIV,29/08/2018,31/08/2021
MOAG,Adriana Gabriela Medina Ortiz,Diputada Propietario,MC,25/06/1979, Jalisco ,Mayoría Relativa, Jalisco Distrito: 12 (Santa Cruz de las Flores) ,Licenciatura,Derecho,LXIV,29/08/2018,31/08/2021
LRA,Adriana Lozano Rodriguez,Diputada Propietario,Morena,01/01/1900, ,Mayoría Relativa, Tamaulipas Distrito: 4 (Matamoros) ,Licenciatura,Derecho,LXIV,29/08/2018,31/08/2021
EdlMGAMG,Adriana Maria Guadalupe Espinosa de los Monteros Garcia,Diputada Propietario,Morena,01/01/1900, ,Mayoría Relativa, Ciudad de México Distrito: 9 (Tláhuac) ,Licenciatura,Derecho,LXIV,29/08/2018,31/08/2021
TZAP,Adriana Paulina Teissier Zavala,Diputada Propietario,PES,01/01/1900, ,Mayoría Relativa, Quintana Roo Distrito: 1 (Playa del Carmen) ,,,LXIV,29/08/2018,31/08/2021
GRA,Agustin Garcia Rubio,Diputado Propietario,Morena,01/01/1900, ,Representación Proporcional, Michoacán Circunscripción: Quinta ,Licenciatura,Económico-financiera,LXIV,29/08/2018,31/08/2021
HGAR,Agustin Reynaldo Huerta Gonzalez,Diputado Propietario,Morena,01/01/1900, ,Representación Proporcional, Puebla Circunscripción: Cuarta ,Licenciatura,Ingeniería,LXIV,29/08/2018,31/08/2021
FSAJ,Alan Jesus Falomir Saenz,Diputado Propietario,MC,23/02/1981, Chihuahua ,Mayoría Relativa, Chihuahua Distrito: 8 (Chihuahua) ,Pasante/Licenciatura trunca,Ingeniería,LXIV,29/08/2018,31/08/2021
VVA,Alberto Villa Villegas,Diputado Propietario,Morena,25/10/1972, Distrito Federal ,Representación Proporcional, Jalisco Circunscripción: Primera ,Licenciatura,Administración y contaduría,LXIV,29/08/2018,31/08/2021
ARA,Aleida Alavez Ruiz,Diputada Propietario,Morena,10/01/1974, Distrito Federal ,Mayoría Relativa, Ciudad de México Distrito: 19 (Iztapalapa) ,Licenciatura,Comunicación,LXIV,29/08/2018,31/08/2021
PBA,Alejandra Pani Barragan,Diputada Propietario,Morena,01/01/1900, ,Mayoría Relativa, Morelos Distrito: 2 (Jiutepec) ,Licenciatura,Administración y contaduría,LXIV,29/08/2018,31/08/2021
CHA,Alejandro Carvajal Hidalgo,Diputado Propietario,Morena,01/01/1900, ,Mayoría Relativa, Puebla Distrito: 6 (Heroica Puebla de Zaragoza) ,Licenciatura,Derecho,LXIV,29/08/2018,31/08/2021
MTA,Alejandro Mojica Toledo,Diputado Propietario,Morena,01/01/1900, ,Mayoría Relativa, Morelos Distrito: 1 (Cuernavaca) ,Pasante/Licenciatura trunca,Administración y contaduría,LXIV,29/08/2018,31/08/2021
PCA,Alejandro Ponce Cobos,Diputado Propietario,Morena,01/01/1900, ,Representación Proporcional, Oaxaca Circunscripción: Tercera ,,,LXIV,29/08/2018,31/08/2021
VVA,Alejandro Viedma Velazquez,Diputado Propietario,Morena,01/01/1900, ,Representación Proporcional, México Circunscripción: Quinta ,Licenciatura,Ciencias políticas y sociales,LXIV,29/08/2018,31/08/2021
RCA,Alfonso Ramirez Cuellar,Diputado Propietario,Morena,14/06/1959, Zacatecas ,Mayoría Relativa, Ciudad de México Distrito: 14 (Tlalpan) ,Pasante/Licenciatura trunca,Derecho,LXIV,29/08/2018,31/08/2021
FBA,Alfredo Femat Bañuelos,Diputado Propietario,PT,01/01/1900, ,Mayoría Relativa, Zacatecas Distrito: 3 (Zacatecas) ,Maestría,Económico-financiera,LXIV,29/08/2018,31/08/2021
PDA,Alfredo Porras Dominguez,Diputado Propietario,PT,01/01/1900, ,Mayoría Relativa, Baja California Sur Distrito: 2 (San José del Cabo) ,Licenciatura,Ciencias políticas y sociales,LXIV,29/08/2018,31/08/2021
VAA,Alfredo Villegas Arreola,Diputado Propietario,PRI,12/01/1951, Sinaloa ,Representación Proporcional, Sinaloa Circunscripción: Primera ,Licenciatura,Ingeniería,LXIV,29/08/2018,31/08/2021
NRAD,Alma Delia Navarrete Rivera,Diputada Propietario,Morena,01/01/1900, ,Mayoría Relativa, México Distrito: 10 (Ecatepec de Morelos) ,Pasante/Licenciatura trunca,Ciencias políticas y sociales,LXIV,29/08/2018,31/08/2021
RPAK,Ana Karina Rojo Pimentel,Diputada Propietario,PT,01/01/1900, ,Mayoría Relativa, Ciudad de México Distrito: 20 (Iztapalapa) ,Pasante/Licenciatura trunca,,LXIV,29/08/2018,31/08/2021
GQAL,Ana Lilia Guillen Quiroz,Diputada Propietario,Morena,05/02/1955, Michoacán ,Mayoría Relativa, Michoacán Distrito: 8 (Morelia) ,,,LXIV,29/08/2018,31/08/2021
HAAL,Ana Lilia Herrera Anzaldo,Diputada Propietario,PRI,29/08/1971, Distrito Federal ,Representación Proporcional, México Circunscripción: Quinta ,Maestría,Otra,LXIV,29/08/2018,31/08/2021
RMAL,Ana Lucia Riojas Martinez,Diputada Propietario,Sin Partido,01/01/1900, ,Representación Proporcional, Ciudad de México Circunscripción: Cuarta ,Licenciatura,Comunicación,LXIV,29/08/2018,31/08/2021
RRAM,Ana Maria Rodriguez Ruiz,Diputada Propietario,Morena,01/01/1900, ,Mayoría Relativa, Ciudad de México Distrito: 18 (Iztapalapa) ,Preparatoria,,LXIV,29/08/2018,31/08/2021
LBAP,Ana Paola Lopez Birlain,Diputada Propietario,PAN,01/01/1900, ,Mayoría Relativa, Querétaro Distrito: 5 (El Pueblito) ,Maestría,Ciencias políticas y sociales,LXIV,29/08/2018,31/08/2021
PDLPAP,Ana Patricia Peralta De La Peña,Diputada Propietario,Morena,01/01/1900, ,Representación Proporcional, Quintana Roo Circunscripción: Tercera ,Licenciatura,Administración y contaduría,LXIV,29/08/2018,31/08/2021
GGAR,Ana Ruth Garcia Grande,Diputada Propietario,PT,30/05/1971, Nayarit ,Mayoría Relativa, Baja California Sur Distrito: 1 (La Paz) ,Maestría,Derecho,LXIV,29/08/2018,31/08/2021
SCA,Anita Sanchez Castro,Diputada Propietario,Morena,01/01/1900, ,Mayoría Relativa, Michoacán Distrito: 6 (Ciudad Hidalgo) ,Licenciatura,Ciencias de la salud,LXIV,29/08/2018,31/08/2021
GCAS,Annia Sarahi Gomez Cardenas,Diputada Propietario,PAN,01/01/1900, ,Mayoría Relativa, Nuevo León Distrito: 6 (Monterrey) ,Licenciatura,Ciencias políticas y sociales,LXIV,29/08/2018,31/08/2021
DJAN,Antonia Natividad Diaz Jimenez,Diputada Propietario,PAN,13/06/1982, ,Representación Proporcional, Oaxaca Circunscripción: Tercera ,Licenciatura,Administración y contaduría,LXIV,29/08/2018,31/08/2021
OMA,Antonio Ortega Martinez,Diputado Propietario,PRD,28/07/1954, ,Representación Proporcional, Aguascalientes Circunscripción: Segunda ,Licenciatura,Ingeniería,LXIV,29/08/2018,31/08/2021
OMA,Araceli Ocampo Manzanares,Diputada Propietario,Morena,01/01/1900, ,Mayoría Relativa, Guerrero Distrito: 2 (Iguala) ,Licenciatura,Derecho,LXIV,29/08/2018,31/08/2021
RVA,Ariel Rodriguez Vazquez,Diputado Propietario,MC,01/01/1900, ,Mayoría Relativa, Guanajuato Distrito: 1 (San Luis de la Paz) ,Doctorado,Psicología,LXIV,29/08/2018,31/08/2021
CCA,Armando Contreras Castillo,Diputado Propietario,Morena,01/01/1900, ,Representación Proporcional, Oaxaca Circunscripción: Tercera ,Licenciatura,Económico-financiera,LXIV,29/08/2018,31/08/2021
GEA,Armando Gonzalez Escoto,Diputado Propietario,PES,01/01/1900, ,Mayoría Relativa, Ciudad de México Distrito: 2 (Gustavo A. Madero) ,Licenciatura,Ingeniería,LXIV,29/08/2018,31/08/2021
RLA,Armando Reyes Ledesma,Diputado Propietario,PT,10/04/1972, Coahuila ,Mayoría Relativa, Baja California Distrito: 3 (Ensenada) ,Preparatoria,,LXIV,29/08/2018,31/08/2021
TCA,Armando Tejeda Cid,Diputado Propietario,PAN,01/01/1900, ,Mayoría Relativa, Michoacán Distrito: 4 (Jiquilpan de Juárez) ,Maestría,Ciencias políticas y sociales,LXIV,29/08/2018,31/08/2021
EVA,Arturo Escobar y Vega,Diputado Propietario,PVEM,23/04/1970, Distrito Federal ,Representación Proporcional, Ciudad de México Circunscripción: Cuarta ,Maestría,Derecho,LXIV,29/08/2018,31/08/2021
HTAR,Arturo Roberto Hernandez Tapia,Diputado Propietario,Morena,01/01/1900, ,Mayoría Relativa, México Distrito: 35 (Tenancingo de Degollado) ,Maestría,Ciencias de la salud,LXIV,29/08/2018,31/08/2021
SCA,Azael Santiago Chepi,Diputado Propietario,Morena,01/01/1900, ,Mayoría Relativa, Oaxaca Distrito: 4 (Tlacolula de Matamoros) ,Maestría,Ciencias de la educación,LXIV,29/08/2018,31/08/2021
PLBD,Beatriz Dominga Perez Lopez,Diputada Propietario,Morena,01/01/1900, ,Mayoría Relativa, Oaxaca Distrito: 6 (Heroica Ciudad de Tlaxiaco) ,Licenciatura,Derecho,LXIV,29/08/2018,31/08/2021
RMB,Beatriz Rojas Martinez,Diputada Propietario,Morena,01/01/1900, ,Mayoría Relativa, Ciudad de México Distrito: 7 (Gustavo A. Madero) ,Licenciatura,Derecho,LXIV,29/08/2018,31/08/2021
RGBS,Beatriz Silvia Robles Gutierrez,Diputada Propietario,Morena,01/01/1900, ,Mayoría Relativa, Querétaro Distrito: 3 (Santiago de Querétaro) ,Maestría,Administración y contaduría,LXIV,29/08/2018,31/08/2021
MHB,Benito Medina Herrera,Diputado Propietario,PRI,05/06/1950, Baja California ,Representación Proporcional, Baja California Circunscripción: Primera ,Maestría,Otra,LXIV,29/08/2018,31/08/2021
HCBS,Benjamin Saul Huerta Corona,Diputado Propietario,Morena,01/01/1900, ,Mayoría Relativa, Puebla Distrito: 11 (Heroica Puebla de Zaragoza) ,Licenciatura,Derecho,LXIV,29/08/2018,31/08/2021
ALB,Bonifacio Aguilar Linda,Diputado Propietario,Morena,01/01/1900, ,Mayoría Relativa, Veracruz Distrito: 18 (Zongolica) ,Secundaria,,LXIV,29/08/2018,31/08/2021
APBA,Brasil Alberto Acosta Peña,Diputado Propietario,PRI,21/06/1970, México ,Representación Proporcional, México Circunscripción: Quinta ,Doctorado,Económico-financiera,LXIV,29/08/2018,31/08/2021
ELB,Brenda Espinoza Lopez,Diputada Propietario,Morena,01/01/1900, ,Representación Proporcional, Morelos Circunscripción: Cuarta ,Licenciatura,Económico-financiera,LXIV,29/08/2018,31/08/2021
MVCA,Carlos Alberto Morales Vazquez,Diputado Propietario,Sin Partido,01/01/1900, ,Representación Proporcional, Chiapas Circunscripción: Tercera ,Licenciatura,Arquitectura y diseño,LXIV,29/08/2018,31/08/2021
PSCA,Carlos Alberto Puente Salas,Diputado Propietario,PVEM,16/12/1971, Zacatecas ,Representación Proporcional, Zacatecas Circunscripción: Segunda ,Licenciatura,Derecho,LXIV,29/08/2018,31/08/2021
VGCA,Carlos Alberto Valenzuela Gonzalez,Diputado Propietario,PAN,01/01/1900, ,Representación Proporcional, Veracruz Circunscripción: Tercera ,Maestría,Ciencias políticas y sociales,LXIV,29/08/2018,31/08/2021
CMC,Carlos Carreon Mejia,Diputado Propietario,PAN,01/01/1900, ,Representación Proporcional, Tlaxcala Circunscripción: Cuarta ,Licenciatura,Otra,LXIV,29/08/2018,31/08/2021
MACE,Carlos Enrique Martinez Ake,Diputado Propietario,Morena,01/01/1900, ,Mayoría Relativa, Campeche Distrito: 1 (San Francisco de Campeche) ,Pasante/Licenciatura trunca,Derecho,LXIV,29/08/2018,31/08/2021
CVCH,Carlos Humberto Castaños Valenzuela,Diputado Propietario,PAN,14/04/1977, Sinaloa ,Representación Proporcional, Sinaloa Circunscripción: Primera ,Licenciatura,Ciencias políticas y sociales,LXIV,29/08/2018,31/08/2021
PCC,Carlos Pavon Campos,Diputado Propietario,PRI,01/01/1900, ,Representación Proporcional, Zacatecas Circunscripción: Segunda ,Secundaria,,LXIV,29/08/2018,31/08/2021
SBC,Carlos Sanchez Barrios,Diputado Propietario,Morena,17/08/1957, ,Mayoría Relativa, Guerrero Distrito: 7 (Chilpancingo) ,Maestría,Ciencias políticas y sociales,LXIV,29/08/2018,31/08/2021
TPC,Carlos Torres Piña,Diputado Propietario,Morena,01/03/1979, Michoacán ,Representación Proporcional, Michoacán Circunscripción: Quinta ,Licenciatura,Derecho,LXIV,29/08/2018,31/08/2021
PGCJ,Carmen Julia Prudencio Gonzalez,Diputada Propietario,MC,30/06/1977, Jalisco ,Mayoría Relativa, Jalisco Distrito: 9 (Guadalajara) ,Licenciatura,Derecho,LXIV,29/08/2018,31/08/2021
MRCJ,Carmen Julieta Macias Rabago,Diputada Propietario,MC,01/01/1900, ,Representación Proporcional, Ciudad de México Circunscripción: Cuarta ,Licenciatura,Comunicación,LXIV,29/08/2018,31/08/2021
MPC,Carmen Medel Palma,Diputada Propietario,Morena,26/09/1960, ,Mayoría Relativa, Veracruz Distrito: 14 (Minatitlán) ,Maestría,Ciencias de la salud,LXIV,29/08/2018,31/08/2021
MGC,Carmen Mora Garcia,Diputada Propietario,Morena,01/01/1900, ,Mayoría Relativa, Veracruz Distrito: 9 (Coatepec) ,Secundaria,,LXIV,29/08/2018,31/08/2021
POCP,Carmen Patricia Palma Olvera,Diputada Propietario,Morena,01/01/1900, ,Mayoría Relativa, Quintana Roo Distrito: 2 (Chetumal) ,,,LXIV,29/08/2018,31/08/2021
AAC,Carol Antonio Altamirano,Diputado Propietario,Morena,13/12/1963, Oaxaca ,Mayoría Relativa, Oaxaca Distrito: 5 (Salina Cruz) ,Licenciatura,Derecho,LXIV,29/08/2018,31/08/2021
GAC,Carolina Garcia Aguilar,Diputada Propietario,PES,01/01/1900, ,Mayoría Relativa, México Distrito: 6 (Coacalco de Berriozabal) ,,,LXIV,29/08/2018,31/08/2021
PLCA,Cecilia Anunciacion Patron Laviada,Diputada Propietario,PAN,01/01/1900, ,Representación Proporcional, Yucatán Circunscripción: Tercera ,Licenciatura,Comunicación,LXIV,29/08/2018,31/08/2021
DVCA,Claudia Angelica Dominguez Vazquez,Diputada Propietario,PT,01/01/1900, ,Mayoría Relativa, México Distrito: 14 (Ciudad Adolfo López Mateos) ,Licenciatura,Derecho,LXIV,29/08/2018,31/08/2021
BRC,Claudia Baez Ruiz,Diputada Propietario,Morena,01/01/1900, ,Mayoría Relativa, Puebla Distrito: 3 (Teziutlán) ,Licenciatura,Comunicación,LXIV,29/08/2018,31/08/2021
LMCE,Claudia Elena Lastra Muñoz,Diputada Propietario,PT,01/01/1900, ,Mayoría Relativa, Chihuahua Distrito: 3 (Juárez) ,Licenciatura,,LXIV,29/08/2018,31/08/2021
LRC,Claudia Lopez Rayon,Diputada Propietario,Morena,01/01/1900, ,Mayoría Relativa, Ciudad de México Distrito: 5 (Tlalpan) ,Técnico,Otra,LXIV,29/08/2018,31/08/2021
PBC,Claudia Pastor Badilla,Diputada Propietario,PRI,01/01/1900, ,Representación Proporcional, Ciudad de México Circunscripción: Cuarta ,Maestría,Ciencias políticas y sociales,LXIV,29/08/2018,31/08/2021
RMC,Claudia Reyes Montiel,Diputada Propietario,PRD,01/01/1900, ,Mayoría Relativa, México Distrito: 18 (Huixquilucan de Degollado) ,Maestría,Ciencias políticas y sociales,LXIV,29/08/2018,31/08/2021
DGCM,Clementina Marta Dekker Gomez,Diputada Propietario,PT,10/04/1973, Chiapas ,Mayoría Relativa, Chiapas Distrito: 5 (San Cristóbal de las Casas) ,Licenciatura,Ciencias políticas y sociales,LXIV,29/08/2018,31/08/2021
RSCJ,Cruz Juvenal Roa Sanchez,Diputado Propietario,PRI,01/01/1900, ,Mayoría Relativa, México Distrito: 36 (Tejupilco de Hidalgo) ,Doctorado,Derecho,LXIV,29/08/2018,31/08/2021
LCCI,Cynthia Iliana Lopez Castro,Diputada Propietario,PRI,01/01/1900, ,Representación Proporcional, Ciudad de México Circunscripción: Cuarta ,Maestría,Ciencias políticas y sociales,LXIV,29/08/2018,31/08/2021
HPCA,Cesar Agustin Hernandez Perez,Diputado Propietario,Morena,01/01/1900, ,Mayoría Relativa, México Distrito: 30 (Chimalhuacán) ,Maestría,Ciencias políticas y sociales,LXIV,29/08/2018,31/08/2021
GGD,Daniel Gutierrez Gutierrez,Diputado Propietario,Morena,01/01/1900, ,Mayoría Relativa, Oaxaca Distrito: 10 (Miahuatlán de Porfirio Díaz) ,Licenciatura,Administración y contaduría,LXIV,29/08/2018,31/08/2021
BRD,David Bautista Rivera,Diputado Propietario,Morena,01/01/1900, ,Representación Proporcional, Puebla Circunscripción: Cuarta ,Licenciatura,Ciencias de la educación,LXIV,29/08/2018,31/08/2021
OND,David Orihuela Nava,Diputado Propietario,Morena,01/01/1900, ,Mayoría Relativa, México Distrito: 23 (Lerma de Villada) ,Licenciatura,Derecho,LXIV,29/08/2018,31/08/2021
DBVDE,Diego Eduardo Del Bosque Villarreal,Diputado Propietario,Morena,01/01/1900, ,Representación Proporcional, Coahuila Circunscripción: Segunda ,Licenciatura,Ingeniería,LXIV,29/08/2018,31/08/2021
VGD,Dionicia Vazquez Garcia,Diputada Propietario,PT,01/01/1900, ,Mayoría Relativa, México Distrito: 2 (Santa María Tultepec) ,Secundaria,,LXIV,29/08/2018,31/08/2021
GCD,Dorheny Garcia Cayetano,Diputada Propietario,Morena,01/01/1900, ,Representación Proporcional, Veracruz Circunscripción: Tercera ,Licenciatura,Derecho,LXIV,29/08/2018,31/08/2021
VGDMC,Dulce Maria Corina Villegas Guarneros,Diputada Propietario,Morena,01/01/1900, ,Mayoría Relativa, Veracruz Distrito: 15 (Orizaba) ,,,LXIV,29/08/2018,31/08/2021
MDLLDDM,Dulce Maria Mendez De La Luz Dauzon,Diputada Propietario,MC,01/01/1900, ,Representación Proporcional, Veracruz Circunscripción: Tercera ,Licenciatura,Comunicación,LXIV,29/08/2018,31/08/2021
SRDM,Dulce Maria Sauri Riancho,Diputada Propietario,PRI,14/08/1951, Yucatán ,Representación Proporcional, Yucatán Circunscripción: Tercera ,Doctorado,Humanidades,LXIV,29/08/2018,31/08/2021
SDES,Edelmiro Santiago Santos Diaz,Diputado Propietario,Morena,01/01/1900, ,Representación Proporcional, Nuevo León Circunscripción: Segunda ,Licenciatura,Ciencias de la salud,LXIV,29/08/2018,31/08/2021
GVE,Edgar Guzman Valdez,Diputado Propietario,PES,01/01/1900, ,Mayoría Relativa, Puebla Distrito: 7 (Tepeaca) ,Pasante/Licenciatura trunca,Humanidades,LXIV,29/08/2018,31/08/2021
RAE,Ediltrudis Rodriguez Arellano,Diputada Propietario,Morena,23/06/1954, Tabasco ,Representación Proporcional, Tabasco Circunscripción: Tercera ,Licenciatura,Ciencias de la educación,LXIV,29/08/2018,31/08/2021
GRE,Edith Garcia Rosales,Diputada Propietario,Morena,01/01/1900, ,Representación Proporcional, Veracruz Circunscripción: Tercera ,,,LXIV,29/08/2018,31/08/2021
MTEM,Edith Marisol Mercado Torres,Diputada Propietario,Morena,01/01/1900, ,Representación Proporcional, México Circunscripción: Quinta ,Maestría,Otra,LXIV,29/08/2018,31/08/2021
RVE,Efrain Rocha Vega,Diputado Propietario,Morena,01/01/1900, ,Representación Proporcional, Chihuahua Circunscripción: Primera ,Licenciatura,Ingeniería,LXIV,29/08/2018,31/08/2021
TDEL,Elba Lorena Torres Diaz,Diputada Propietario,PT,01/01/1900, ,Mayoría Relativa, Aguascalientes Distrito: 2 (Aguascalientes) ,Licenciatura,Ciencias de la salud,LXIV,29/08/2018,31/08/2021
ASE,Eleuterio Arrieta Sanchez,Diputado Propietario,Morena,01/01/1900, ,Mayoría Relativa, Veracruz Distrito: 13 (Huatusco) ,Maestría,Ciencias de la salud,LXIV,29/08/2018,31/08/2021
MAEC,Emeteria Claudia Martinez Aguilar,Diputada Propietario,Morena,03/03/1985, Chiapas ,Representación Proporcional, Chiapas Circunscripción: Tercera ,Licenciatura,Psicología,LXIV,29/08/2018,31/08/2021
MTE,Emilio Manzanilla Tellez,Diputado Propietario,PT,01/01/1900, ,Mayoría Relativa, México Distrito: 16 (Ecatepec de Morelos) ,Licenciatura,Ciencias políticas y sociales,LXIV,29/08/2018,31/08/2021
RCE,Emmanuel Reyes Carmona,Diputado Propietario,Morena,01/01/1900, ,Mayoría Relativa, Guanajuato Distrito: 13 (Valle de Santiago) ,Licenciatura,Derecho,LXIV,29/08/2018,31/08/2021
ORE,Enrique Ochoa Reza,Diputado Propietario,PRI,01/09/1972, Michoacán ,Representación Proporcional, Michoacán Circunscripción: Quinta ,Doctorado,Ciencias políticas y sociales,LXIV,29/08/2018,31/08/2021
RGE,Eraclio Rodriguez Gomez,Diputado Propietario,PT,01/01/1900, ,Mayoría Relativa, Chihuahua Distrito: 7 (Cuauhtémoc) ,Pasante/Licenciatura trunca,,LXIV,29/08/2018,31/08/2021
GRE,Erasmo Gonzalez Robledo,Diputado Propietario,Morena,01/01/1900, ,Mayoría Relativa, Tamaulipas Distrito: 7 (Ciudad Madero) ,Maestría,Ciencias políticas y sociales,LXIV,29/08/2018,31/08/2021
MEEI,Erik Isaac Morales Elvira,Diputado Propietario,Morena,01/09/1976, ,Mayoría Relativa, Baja California Distrito: 7 (Mexicali) ,,,LXIV,29/08/2018,31/08/2021
RUEM,Erika Mariana Rosas Uribe,Diputada Propietario,Morena,01/01/1900, ,Representación Proporcional, Sinaloa Circunscripción: Primera ,Licenciatura,Comunicación,LXIV,29/08/2018,31/08/2021
DCIEV,Erika Vanessa Del Castillo Ibarra,Diputada Propietario,Morena,01/01/1900, ,Mayoría Relativa, Ciudad de México Distrito: 1 (Gustavo A. Madero) ,Licenciatura,Ciencias políticas y sociales,LXIV,29/08/2018,31/08/2021
RAE,Ernesto Ruffo Appel,Diputado Propietario,PAN,25/06/1952, ,Representación Proporcional, Baja California Circunscripción: Primera ,Licenciatura,Administración y contaduría,LXIV,29/08/2018,31/08/2021
MMEdlA,Esmeralda de los Angeles Moreno Medina,Diputada Propietario,PES,01/01/1900, ,Mayoría Relativa, México Distrito: 26 (Toluca de Lerdo) ,Maestría,Derecho,LXIV,29/08/2018,31/08/2021
BBE,Esteban Barajas Barajas,Diputado Propietario,Morena,01/01/1900, ,Mayoría Relativa, Michoacán Distrito: 2 (Puruandiro) ,Licenciatura,Ciencias políticas y sociales,LXIV,29/08/2018,31/08/2021
NAE,Estela Nuñez Alvarez,Diputada Propietario,Morena,01/01/1900, ,Mayoría Relativa, Tabasco Distrito: 1 (Macuspana) ,Licenciatura,Ciencias de la educación,LXIV,29/08/2018,31/08/2021
RFEJ,Eulalio Juan Rios Fararoni,Diputado Propietario,Morena,01/01/1900, ,Mayoría Relativa, Veracruz Distrito: 20 (Cosoleacaque) ,Licenciatura,,LXIV,29/08/2018,31/08/2021
PREL,Evaristo Lenin Perez Rivera,Diputado Propietario,Morena,01/01/1900, ,Mayoría Relativa, Coahuila Distrito: 1 (Piedras Negras) ,Maestría,Comunicación,LXIV,29/08/2018,31/08/2021
LHFRG,Fabiola Raquel Guadalupe Loya Hernandez,Diputada Propietario,MC,05/11/1974, Sonora ,Mayoría Relativa, Jalisco Distrito: 6 (Zapopan) ,Licenciatura,Administración y contaduría,LXIV,29/08/2018,31/08/2021
FAF,Feliciano Flores Anguiano,Diputado Propietario,Morena,01/01/1900, ,Mayoría Relativa, Michoacán Distrito: 1 (Lázaro Cárdenas) ,Pasante/Licenciatura trunca,Ciencias de la educación,LXIV,29/08/2018,31/08/2021
MOFF,Felipe Fernando Macias Olvera,Diputado Propietario,PAN,01/01/1900, ,Mayoría Relativa, Querétaro Distrito: 4 (Santiago de Querétaro) ,Maestría,Ciencias políticas y sociales,LXIV,29/08/2018,31/08/2021
ADLLFR,Felipe Rafael Arvizu De La Luz,Diputado Propietario,Morena,01/01/1900, ,Mayoría Relativa, México Distrito: 12 (Ixtapaluca) ,Maestría,Administración y contaduría,LXIV,29/08/2018,31/08/2021
GFF,Fernando Galindo Favela,Diputado Propietario,PRI,06/05/1978, ,Representación Proporcional, Ciudad de México Circunscripción: Cuarta ,Licenciatura,Económico-financiera,LXIV,29/08/2018,31/08/2021
MPFL,Fernando Luis Manzanilla Prieto,Diputado Propietario,PES,10/05/1968, ,Mayoría Relativa, Puebla Distrito: 12 (Heroica Puebla de Zaragoza) ,Maestría,Ciencias políticas y sociales,LXIV,29/08/2018,31/08/2021
TGF,Fernando Torres Graciano,Diputado Propietario,PAN,27/08/1970, Guanajuato ,Representación Proporcional, Guanajuato Circunscripción: Segunda ,Maestría,Derecho,LXIV,29/08/2018,31/08/2021
CSFT,Flora Tania Cruz Santos,Diputada Propietario,Morena,01/01/1900, ,Mayoría Relativa, Veracruz Distrito: 11 (Coatzacoalcos) ,Maestría,Ciencias de la educación,LXIV,29/08/2018,31/08/2021
RCF,Fortunato Rivera Castillo,Diputado Propietario,Morena,01/01/1900, ,Mayoría Relativa, Hidalgo Distrito: 1 (Huejutla de Reyes) ,Licenciatura,Otra,LXIV,29/08/2018,31/08/2021
EGF,Francisco Elizondo Garrido,Diputado Propietario,Morena,17/01/1982, ,Representación Proporcional, Nuevo León Circunscripción: Segunda ,Maestría,Derecho,LXIV,29/08/2018,31/08/2021
FPF,Francisco Favela Peñuñuri,Diputado Propietario,PT,01/01/1900, ,Mayoría Relativa, México Distrito: 5 (Teotihuacan de Arista) ,Licenciatura,Ciencias de la salud,LXIV,29/08/2018,31/08/2021
BAFJ,Francisco Javier Borrego Adame,Diputado Propietario,Morena,01/01/1900, ,Mayoría Relativa, Coahuila Distrito: 2 (San Pedro) ,Técnico,Administración y contaduría,LXIV,29/08/2018,31/08/2021
GDLTFJ,Francisco Javier Guzman De La Torre,Diputado Propietario,Morena,29/08/1944, Jalisco ,Representación Proporcional, Jalisco Circunscripción: Primera ,Secundaria,,LXIV,29/08/2018,31/08/2021
LNFJ,Francisco Javier Luevano Nuñez,Diputado Propietario,PAN,01/01/1900, ,Mayoría Relativa, Aguascalientes Distrito: 1 (Jesús María) ,Pasante/Licenciatura trunca,Arquitectura y diseño,LXIV,29/08/2018,31/08/2021
RNFJ,Francisco Javier Ramirez Navarrete,Diputado Propietario,Morena,01/01/1900, ,Representación Proporcional, México Circunscripción: Quinta ,Licenciatura,Otra,LXIV,29/08/2018,31/08/2021
SCFJ,Francisco Javier Saldivar Camacho,Diputado Propietario,PES,01/01/1900, ,Mayoría Relativa, Ciudad de México Distrito: 17 (Cuajimalpa de Morelos) ,Pasante/Licenciatura trunca,Administración y contaduría,LXIV,29/08/2018,31/08/2021
EMFA,Frida Alejandra Esparza Marquez,Diputada Propietario,PRD,01/01/1900, ,Representación Proporcional, Zacatecas Circunscripción: Segunda ,Licenciatura,Humanidades,LXIV,29/08/2018,31/08/2021
AYF,Frinne Azuara Yarzabal,Diputada Propietario,PRI,01/01/1900, ,Representación Proporcional, San Luis Potosí Circunscripción: Segunda ,Maestría,Ciencias de la salud,LXIV,29/08/2018,31/08/2021
CBG,Gabriela Cuevas Barron,Diputada Propietario,Morena,03/04/1979, Distrito Federal ,Representación Proporcional, Ciudad de México Circunscripción: Cuarta ,Pasante/Licenciatura trunca,Ciencias políticas y sociales,LXIV,29/08/2018,31/08/2021
HVGI,Geraldina Isabel Herrera Vega,Diputada Propietario,MC,01/01/1900, ,Mayoría Relativa, Jalisco Distrito: 10 (Zapopan) ,Licenciatura,Económico-financiera,LXIV,29/08/2018,31/08/2021
RLG,Gloria Romero Leon,Diputada Propietario,PAN,25/01/1964, Hidalgo ,Representación Proporcional, Hidalgo Circunscripción: Quinta ,Maestría,Ciencias políticas y sociales,LXIV,29/08/2018,31/08/2021
HPG,Gonzalo Herrera Perez,Diputado Propietario,Morena,01/01/1900, ,Mayoría Relativa, Michoacán Distrito: 7 (Zacapu) ,Licenciatura,,LXIV,29/08/2018,31/08/2021
SOG,Graciela Sanchez Ortiz,Diputada Propietario,Morena,01/01/1900, ,Mayoría Relativa, México Distrito: 21 (Amecameca de Juárez) ,Licenciatura,Ciencias políticas y sociales,LXIV,29/08/2018,31/08/2021
ZSG,Graciela Zavaleta Sanchez,Diputada Propietario,Morena,23/12/1946, Oaxaca ,Representación Proporcional, Oaxaca Circunscripción: Tercera ,Primaria,,LXIV,29/08/2018,31/08/2021
RSG,Guadalupe Ramos Sotelo,Diputada Propietario,Morena,01/01/1900, ,Mayoría Relativa, Ciudad de México Distrito: 24 (Coyoacán) ,Técnico,Ciencias de la salud,LXIV,29/08/2018,31/08/2021
RRG,Guadalupe Romo Romo,Diputado Propietario,PAN,01/01/1900, ,Mayoría Relativa, Jalisco Distrito: 3 (Tepatitlán de Morelos) ,Secundaria,,LXIV,29/08/2018,31/08/2021
CMG,Gustavo Contreras Montes,Diputado Propietario,Morena,01/01/1900, ,Mayoría Relativa, México Distrito: 8 (Tultitlán de Mariano Escobedo) ,Pasante/Licenciatura trunca,Administración y contaduría,LXIV,29/08/2018,31/08/2021
ACHM,Heriberto Marcelo Aguilar Castillo,Diputado Propietario,Morena,12/02/1975, Sonora ,Mayoría Relativa, Sonora Distrito: 4 (Guaymas) ,Licenciatura,Ingeniería,LXIV,29/08/2018,31/08/2021
SWH,Hernan Salinas Wolberg,Diputado Propietario,PAN,01/04/1982, Distrito Federal ,Mayoría Relativa, Nuevo León Distrito: 1 (Santa Catarina) ,Maestría,Ciencias políticas y sociales,LXIV,29/08/2018,31/08/2021
ONHP,Hilda Patricia Ortega Najera,Diputada Propietario,Morena,10/08/1966, ,Mayoría Relativa, Durango Distrito: 4 (Victoria de Durango) ,Licenciatura,Ciencias de la educación,LXIV,29/08/2018,31/08/2021
GMH,Hildelisa Gonzalez Morales,Diputada Propietario,PT,01/01/1900, ,Mayoría Relativa, Sonora Distrito: 7 (Navojoa) ,Profesor Normalista,,LXIV,29/08/2018,31/08/2021
MMH,Hirepan Maya Martinez,Diputado Propietario,Morena,01/01/1900, ,Representación Proporcional, Michoacán Circunscripción: Quinta ,Secundaria,,LXIV,29/08/2018,31/08/2021
RLHR,Hugo Rafael Ruiz Lustre,Diputado Propietario,Morena,01/01/1900, ,Representación Proporcional, Hidalgo Circunscripción: Quinta ,Maestría,Otra,LXIV,29/08/2018,31/08/2021
SCH,Hector Serrano Cortes,Diputado Propietario,PT,01/01/1900, ,Representación Proporcional, Ciudad de México Circunscripción: Cuarta ,Maestría,Derecho,LXIV,29/08/2018,31/08/2021
RMI,Idalia Reyes Miguel,Diputada Propietario,Morena,01/01/1900, ,Representación Proporcional, Guerrero Circunscripción: Cuarta ,Maestría,Ciencias de la educación,LXIV,29/08/2018,31/08/2021
PJI,Ines Parra Juarez,Diputada Propietario,Morena,01/01/1900, ,Mayoría Relativa, Puebla Distrito: 4 (Ajalpan) ,Licenciatura,Ciencias de la educación,LXIV,29/08/2018,31/08/2021
SMI,Iran Santiago Manuel,Diputado Propietario,Morena,04/03/1985, Oaxaca ,Representación Proporcional, Oaxaca Circunscripción: Tercera ,Maestría,Ciencias de la educación,LXIV,29/08/2018,31/08/2021
BDIdC,Irasema del Carmen Buenfil Diaz,Diputada Propietario,PES,01/01/1900, ,Mayoría Relativa, Campeche Distrito: 2 (Ciudad del Carmen) ,Licenciatura,Ciencias de la educación,LXIV,29/08/2018,31/08/2021
MEI,Irineo Molina Espinoza,Diputado Propietario,Morena,01/01/1900, ,Mayoría Relativa, Oaxaca Distrito: 1 (San Juan Bautista Tuxtepec) ,Licenciatura,Otra,LXIV,29/08/2018,31/08/2021
JCI,Irma Juan Carlos,Diputada Propietario,Morena,01/01/1900, ,Mayoría Relativa, Oaxaca Distrito: 2 (Teotitlán de Flores Magón) ,Maestría,Otra,LXIV,29/08/2018,31/08/2021
TVIM,Irma Maria Teran Villalobos,Diputada Propietario,PES,01/01/1900, ,Representación Proporcional, Sonora Circunscripción: Primera ,Licenciatura,Comunicación,LXIV,29/08/2018,31/08/2021
GVIM,Isabel Margarita Guerra Villarreal,Diputada Propietario,PAN,01/01/1900, ,Representación Proporcional, Nuevo León Circunscripción: Segunda ,Maestría,Ciencias de la educación,LXIV,29/08/2018,31/08/2021
GCI,Isaias Gonzalez Cuevas,Diputado Propietario,PRI,06/07/1940, México ,Representación Proporcional, Baja California Sur Circunscripción: Primera ,Secundaria,,LXIV,29/08/2018,31/08/2021
HDIA,Ismael Alfredo Hernandez Deras,Diputado Propietario,PRI,20/02/1964, Durango ,Representación Proporcional, Durango Circunscripción: Primera ,Licenciatura,Administración y contaduría,LXIV,29/08/2018,31/08/2021
CAJD,Jacobo David Cheja Alfaro,Diputado Propietario,MC,08/10/1965, San Luis Potosí ,Representación Proporcional, México Circunscripción: Quinta ,Licenciatura,Administración y contaduría,LXIV,29/08/2018,31/08/2021
MJJ,Jacquelina Martinez Juarez,Diputada Propietario,PAN,26/05/1981, Zacatecas ,Representación Proporcional, Zacatecas Circunscripción: Segunda ,Licenciatura,Comunicación,LXIV,29/08/2018,31/08/2021
PBJH,Jaime Humberto Perez Bernabe,Diputado Propietario,Morena,01/01/1900, ,Mayoría Relativa, Veracruz Distrito: 6 (Papantla de Olarte) ,Licenciatura,Ingeniería,LXIV,29/08/2018,31/08/2021
MCJM,Janet Melanie Murillo Chavez,Diputada Propietario,PAN,01/01/1900, ,Mayoría Relativa, Guanajuato Distrito: 9 (Irapuato) ,Licenciatura,Derecho,LXIV,29/08/2018,31/08/2021
TIJ,Jannet Tellez Infante,Diputada Propietario,Morena,01/01/1900, ,Mayoría Relativa, Hidalgo Distrito: 7 (Tepeapulco) ,Licenciatura,Ciencias de la educación,LXIV,29/08/2018,31/08/2021
HPJA,Javier Ariel Hidalgo Ponce,Diputado Propietario,Morena,01/01/1900, ,Mayoría Relativa, Ciudad de México Distrito: 10 (Miguel Hidalgo) ,Licenciatura,Arquitectura y diseño,LXIV,29/08/2018,31/08/2021
MSJ,Javier Manzano Salazar,Diputado Propietario,Morena,05/06/1963, Guerrero ,Mayoría Relativa, Guerrero Distrito: 5 (Tlapa) ,Profesor Normalista,,LXIV,29/08/2018,31/08/2021
SNJ,Javier Salinas Narvaez,Diputado Propietario,Morena,22/11/1965, ,Representación Proporcional, México Circunscripción: Quinta ,Doctorado,Ciencias políticas y sociales,LXIV,29/08/2018,31/08/2021
VPJC,Jesus Carlos Vidal Peniche,Diputado Propietario,PVEM,01/01/1900, ,Mayoría Relativa, Yucatán Distrito: 1 (Valladolid) ,Licenciatura,Ciencias de la educación,LXIV,29/08/2018,31/08/2021
GHJF,Jesus Fernando Garcia Hernandez,Diputado Propietario,PT,01/01/1900, ,Mayoría Relativa, Sinaloa Distrito: 3 (Guamuchil) ,Maestría,Ciencias de la educación,LXIV,29/08/2018,31/08/2021
GAJ,Jesus Guzman Aviles,Diputado Propietario,PAN,25/12/1961, Veracruz ,Mayoría Relativa, Veracruz Distrito: 2 (Tantoyuca) ,Licenciatura,Ingeniería,LXIV,29/08/2018,31/08/2021
MMJS,Jesus Salvador Minor Mora,Diputado Propietario,Morena,01/01/1900, ,Mayoría Relativa, Baja California Distrito: 1 (Mexicali) ,Licenciatura,Administración y contaduría,LXIV,29/08/2018,31/08/2021
ANJS,Jesus Sergio Alcantara Nuñez,Diputado Propietario,PRI,21/06/1965, México ,Representación Proporcional, México Circunscripción: Quinta ,Doctorado,Ciencias políticas y sociales,LXIV,29/08/2018,31/08/2021
GLJA,Jorge Alcibiades Garcia Lara,Diputado Propietario,MC,05/08/1969, Baja California ,Representación Proporcional, Baja California Circunscripción: Primera ,Licenciatura,Derecho,LXIV,29/08/2018,31/08/2021
AVJA,Jorge Arturo Argüelles Victorero,Diputado Propietario,PES,01/01/1900, ,Mayoría Relativa, Morelos Distrito: 4 (Jojutla) ,Licenciatura,Derecho,LXIV,29/08/2018,31/08/2021
EGJA,Jorge Arturo Espadas Galvan,Diputado Propietario,PAN,08/09/1975, Guanajuato ,Mayoría Relativa, Guanajuato Distrito: 11 (León) ,Maestría,Derecho,LXIV,29/08/2018,31/08/2021
MNJL,Jorge Luis Montes Nieves,Diputado Propietario,Morena,01/01/1900, ,Mayoría Relativa, Querétaro Distrito: 2 (San Juan del Río) ,Licenciatura,Psicología,LXIV,29/08/2018,31/08/2021
PRJL,Jorge Luis Preciado Rodriguez,Diputado Propietario,PAN,09/08/1972, Colima ,Representación Proporcional, Colima Circunscripción: Quinta ,Licenciatura,Derecho,LXIV,29/08/2018,31/08/2021
RHJ,Jorge Romero Herrera,Diputado Propietario,PAN,01/01/1900, ,Representación Proporcional, Ciudad de México Circunscripción: Cuarta ,Licenciatura,Derecho,LXIV,29/08/2018,31/08/2021
SBJ,Josefina Salazar Baez,Diputada Propietario,PAN,01/01/1900, ,Mayoría Relativa, San Luis Potosí Distrito: 5 (San Luis Potosí) ,Licenciatura,Administración y contaduría,LXIV,29/08/2018,31/08/2021
GQJDC,Jose Del Carmen Gomez Quej,Diputado Propietario,PAN,01/01/1900, ,Representación Proporcional, Campeche Circunscripción: Tercera ,Maestría,Económico-financiera,LXIV,29/08/2018,31/08/2021
LAJE,Jose Elias Lixa Abimerhi,Diputado Propietario,PAN,28/02/1987, Yucatán ,Mayoría Relativa, Yucatán Distrito: 4 (Mérida) ,Maestría,Otra,LXIV,29/08/2018,31/08/2021
FNJGR,Jose Gerardo Rodolfo Fernandez Noroña,Diputado Propietario,PT,19/03/1960, Distrito Federal ,Mayoría Relativa, Ciudad de México Distrito: 4 (Iztapalapa) ,Licenciatura,Ciencias políticas y sociales,LXIV,29/08/2018,31/08/2021
ARJG,Jose Guadalupe Aguilera Rojas,Diputado Propietario,PRD,01/01/1900, ,Mayoría Relativa, Michoacán Distrito: 11 (Pátzcuaro) ,Profesor Normalista,,LXIV,29/08/2018,31/08/2021
AGJG,Jose Guadalupe Ambrocio Gachuz,Diputado Propietario,Morena,01/01/1900, ,Mayoría Relativa, Morelos Distrito: 5 (Yautepec) ,Licenciatura,Ciencias políticas y sociales,LXIV,29/08/2018,31/08/2021
ASJG,Jose Guillermo Arechiga Santamaria,Diputado Propietario,Morena,02/09/1958, Puebla ,Mayoría Relativa, Puebla Distrito: 9 (Heroica Puebla de Zaragoza) ,Maestría,Ciencias de la educación,LXIV,29/08/2018,31/08/2021
TRJI,Jose Isabel Trejo Reyes,Diputado Propietario,PAN,09/04/1959, Zacatecas ,Representación Proporcional, Zacatecas Circunscripción: Segunda ,Licenciatura,Administración y contaduría,LXIV,29/08/2018,31/08/2021
EFJL,Jose Luis Elorza Flores,Diputado Propietario,Morena,01/01/1900, ,Mayoría Relativa, Chiapas Distrito: 12 (Tapachula) ,Licenciatura,Ingeniería,LXIV,29/08/2018,31/08/2021
GDJL,Jose Luis Garcia Duque,Diputado Propietario,PT,01/01/1900, ,Mayoría Relativa, Nuevo León Distrito: 3 (General Escobedo) ,Licenciatura,Administración y contaduría,LXIV,29/08/2018,31/08/2021
MLJL,Jose Luis Montalvo Luna,Diputado Propietario,PT,01/01/1900, ,Mayoría Relativa, México Distrito: 39 (Los Reyes Acaquilpan) ,Doctorado,Ciencias de la educación,LXIV,29/08/2018,31/08/2021
CPJR,Jose Ramon Cambero Perez,Diputado Propietario,PAN,01/01/1900, ,Representación Proporcional, Nayarit Circunscripción: Primera ,Licenciatura,Administración y contaduría,LXIV,29/08/2018,31/08/2021
DEJR,Jose Ricardo Delsol Estrada,Diputado Propietario,Morena,01/01/1900, San Luis Potosí ,Mayoría Relativa, San Luis Potosí Distrito: 4 (Ciudad Valles) ,,,LXIV,29/08/2018,31/08/2021
GCJR,Jose Ricardo Gallardo Cardona,Diputado Propietario,PVEM,10/11/1980, San Luis Potosí ,Mayoría Relativa, San Luis Potosí Distrito: 2 (Soledad de Graciano Sánchez) ,Licenciatura,Derecho,LXIV,29/08/2018,31/08/2021
MAJR,Jose Rigoberto Mares Aguilar,Diputado Propietario,PAN,17/02/1981, Michoacán ,Representación Proporcional, Baja California Sur Circunscripción: Primera ,Licenciatura,Comunicación,LXIV,29/08/2018,31/08/2021
RQJS,Jose Salvador Rosas Quintanilla,Diputado Propietario,PAN,01/01/1900, ,Mayoría Relativa, Tamaulipas Distrito: 1 (Nuevo Laredo) ,Licenciatura,Económico-financiera,LXIV,29/08/2018,31/08/2021
SSJdlL,Jose de la Luz Sosa Salinas,Diputado Propietario,PT,01/01/1900, ,Mayoría Relativa, Tlaxcala Distrito: 1 (Apizaco) ,Técnico,Otra,LXIV,29/08/2018,31/08/2021
BBJA,Juan Angel Bautista Bravo,Diputado Propietario,Morena,01/01/1900, México ,Mayoría Relativa, México Distrito: 31 (Ciudad Nezahualcóyotl) ,Maestría,Derecho,LXIV,29/08/2018,31/08/2021
RHJC,Juan Carlos Romero Hicks,Diputado Propietario,PAN,10/12/1955, Guanajuato ,Mayoría Relativa, Guanajuato Distrito: 4 (Guanajuato) ,Maestría,Ciencias políticas y sociales,LXIV,29/08/2018,31/08/2021
FEJE,Juan Enrique Farrera Esponda,Diputado Propietario,Morena,21/03/1967, Chiapas ,Mayoría Relativa, Chiapas Distrito: 10 (Villaflores) ,Pasante/Licenciatura trunca,Ciencias de la salud,LXIV,29/08/2018,31/08/2021
EEJF,Juan Francisco Espinoza Eguia,Diputado Propietario,PRI,10/11/1971, Nuevo León ,Mayoría Relativa, Nuevo León Distrito: 9 (Linares) ,Licenciatura,Administración y contaduría,LXIV,29/08/2018,31/08/2021
RRJI,Juan Israel Ramos Ruiz,Diputado Propietario,Morena,01/01/1900, ,Representación Proporcional, Guanajuato Circunscripción: Segunda ,Secundaria,,LXIV,29/08/2018,31/08/2021
CPJJ,Juan Jose Canul Perez,Diputado Propietario,PRI,01/01/1900, Yucatán ,Mayoría Relativa, Yucatán Distrito: 5 (Ticul) ,,,LXIV,29/08/2018,31/08/2021
ECJM,Juan Martin Espinoza Cardenas,Diputado Propietario,MC,01/01/1900, ,Mayoría Relativa, Jalisco Distrito: 17 (Jocotepec) ,Licenciatura,Administración y contaduría,LXIV,29/08/2018,31/08/2021
MFJ,Juan Martinez Flores,Diputado Propietario,Morena,03/04/1956, ,Mayoría Relativa, Veracruz Distrito: 16 (Córdoba) ,Licenciatura,Ciencias de la salud,LXIV,29/08/2018,31/08/2021
OGJ,Juan Ortiz Guarneros,Diputado Propietario,PRI,01/01/1900, ,Representación Proporcional, Veracruz Circunscripción: Tercera ,Licenciatura,Ingeniería,LXIV,29/08/2018,31/08/2021
SRJP,Juan Pablo Sanchez Rodriguez,Diputado Propietario,Morena,01/01/1900, ,Mayoría Relativa, México Distrito: 20 (Ciudad Nezahualcóyotl) ,Doctorado,Ciencias de la educación,LXIV,29/08/2018,31/08/2021
CLJ,Juana Carrillo Luna,Diputada Propietario,Morena,01/01/1900, ,Representación Proporcional, México Circunscripción: Quinta ,Licenciatura,Ingeniería,LXIV,29/08/2018,31/08/2021
GMJ,Juanita Guerra Mena,Diputada Propietario,Morena,01/01/1900, ,Mayoría Relativa, Morelos Distrito: 3 (Cuautla) ,Maestría,Otra,LXIV,29/08/2018,31/08/2021
VVJK,Julieta Kristal Vences Valencia,Diputada Propietario,Morena,01/01/1900, ,Mayoría Relativa, Puebla Distrito: 8 (Ciudad Serdán) ,Maestría,Derecho,LXIV,29/08/2018,31/08/2021
CAJ,Julio Carranza Areas,Diputado Propietario,Morena,14/03/1965, Chiapas ,Representación Proporcional, Veracruz Circunscripción: Tercera ,Pasante/Licenciatura trunca,Ingeniería,LXIV,29/08/2018,31/08/2021
AMJC,Julio Cesar Angeles Mendoza,Diputado Propietario,Morena,01/01/1900, ,Mayoría Relativa, Hidalgo Distrito: 5 (Tula de Allende) ,Licenciatura,Ingeniería,LXIV,29/08/2018,31/08/2021
ARJE,Justino Eugenio Arriaga Rojas,Diputado Propietario,PAN,20/09/1979, Guanajuato ,Mayoría Relativa, Guanajuato Distrito: 8 (Salamanca) ,Maestría,Derecho,LXIV,29/08/2018,31/08/2021
GMKM,Karen Michel Gonzalez Marquez,Diputada Propietario,PAN,21/01/1988, Guanajuato ,Mayoría Relativa, Guanajuato Distrito: 7 (San Francisco del Rincón) ,Licenciatura,Económico-financiera,LXIV,29/08/2018,31/08/2021
ABKY,Karla Yuritzi Almazan Burgos,Diputada Propietario,Morena,01/01/1900, ,Mayoría Relativa, México Distrito: 38 (Texcoco de Mora) ,Licenciatura,Ciencias políticas y sociales,LXIV,29/08/2018,31/08/2021
CLKA,Katia Alejandra Castillo Lozano,Diputada Propietario,Morena,01/01/1900, ,Representación Proporcional, Jalisco Circunscripción: Primera ,Técnico,Otra,LXIV,29/08/2018,31/08/2021
RHLA,Laura Angelica Rojas Hernandez,Diputada Propietario,PAN,26/12/1975, Distrito Federal ,Representación Proporcional, México Circunscripción: Quinta ,Maestría,Ciencias políticas y sociales,LXIV,29/08/2018,31/08/2021
BFL,Laura Barrera Fortoul,Diputada Propietario,PRI,10/05/1976, México ,Representación Proporcional, México Circunscripción: Quinta ,Maestría,Ciencias políticas y sociales,LXIV,29/08/2018,31/08/2021
MGL,Laura Martinez Gonzalez,Diputada Propietario,Morena,01/01/1900, ,Representación Proporcional, Ciudad de México Circunscripción: Cuarta ,Preparatoria,,LXIV,29/08/2018,31/08/2021
AMLP,Laura Patricia Avalos Magaña,Diputada Propietario,Morena,01/01/1900, ,Mayoría Relativa, Tabasco Distrito: 5 (Paraíso) ,Licenciatura,Derecho,LXIV,29/08/2018,31/08/2021
CCLN,Lenin Nelson Campos Cordova,Diputado Propietario,PRI,01/01/1900, ,Representación Proporcional, San Luis Potosí Circunscripción: Segunda ,Licenciatura,Derecho,LXIV,29/08/2018,31/08/2021
AMLA,Leticia Arlett Aguilar Molina,Diputada Propietario,PES,01/01/1900, ,Mayoría Relativa, Chiapas Distrito: 9 (Tuxtla Gutiérrez) ,Pasante/Licenciatura trunca,Comunicación,LXIV,29/08/2018,31/08/2021
DAL,Leticia Diaz Aguilar,Diputada Propietario,Morena,01/01/1900, ,Representación Proporcional, Ciudad de México Circunscripción: Cuarta ,Pasante/Licenciatura trunca,Derecho,LXIV,29/08/2018,31/08/2021
GOLM,Leticia Mariana Gomez Ordaz,Diputada Propietario,PVEM,01/01/1900, ,Representación Proporcional, México Circunscripción: Quinta ,Maestría,Otra,LXIV,29/08/2018,31/08/2021
GAL,Lidia Garcia Anaya,Diputada Propietario,Morena,01/01/1900, ,Mayoría Relativa, Hidalgo Distrito: 6 (Pachuca de Soto) ,Maestría,Derecho,LXIV,29/08/2018,31/08/2021
VZL,Lilia Villafuerte Zavala,Diputada Propietario,PVEM,01/01/1900, ,Mayoría Relativa, Guanajuato Distrito: 10 (Uriangato) ,Maestría,Derecho,LXIV,29/08/2018,31/08/2021
MLL,Lizbeth Mata Lozano,Diputada Propietario,PAN,10/01/1984, Baja California ,Representación Proporcional, Baja California Circunscripción: Primera ,Maestría,Derecho,LXIV,29/08/2018,31/08/2021
GMLA,Lizeth Amayrani Guerra Mendez,Diputada Propietario,Morena,01/01/1900, ,Representación Proporcional, Veracruz Circunscripción: Tercera ,Pasante/Licenciatura trunca,Administración y contaduría,LXIV,29/08/2018,31/08/2021
JALdS,Lorena del Socorro Jimenez Andrade,Diputada Propietario,Morena,01/01/1900, ,Mayoría Relativa, Jalisco Distrito: 5 (Puerto Vallarta) ,Maestría,Ciencias de la educación,LXIV,29/08/2018,31/08/2021
VSLI,Lorenia Iveth Valles Sampedro,Diputada Propietario,Morena,18/12/1976, Sonora ,Mayoría Relativa, Sonora Distrito: 3 (Hermosillo) ,Maestría,Ciencias políticas y sociales,LXIV,29/08/2018,31/08/2021
SSL,Lucinda Sandoval Soberanes,Diputada Propietario,Morena,01/01/1900, ,Representación Proporcional, Sinaloa Circunscripción: Primera ,Secundaria,,LXIV,29/08/2018,31/08/2021
DJJL,Lucio De Jesus Jimenez,Diputado Propietario,Morena,01/01/1900, ,Representación Proporcional, Ciudad de México Circunscripción: Cuarta ,Secundaria,,LXIV,29/08/2018,31/08/2021
PCLE,Lucio Ernesto Palacios Cordero,Diputado Propietario,Morena,01/01/1900, ,Representación Proporcional, Ciudad de México Circunscripción: Cuarta ,Maestría,Ciencias políticas y sociales,LXIV,29/08/2018,31/08/2021
FOL,Lucia Flores Olivo,Diputada Propietario,Morena,01/01/1900, ,Representación Proporcional, Ciudad de México Circunscripción: Cuarta ,Pasante/Licenciatura trunca,Administración y contaduría,LXIV,29/08/2018,31/08/2021
MALA,Luis Alberto Mendoza Acevedo,Diputado Propietario,PAN,01/01/1900, ,Mayoría Relativa, Ciudad de México Distrito: 15 (Benito Juárez) ,Pasante/Licenciatura trunca,Ciencias políticas y sociales,LXIV,29/08/2018,31/08/2021
CMLEL,Luis Eleusis Leonidas Cordova Moran,Diputado Propietario,PRI,01/01/1900, ,Representación Proporcional, Puebla Circunscripción: Cuarta ,Maestría,Ciencias de la educación,LXIV,29/08/2018,31/08/2021
MVLE,Luis Enrique Martinez Ventura,Diputado Propietario,PT,01/01/1900, ,Mayoría Relativa, México Distrito: 32 (Valle de Chalco Solidaridad) ,Licenciatura,Arquitectura y diseño,LXIV,29/08/2018,31/08/2021
MNLE,Luis Enrique Miranda Nava,Diputado Propietario,PRI,04/02/1965, México ,Representación Proporcional, México Circunscripción: Quinta ,Licenciatura,Derecho,LXIV,29/08/2018,31/08/2021
ASLJ,Luis Javier Alegre Salazar,Diputado Propietario,Morena,01/01/1900, ,Representación Proporcional, Quintana Roo Circunscripción: Tercera ,Licenciatura,Ingeniería,LXIV,29/08/2018,31/08/2021
RMLE,Luz Estefania Rosas Martinez,Diputada Propietario,Morena,22/08/1995, Distrito Federal ,Representación Proporcional, Ciudad de México Circunscripción: Cuarta ,Pasante/Licenciatura trunca,Comunicación,LXIV,29/08/2018,31/08/2021
BCLE,Lyndiana Elizabeth Bugarin Cortes,Diputada Propietario,PVEM,01/01/1900, ,Mayoría Relativa, Zacatecas Distrito: 2 (Jerez de García Salinas) ,Licenciatura,Económico-financiera,LXIV,29/08/2018,31/08/2021
ERMEL,Ma. Eugenia Leticia Espinosa Rivas,Diputada Propietario,PAN,01/01/1900, ,Mayoría Relativa, Guanajuato Distrito: 14 (Acámbaro) ,Maestría,Otra,LXIV,29/08/2018,31/08/2021
RMMS,Ma. Sara Rocha Medina,Diputada Propietario,PRI,09/10/1967, San Luis Potosí ,Mayoría Relativa, San Luis Potosí Distrito: 1 (Matehuala) ,Maestría,Derecho,LXIV,29/08/2018,31/08/2021
GGMdJ,Ma. de Jesus Garcia Guardado,Diputada Propietario,Morena,03/04/1959, Zacatecas ,Representación Proporcional, Zacatecas Circunscripción: Segunda ,Licenciatura,Ciencias de la educación,LXIV,29/08/2018,31/08/2021
ADMdlÁ,Ma. de los Angeles Ayala Diaz,Diputada Propietario,PAN,01/01/1900, ,Mayoría Relativa, Guanajuato Distrito: 3 (León) ,Maestría,Administración y contaduría,LXIV,29/08/2018,31/08/2021
OMMdP,Ma. del Pilar Ortega Martinez,Diputada Propietario,PAN,29/06/1968, Guanajuato ,Mayoría Relativa, Guanajuato Distrito: 6 (León) ,Maestría,Ciencias políticas y sociales,LXIV,29/08/2018,31/08/2021
BAM,Madeleine Bonnafoux Alcaraz,Diputada Propietario,PAN,01/01/1900, ,Representación Proporcional, Sonora Circunscripción: Primera ,Licenciatura,Derecho,LXIV,29/08/2018,31/08/2021
GMMMG,Maiella Martha Gabriela Gomez Maldonado,Diputada Propietario,Sin Partido,01/01/1900, ,Mayoría Relativa, Puebla Distrito: 2 (Cuautilulco Barrio) ,Licenciatura,Ciencias de la salud,LXIV,29/08/2018,31/08/2021
GVM,Manuel Gomez Ventura,Diputado Propietario,Morena,10/11/1966, Tabasco ,Representación Proporcional, Veracruz Circunscripción: Tercera ,Licenciatura,Administración y contaduría,LXIV,29/08/2018,31/08/2021
HMM,Manuel Huerta Martinez,Diputado Propietario,PT,01/01/1900, ,Representación Proporcional, Guerrero Circunscripción: Cuarta ,Licenciatura,Ciencias de la salud,LXIV,29/08/2018,31/08/2021
LHM,Manuel Limon Hernandez,Diputado Propietario,PRI,10/01/1946, Veracruz ,Representación Proporcional, Veracruz Circunscripción: Tercera ,Preparatoria,,LXIV,29/08/2018,31/08/2021
LCM,Manuel Lopez Castillo,Diputado Propietario,Morena,01/01/1900, ,Representación Proporcional, Sonora Circunscripción: Primera ,Licenciatura,Derecho,LXIV,29/08/2018,31/08/2021
RGM,Manuel Rodriguez Gonzalez,Diputado Propietario,Morena,01/01/1900, ,Mayoría Relativa, Tabasco Distrito: 4 (Villahermosa) ,Maestría,Derecho,LXIV,29/08/2018,31/08/2021
ONMdC,Manuela del Carmen Obrador Narvaez,Diputada Propietario,Morena,01/01/1900, ,Mayoría Relativa, Chiapas Distrito: 1 (Palenque) ,Licenciatura,Económico-financiera,LXIV,29/08/2018,31/08/2021
VGMG,Marcela Guillermina Velasco Gonzalez,Diputada Propietario,PRI,01/01/1900, ,Representación Proporcional, México Circunscripción: Quinta ,Maestría,Administración y contaduría,LXIV,29/08/2018,31/08/2021
RHM,Marcelino Rivera Hernandez,Diputado Propietario,PAN,26/04/1984, San Luis Potosí ,Mayoría Relativa, San Luis Potosí Distrito: 7 (Tamazunchale) ,Licenciatura,Derecho,LXIV,29/08/2018,31/08/2021
ACMA,Marco Antonio Adame Castillo,Diputado Propietario,PAN,06/12/1960, Morelos ,Representación Proporcional, Morelos Circunscripción: Cuarta ,Maestría,Administración y contaduría,LXIV,29/08/2018,31/08/2021
AZMA,Marco Antonio Andrade Zavala,Diputado Propietario,Morena,01/01/1900, ,Representación Proporcional, Chiapas Circunscripción: Tercera ,Maestría,Derecho,LXIV,29/08/2018,31/08/2021
GRMA,Marco Antonio Gonzalez Reyes,Diputado Propietario,Morena,01/01/1900, ,Representación Proporcional, México Circunscripción: Quinta ,Licenciatura,Psicología,LXIV,29/08/2018,31/08/2021
GAMA,Marco Antonio Gomez Alcantar,Diputado Propietario,PVEM,01/01/1900, ,Representación Proporcional, Sinaloa Circunscripción: Primera ,Licenciatura,Derecho,LXIV,29/08/2018,31/08/2021
MPMA,Marco Antonio Medina Perez,Diputado Propietario,Morena,01/01/1900, ,Representación Proporcional, Veracruz Circunscripción: Tercera ,Pasante/Licenciatura trunca,Económico-financiera,LXIV,29/08/2018,31/08/2021
RCMA,Marco Antonio Reyes Colin,Diputado Propietario,Morena,01/01/1900, ,Mayoría Relativa, México Distrito: 40 (San Miguel Zinacantepec) ,Licenciatura,Derecho,LXIV,29/08/2018,31/08/2021
AVM,Marcos Aguilar Vega,Diputado Propietario,PAN,05/07/1972, Querétaro ,Representación Proporcional, Querétaro Circunscripción: Segunda ,Maestría,Derecho,LXIV,29/08/2018,31/08/2021
GGM,Margarita Garcia Garcia,Diputada Propietario,PT,01/01/1900, ,Mayoría Relativa, Oaxaca Distrito: 3 (Heroica Ciudad de Huajuapan de León) ,Licenciatura,Derecho,LXIV,29/08/2018,31/08/2021
GRMD,Mariana Dunyaska Garcia Rojas,Diputada Propietario,PAN,29/10/1974, Distrito Federal ,Mayoría Relativa, Veracruz Distrito: 12 (Veracruz) ,Maestría,Otra,LXIV,29/08/2018,31/08/2021
RMTM,Mariana Rodriguez Mier y Teran,Diputada Propietario,PRI,01/01/1900, ,Representación Proporcional, Tamaulipas Circunscripción: Segunda ,Maestría,Derecho,LXIV,29/08/2018,31/08/2021
ACM,Maribel Aguilera Chairez,Diputada Propietario,Morena,01/01/1900, ,Mayoría Relativa, Durango Distrito: 3 (Guadalupe Victoria) ,Licenciatura,Derecho,LXIV,29/08/2018,31/08/2021
MRM,Maribel Martinez Ruiz,Diputada Propietario,PT,01/01/1900, ,Representación Proporcional, Oaxaca Circunscripción: Tercera ,Maestría,Psicología,LXIV,29/08/2018,31/08/2021
RGM,Maricruz Roblero Gordillo,Diputada Propietario,PT,01/01/1900, ,Mayoría Relativa, Chiapas Distrito: 13 (Huehuetán) ,Licenciatura,Ciencias de la educación,LXIV,29/08/2018,31/08/2021
RCMA,Mario Alberto Rodriguez Carrillo,Diputado Propietario,MC,14/03/1967, ,Mayoría Relativa, Jalisco Distrito: 4 (Zapopan) ,Doctorado,Ciencias de la educación,LXIV,29/08/2018,31/08/2021
MGMI,Mario Ismael Moreno Gil,Diputado Propietario,Morena,17/06/1948, ,Mayoría Relativa, Baja California Distrito: 5 (Tijuana) ,Pasante/Licenciatura trunca,Arquitectura y diseño,LXIV,29/08/2018,31/08/2021
MCM,Mario Mata Carrasco,Diputado Propietario,PAN,01/01/1900, ,Mayoría Relativa, Chihuahua Distrito: 5 (Delicias) ,Licenciatura,Ingeniería,LXIV,29/08/2018,31/08/2021
TMMA,Martha Angelica Tagle Martinez,Diputada Propietario,MC,26/11/1973, Puebla ,Representación Proporcional, Puebla Circunscripción: Cuarta ,Licenciatura,Ciencias políticas y sociales,LXIV,29/08/2018,31/08/2021
ZMMA,Martha Angelica Zamudio Macias,Diputada Propietario,MC,01/01/1900, ,Representación Proporcional, Jalisco Circunscripción: Primera ,Pasante/Licenciatura trunca,Administración y contaduría,LXIV,29/08/2018,31/08/2021
GGME,Martha Elena Garcia Gomez,Diputada Propietario,PAN,03/05/1945, ,Representación Proporcional, Nayarit Circunscripción: Primera ,Técnico,Administración y contaduría,LXIV,29/08/2018,31/08/2021
RCME,Martha Estela Romo Cuellar,Diputada Propietario,PAN,01/01/1900, ,Mayoría Relativa, Jalisco Distrito: 2 (Lagos de Moreno) ,Licenciatura,Ciencias de la salud,LXIV,29/08/2018,31/08/2021
GCMH,Martha Hortencia Garay Cadena,Diputada Propietario,PRI,01/01/1900, ,Mayoría Relativa, Coahuila Distrito: 4 (Saltillo) ,Técnico,Otra,LXIV,29/08/2018,31/08/2021
GVMO,Martha Olivia Garcia Vidaña,Diputada Propietario,Morena,01/01/1900, ,Mayoría Relativa, Durango Distrito: 1 (Victoria de Durango) ,Licenciatura,Ingeniería,LXIV,29/08/2018,31/08/2021
RLMP,Martha Patricia Ramirez Lucero,Diputada Propietario,Morena,01/01/1900, ,Representación Proporcional, Baja California Circunscripción: Primera ,Licenciatura,Derecho,LXIV,29/08/2018,31/08/2021
ROM,Martha Robles Ortiz,Diputada Propietario,Morena,01/01/1900, ,Mayoría Relativa, México Distrito: 29 (Ciudad Nezahualcóyotl) ,,,LXIV,29/08/2018,31/08/2021
CYM,Martina Cazarez Yañez,Diputada Propietario,Morena,07/03/1970, Tamaulipas ,Representación Proporcional, San Luis Potosí Circunscripción: Segunda ,,,LXIV,29/08/2018,31/08/2021
BMMC,Mary Carmen Bernal Martinez,Diputada Propietario,PT,01/01/1900, ,Mayoría Relativa, Michoacán Distrito: 3 (Heróica Zitácuaro) ,Licenciatura,Derecho,LXIV,29/08/2018,31/08/2021
AMCM,Maria Aleman Muñoz Castillo,Diputada Propietario,PRI,01/01/1900, ,Representación Proporcional, Querétaro Circunscripción: Segunda ,Maestría,Ciencias políticas y sociales,LXIV,29/08/2018,31/08/2021
LCMB,Maria Beatriz Lopez Chavez,Diputada Propietario,Morena,18/08/1973, Distrito Federal ,Representación Proporcional, Ciudad de México Circunscripción: Cuarta ,Licenciatura,Ciencias políticas y sociales,LXIV,29/08/2018,31/08/2021
ESMB,Maria Bertha Espinoza Segura,Diputada Propietario,Morena,01/01/1900, ,Mayoría Relativa, Veracruz Distrito: 3 (Tuxpan de Rodríguez Cano) ,Pasante/Licenciatura trunca,Administración y contaduría,LXIV,29/08/2018,31/08/2021
CPM,Maria Chavez Perez,Diputada Propietario,Morena,01/01/1900, ,Representación Proporcional, Michoacán Circunscripción: Quinta ,Maestría,Administración y contaduría,LXIV,29/08/2018,31/08/2021
GAMDR,Maria Del Rosario Guzman Aviles,Diputada Propietario,PAN,20/11/1963, Veracruz ,Representación Proporcional, Veracruz Circunscripción: Tercera ,Licenciatura,Ingeniería,LXIV,29/08/2018,31/08/2021
DGME,Maria Elizabeth Diaz Garcia,Diputada Propietario,Morena,01/01/1900, México ,Mayoría Relativa, México Distrito: 13 (Ecatepec de Morelos) ,Preparatoria,,LXIV,29/08/2018,31/08/2021
AMME,Maria Ester Alonzo Morales,Diputada Propietario,PRI,15/01/1959, Yucatán ,Mayoría Relativa, Yucatán Distrito: 2 (Progreso) ,Preparatoria,,LXIV,29/08/2018,31/08/2021
MCME,Maria Esther Mejia Cruz,Diputada Propietario,Morena,08/07/1956, ,Mayoría Relativa, Chihuahua Distrito: 1 (Juárez) ,Licenciatura,Económico-financiera,LXIV,29/08/2018,31/08/2021
HPME,Maria Eugenia Hernandez Perez,Diputada Propietario,Morena,01/01/1900, ,Mayoría Relativa, México Distrito: 11 (Ecatepec de Morelos) ,Maestría,Ciencias políticas y sociales,LXIV,29/08/2018,31/08/2021
COMGE,Maria Guadalupe Edith Castañeda Ortiz,Diputada Propietario,Morena,01/01/1900, ,Representación Proporcional, México Circunscripción: Quinta ,Doctorado,Humanidades,LXIV,29/08/2018,31/08/2021
RÁMG,Maria Guadalupe Roman Avila,Diputada Propietario,Morena,01/01/1900, ,Mayoría Relativa, México Distrito: 17 (Ecatepec de Morelos) ,Técnico,Administración y contaduría,LXIV,29/08/2018,31/08/2021
AMMG,Maria Guillermina Alvarado Moreno,Diputada Propietario,Morena,01/01/1900, ,Mayoría Relativa, Nuevo León Distrito: 2 (Apodaca) ,Maestría,Ciencias políticas y sociales,LXIV,29/08/2018,31/08/2021
AMMI,Maria Isabel Alfaro Morales,Diputada Propietario,Morena,24/02/1966, ,Mayoría Relativa, Hidalgo Distrito: 4 (Tulancingo de Bravo) ,Preparatoria,,LXIV,29/08/2018,31/08/2021
GAML,Maria Libier Gonzalez Anaya,Diputada Propietario,MC,27/03/1954, Jalisco ,Representación Proporcional, Jalisco Circunscripción: Primera ,Maestría,Ciencias de la educación,LXIV,29/08/2018,31/08/2021
SMML,Maria Liduvina Sandoval Mendoza,Diputada Propietario,PAN,01/01/1900, ,Representación Proporcional, Colima Circunscripción: Quinta ,Maestría,Ciencias políticas y sociales,LXIV,29/08/2018,31/08/2021
SPML,Maria Lucero Saldaña Perez,Diputada Propietario,PRI,18/01/1957, Puebla ,Representación Proporcional, Puebla Circunscripción: Cuarta ,Doctorado,Otra,LXIV,29/08/2018,31/08/2021
VSML,Maria Luisa Veloz Silva,Diputada Propietario,Morena,01/01/1900, ,Representación Proporcional, San Luis Potosí Circunscripción: Segunda ,,,LXIV,29/08/2018,31/08/2021
TPMM,Maria Marcela Torres Peimbert,Diputada Propietario,PAN,07/10/1961, Distrito Federal ,Representación Proporcional, Querétaro Circunscripción: Segunda ,Maestría,Ciencias de la educación,LXIV,29/08/2018,31/08/2021
JPMR,Maria Roselia Jimenez Perez,Diputada Propietario,PT,01/01/1900, ,Mayoría Relativa, Chiapas Distrito: 8 (Comitán de Domínguez) ,Licenciatura,Ciencias de la educación,LXIV,29/08/2018,31/08/2021
LPMT,Maria Teresa Lopez Perez,Diputada Propietario,Morena,01/01/1900, ,Representación Proporcional, Jalisco Circunscripción: Primera ,Maestría,Humanidades,LXIV,29/08/2018,31/08/2021
MMMT,Maria Teresa Maru Mejia,Diputada Propietario,PT,01/01/1900, ,Mayoría Relativa, México Distrito: 3 (Atlacomulco de Fabela) ,Pasante/Licenciatura trunca,Administración y contaduría,LXIV,29/08/2018,31/08/2021
MRMTRR,Maria Teresa Rebeca Rosa Mora Rios,Diputada Propietario,Morena,01/01/1900, ,Mayoría Relativa, México Distrito: 22 (Naucalpan de Juárez) ,Licenciatura,Ingeniería,LXIV,29/08/2018,31/08/2021
BZMW,Maria Wendy Briceño Zuloaga,Diputada Propietario,Morena,01/01/1900, ,Mayoría Relativa, Sonora Distrito: 5 (Hermosillo) ,Maestría,Ciencias políticas y sociales,LXIV,29/08/2018,31/08/2021
RSMdJ,Maria de Jesus Rosete Sanchez,Diputada Propietario,PT,01/01/1900, ,Mayoría Relativa, Ciudad de México Distrito: 8 (Cuauhtémoc) ,Licenciatura,Derecho,LXIV,29/08/2018,31/08/2021
GVMdlA,Maria de los Angeles Gutierrez Valdez,Diputada Propietario,PAN,01/01/1900, ,Mayoría Relativa, Chihuahua Distrito: 9 (Hidalgo del Parral) ,Licenciatura,Ciencias de la educación,LXIV,29/08/2018,31/08/2021
PLMdlD,Maria de los Dolores Padierna Luna,Diputada Propietario,Morena,08/05/1958, Guanajuato ,Mayoría Relativa, Ciudad de México Distrito: 12 (Cuauhtémoc) ,Licenciatura,Económico-financiera,LXIV,29/08/2018,31/08/2021
HdRMdlÁ,Maria de los Angeles Huerta del Rio,Diputada Propietario,Morena,01/01/1900, ,Mayoría Relativa, México Distrito: 24 (Naucalpan de Juárez) ,Maestría,Ciencias políticas y sociales,LXIV,29/08/2018,31/08/2021
BPMdC,Maria del Carmen Bautista Pelaez,Diputada Propietario,Morena,03/04/1991, ,Mayoría Relativa, Oaxaca Distrito: 9 (Puerto Escondido) ,Licenciatura,Derecho,LXIV,29/08/2018,31/08/2021
LMDMdP,Maria del Pilar Lozano Mac Donald,Diputada Propietario,MC,01/01/1900, ,Representación Proporcional, Nuevo León Circunscripción: Segunda ,Licenciatura,Ciencias de la salud,LXIV,29/08/2018,31/08/2021
TGMA,Mauricio Alonso Toledo Gutierrez,Diputado Propietario,PT,19/06/1980, ,Representación Proporcional, Ciudad de México Circunscripción: Cuarta ,Licenciatura,Derecho,LXIV,29/08/2018,31/08/2021
ACM,Maximino Alejandro Candelaria,Diputado Propietario,Morena,01/01/1900, ,Representación Proporcional, Ciudad de México Circunscripción: Cuarta ,Secundaria,,LXIV,29/08/2018,31/08/2021
FZMN,Melba Nelia Farias Zambrano,Diputada Propietario,Morena,01/01/1900, ,Mayoría Relativa, Coahuila Distrito: 3 (Monclova) ,Licenciatura,Ciencias de la salud,LXIV,29/08/2018,31/08/2021
RBMA,Miguel Alonso Riggs Baeza,Diputado Propietario,PAN,27/10/1975, ,Mayoría Relativa, Chihuahua Distrito: 6 (Chihuahua) ,Maestría,Administración y contaduría,LXIV,29/08/2018,31/08/2021
JVMP,Miguel Pavel Jarero Velazquez,Diputado Propietario,Morena,01/01/1900, ,Mayoría Relativa, Nayarit Distrito: 1 (Santiago Ixcuintla) ,Licenciatura,Económico-financiera,LXIV,29/08/2018,31/08/2021
PdlSM,Miguel Prado de los Santos,Diputado Propietario,Morena,01/01/1900, ,Mayoría Relativa, Chiapas Distrito: 7 (Tonalá) ,Licenciatura,Administración y contaduría,LXIV,29/08/2018,31/08/2021
CHMÁ,Miguel Angel Chico Herrera,Diputado Propietario,Morena,17/03/1961, Guanajuato ,Representación Proporcional, Guanajuato Circunscripción: Segunda ,Licenciatura,Derecho,LXIV,29/08/2018,31/08/2021
JMdOMÁ,Miguel Angel Jauregui Montes de Oca,Diputado Propietario,Morena,01/01/1900, ,Mayoría Relativa, Ciudad de México Distrito: 3 (Azcapotzalco) ,Licenciatura,Ciencias políticas y sociales,LXIV,29/08/2018,31/08/2021
MGMÁ,Miguel Angel Marquez Gonzalez,Diputado Propietario,Morena,01/01/1900, ,Representación Proporcional, Jalisco Circunscripción: Primera ,Licenciatura,Ciencias políticas y sociales,LXIV,29/08/2018,31/08/2021
ÁVMC,Mildred Concepcion Avila Vera,Diputada Propietario,Morena,01/01/1900, ,Mayoría Relativa, Quintana Roo Distrito: 3 (Cancún) ,Licenciatura,Ciencias de la educación,LXIV,29/08/2018,31/08/2021
PMMC,Miriam Citlally Perez Mackintosh,Diputada Propietario,Morena,01/01/1900, ,Representación Proporcional, Nayarit Circunscripción: Primera ,Técnico,,LXIV,29/08/2018,31/08/2021
MTMZ,Mirna Zabeida Maldonado Tapia,Diputada Propietario,Morena,01/01/1900, ,Mayoría Relativa, Zacatecas Distrito: 1 (Fresnillo) ,Doctorado,Ciencias de la educación,LXIV,29/08/2018,31/08/2021
MVMI,Moises Ignacio Mier Velazco,Diputado Propietario,Morena,04/01/1961, Puebla ,Representación Proporcional, Puebla Circunscripción: Cuarta ,Licenciatura,Administración y contaduría,LXIV,29/08/2018,31/08/2021
BRM,Monica Bautista Rodriguez,Diputada Propietario,PRD,13/02/1976, Distrito Federal ,Representación Proporcional, México Circunscripción: Quinta ,,,LXIV,29/08/2018,31/08/2021
RHNC,Nancy Claudia Resendiz Hernandez,Diputada Propietario,PES,01/01/1900, ,Mayoría Relativa, México Distrito: 41 (Ojo de Agua) ,Maestría,Derecho,LXIV,29/08/2018,31/08/2021
SMNY,Nancy Yadira Santiago Marcos,Diputada Propietario,Morena,01/01/1900, ,Mayoría Relativa, Sinaloa Distrito: 5 (Culiacán de Rosales) ,,,LXIV,29/08/2018,31/08/2021
FCNA,Nayeli Arlen Fernandez Cruz,Diputada Propietario,Morena,01/01/1900, ,Representación Proporcional, Ciudad de México Circunscripción: Cuarta ,Maestría,Ciencias políticas y sociales,LXIV,29/08/2018,31/08/2021
MCN,Nelly Maceda Carrera,Diputada Propietario,PT,01/01/1900, ,Mayoría Relativa, Puebla Distrito: 14 (Acatlán de Osorio) ,Técnico,Ciencias políticas y sociales,LXIV,29/08/2018,31/08/2021
CGNM,Nelly Minerva Carrasco Godinez,Diputada Propietario,Morena,01/01/1900, ,Mayoría Relativa, México Distrito: 4 (Nicolás Romero) ,Licenciatura,Otra,LXIV,29/08/2018,31/08/2021
RZNA,Norma Azucena Rodriguez Zamora,Diputada Propietario,PRD,01/01/1900, ,Representación Proporcional, Veracruz Circunscripción: Tercera ,Licenciatura,Ingeniería,LXIV,29/08/2018,31/08/2021
CMO,Olegaria Carrazco Macias,Diputada Propietario,Morena,01/01/1900, ,Mayoría Relativa, Sinaloa Distrito: 6 (Mazatlán) ,Técnico,Ciencias de la salud,LXIV,29/08/2018,31/08/2021
EGOJ,Olga Juliana Elizondo Guerra,Diputada Propietario,PT,01/01/1900, ,Mayoría Relativa, Tamaulipas Distrito: 2 (Reynosa) ,Licenciatura,Administración y contaduría,LXIV,29/08/2018,31/08/2021
BVO,Oscar Bautista Villegas,Diputado Propietario,PRI,06/02/1964, Veracruz ,Mayoría Relativa, San Luis Potosí Distrito: 3 (Río Verde) ,Maestría,Administración y contaduría,LXIV,29/08/2018,31/08/2021
MTOD,Oscar Daniel Martinez Terrazas,Diputado Propietario,PAN,01/01/1900, ,Representación Proporcional, Morelos Circunscripción: Cuarta ,Licenciatura,Administración y contaduría,LXIV,29/08/2018,31/08/2021
ABPG,Pablo Guillermo Angulo Briceño,Diputado Propietario,PRI,01/01/1900, ,Representación Proporcional, Campeche Circunscripción: Tercera ,Maestría,Ciencias políticas y sociales,LXIV,29/08/2018,31/08/2021
GÁP,Pablo Gomez Alvarez,Diputado Propietario,Morena,21/10/1946, Distrito Federal ,Mayoría Relativa, Ciudad de México Distrito: 23 (Coyoacán) ,Licenciatura,Económico-financiera,LXIV,29/08/2018,31/08/2021
TAP,Paola Tenorio Adame,Diputada Propietario,Morena,01/01/1900, ,Mayoría Relativa, Veracruz Distrito: 19 (San Andrés Tuxtla) ,,,LXIV,29/08/2018,31/08/2021
DlCDPDC,Patricia Del Carmen De la Cruz Delucio,Diputada Propietario,Morena,21/06/1971, Chiapas ,Representación Proporcional, Chiapas Circunscripción: Tercera ,Primaria,,LXIV,29/08/2018,31/08/2021
TBP,Patricia Terrazas Baca,Diputada Propietario,PAN,01/01/1900, ,Representación Proporcional, Chihuahua Circunscripción: Primera ,Doctorado,Derecho,LXIV,29/08/2018,31/08/2021
ASPD,Pedro Daniel Abasolo Sanchez,Diputado Propietario,PT,01/01/1900, ,Representación Proporcional, México Circunscripción: Quinta ,Secundaria,,LXIV,29/08/2018,31/08/2021
TVPP,Pedro Pablo Treviño Villarreal,Diputado Propietario,PRI,13/06/1972, Nuevo León ,Representación Proporcional, Nuevo León Circunscripción: Segunda ,Maestría,Ciencias políticas y sociales,LXIV,29/08/2018,31/08/2021
MLLdlVPA,Porfirio Alejandro Muñoz Ledo y Lazo de la Vega,Diputado Propietario,Morena,23/07/1933, Distrito Federal ,Representación Proporcional, Ciudad de México Circunscripción: Cuarta ,Doctorado,Derecho,LXIV,29/08/2018,31/08/2021
HVR,Rafael Hernandez Villalpando,Diputado Propietario,Morena,01/01/1900, ,Mayoría Relativa, Veracruz Distrito: 10 (Xalapa) ,Maestría,Derecho,LXIV,29/08/2018,31/08/2021
BHR,Raquel Bonilla Herrera,Diputada Propietario,Morena,01/01/1900, ,Mayoría Relativa, Veracruz Distrito: 5 (Poza Rica de Hidalgo) ,Pasante/Licenciatura trunca,Derecho,LXIV,29/08/2018,31/08/2021
SBZRE,Raul Ernesto Sanchez Barrales Zavalza,Diputado Propietario,PT,01/01/1900, ,Mayoría Relativa, México Distrito: 15 (Ciudad Adolfo López Mateos) ,Licenciatura,Derecho,LXIV,29/08/2018,31/08/2021
GGR,Raul Gracia Guzman,Diputado Propietario,PAN,20/02/1975, Nuevo León ,Representación Proporcional, Nuevo León Circunscripción: Segunda ,Licenciatura,Derecho,LXIV,29/08/2018,31/08/2021
SFR,Reginaldo Sandoval Flores,Diputado Propietario,PT,01/01/1900, ,Representación Proporcional, Michoacán Circunscripción: Quinta ,Licenciatura,Económico-financiera,LXIV,29/08/2018,31/08/2021
JCR,Rene Juarez Cisneros,Diputado Propietario,PRI,08/06/1956, Guerrero ,Representación Proporcional, Guerrero Circunscripción: Cuarta ,Licenciatura,Económico-financiera,LXIV,29/08/2018,31/08/2021
AORC,Reyna Celeste Ascencio Ortega,Diputada Propietario,Morena,01/01/1900, ,Representación Proporcional, Michoacán Circunscripción: Quinta ,Pasante/Licenciatura trunca,Derecho,LXIV,29/08/2018,31/08/2021
ACR,Ricardo Aguilar Castillo,Diputado Propietario,PRI,05/08/1970, México ,Mayoría Relativa, México Distrito: 1 (Jilotepec de Andrés Molina Enríquez) ,Maestría,Ciencias políticas y sociales,LXIV,29/08/2018,31/08/2021
DlPMR,Ricardo De la Peña Marshall,Diputado Propietario,PES,01/01/1900, ,Mayoría Relativa, Tabasco Distrito: 6 (Villahermosa) ,Maestría,Humanidades,LXIV,29/08/2018,31/08/2021
FSR,Ricardo Flores Suarez,Diputado Propietario,PAN,01/01/1900, ,Mayoría Relativa, Nuevo León Distrito: 4 (San Nicolás de los Garza) ,Licenciatura,Derecho,LXIV,29/08/2018,31/08/2021
EZRF,Ricardo Francisco Exsome Zapata,Diputado Propietario,Morena,28/09/1963, Veracruz ,Mayoría Relativa, Veracruz Distrito: 4 (Veracruz) ,Licenciatura,Ingeniería,LXIV,29/08/2018,31/08/2021
GER,Ricardo Garcia Escalante,Diputado Propietario,PAN,01/01/1900, ,Mayoría Relativa, Veracruz Distrito: 1 (Pánuco) ,Licenciatura,Administración y contaduría,LXIV,29/08/2018,31/08/2021
VGR,Ricardo Villarreal Garcia,Diputado Propietario,PAN,12/04/1981, Guanajuato ,Mayoría Relativa, Guanajuato Distrito: 2 (San Miguel de Allende) ,Licenciatura,Derecho,LXIV,29/08/2018,31/08/2021
RMRA,Roberto Antonio Rubio Montejo,Diputado Propietario,PVEM,01/01/1900, ,Mayoría Relativa, Chiapas Distrito: 11 (Las Margaritas) ,Licenciatura,Derecho,LXIV,29/08/2018,31/08/2021
DRRÁ,Roberto Angel Dominguez Rodriguez,Diputado Propietario,Morena,01/01/1900, ,Mayoría Relativa, México Distrito: 28 (Zumpango de Ocampo) ,Licenciatura,Derecho,LXIV,29/08/2018,31/08/2021
VMRdP,Rocio del Pilar Villarauz Martinez,Diputada Propietario,Morena,01/01/1900, ,Representación Proporcional, Ciudad de México Circunscripción: Cuarta ,Pasante/Licenciatura trunca,Ciencias políticas y sociales,LXIV,29/08/2018,31/08/2021
CSR,Rodrigo Calderon Salas,Diputado Propietario,Morena,01/01/1900, ,Mayoría Relativa, Veracruz Distrito: 7 (Martínez de la Torre) ,Técnico,Administración y contaduría,LXIV,29/08/2018,31/08/2021
RVRL,Roque Luis Rabelo Velasco,Diputado Propietario,Morena,01/01/1900, ,Mayoría Relativa, Chiapas Distrito: 4 (Pichucalco) ,Preparatoria,,LXIV,29/08/2018,31/08/2021
VCR,Rosalba Valencia Cruz,Diputada Propietario,Morena,25/07/1965, Veracruz ,Representación Proporcional, Veracruz Circunscripción: Tercera ,Licenciatura,Ciencias de la educación,LXIV,29/08/2018,31/08/2021
DFR,Rosalinda Dominguez Flores,Diputada Propietario,Morena,01/01/1900, ,Mayoría Relativa, Oaxaca Distrito: 7 (Ciudad Ixtepec) ,Pasante/Licenciatura trunca,Otra,LXIV,29/08/2018,31/08/2021
CGR,Ruben Cayetano Garcia,Diputado Propietario,Morena,01/01/1900, ,Mayoría Relativa, Guerrero Distrito: 8 (Ayutla de los libres) ,Licenciatura,Derecho,LXIV,29/08/2018,31/08/2021
MVRI,Ruben Ignacio Moreira Valdez,Diputado Propietario,PRI,18/04/1963, Coahuila ,Representación Proporcional, Coahuila Circunscripción: Segunda ,Maestría,Ciencias políticas y sociales,LXIV,29/08/2018,31/08/2021
TÁR,Ruben Teran Aguila,Diputado Propietario,Morena,01/01/1900, ,Mayoría Relativa, Tlaxcala Distrito: 2 (Tlaxcala de Xicohténcatl) ,Licenciatura,Derecho,LXIV,29/08/2018,31/08/2021
SRR,Ruth Salinas Reyes,Diputada Propietario,MC,01/01/1900, ,Representación Proporcional, México Circunscripción: Quinta ,Maestría,Ciencias políticas y sociales,LXIV,29/08/2018,31/08/2021
CMS,Samuel Calderon Medina,Diputado Propietario,PES,01/01/1900, ,Representación Proporcional, Morelos Circunscripción: Cuarta ,Profesor Normalista,,LXIV,29/08/2018,31/08/2021
HCS,Samuel Herrera Chavez,Diputado Propietario,Morena,17/09/1954, ,Mayoría Relativa, Zacatecas Distrito: 4 (Guadalupe) ,Maestría,Ciencias políticas y sociales,LXIV,29/08/2018,31/08/2021
GCSP,Sandra Paola Gonzalez Castañeda,Diputada Propietario,Morena,01/01/1900, ,Mayoría Relativa, Nuevo León Distrito: 12 (Benito Juárez) ,Doctorado,Derecho,LXIV,29/08/2018,31/08/2021
OBSS,Sandra Simey Olvera Bautista,Diputada Propietario,Morena,20/08/1983, Hidalgo ,Mayoría Relativa, Hidalgo Distrito: 3 (Actopan) ,Maestría,Comunicación,LXIV,29/08/2018,31/08/2021
GSS,Santiago Gonzalez Soto,Diputado Propietario,PT,01/01/1900, ,Mayoría Relativa, Nuevo León Distrito: 5 (Monterrey) ,Maestría,Comunicación,LXIV,29/08/2018,31/08/2021
NCS,Sarai Nuñez Ceron,Diputada Propietario,PAN,01/01/1900, ,Mayoría Relativa, Guanajuato Distrito: 12 (Celaya) ,Maestría,Ciencias políticas y sociales,LXIV,29/08/2018,31/08/2021
ABS,Sebastian Aguilera Brenes,Diputado Propietario,Morena,01/01/1900, ,Representación Proporcional, Chihuahua Circunscripción: Primera ,Pasante/Licenciatura trunca,Derecho,LXIV,29/08/2018,31/08/2021
ABSF,Sergio Fernando Ascencio Barba,Diputado Propietario,PAN,01/01/1900, ,Mayoría Relativa, Guanajuato Distrito: 15 (Irapuato) ,Maestría,Otra,LXIV,29/08/2018,31/08/2021
MBS,Sergio Mayer Breton,Diputado Propietario,Morena,21/05/1966, Distrito Federal ,Mayoría Relativa, Ciudad de México Distrito: 6 (La Magdalena Contreras) ,Licenciatura,Administración y contaduría,LXIV,29/08/2018,31/08/2021
PHS,Sergio Perez Hernandez,Diputado Propietario,Morena,01/01/1900, ,Representación Proporcional, México Circunscripción: Quinta ,Técnico,,LXIV,29/08/2018,31/08/2021
GGSG,Silvia Guadalupe Garza Galvan,Diputada Propietario,PAN,05/07/1962, Coahuila ,Representación Proporcional, Coahuila Circunscripción: Segunda ,Licenciatura,Ciencias,LXIV,29/08/2018,31/08/2021
VASL,Silvia Lorena Villavicencio Ayala,Diputada Propietario,Morena,01/01/1900, ,Mayoría Relativa, Ciudad de México Distrito: 16 (Álvaro Obregón) ,Licenciatura,,LXIV,29/08/2018,31/08/2021
BJS,Socorro Bahena Jimenez,Diputada Propietario,Morena,01/01/1900, ,Representación Proporcional, México Circunscripción: Quinta ,Secundaria,,LXIV,29/08/2018,31/08/2021
AGSI,Socorro Irma Andazola Gomez,Diputada Propietario,Morena,01/01/1900, ,Mayoría Relativa, Baja California Distrito: 4 (Tijuana) ,Licenciatura,Derecho,LXIV,29/08/2018,31/08/2021
RAS,Sonia Rocha Acosta,Diputada Propietario,PAN,30/03/1978, Querétaro ,Mayoría Relativa, Querétaro Distrito: 1 (Cadereyta de Montes) ,Maestría,Ciencias políticas y sociales,LXIV,29/08/2018,31/08/2021
PMS,Soraya Perez Munguia,Diputada Propietario,PRI,01/01/1900, ,Representación Proporcional, Tabasco Circunscripción: Tercera ,Maestría,Administración y contaduría,LXIV,29/08/2018,31/08/2021
CSSB,Susana Beatriz Cuaxiloa Serrano,Diputada Propietario,Morena,01/01/1900, ,Representación Proporcional, Puebla Circunscripción: Cuarta ,Licenciatura,Ciencias de la educación,LXIV,29/08/2018,31/08/2021
CGS,Susana Cano Gonzalez,Diputada Propietario,Morena,01/01/1900, ,Representación Proporcional, México Circunscripción: Quinta ,Técnico,Ciencias de la salud,LXIV,29/08/2018,31/08/2021
GCSV,Sylvia Violeta Garfias Cedillo,Diputada Propietario,PAN,01/01/1900, ,Representación Proporcional, Aguascalientes Circunscripción: Segunda ,Licenciatura,Comunicación,LXIV,29/08/2018,31/08/2021
BCT,Teresa Burelo Cortazar,Diputada Propietario,Morena,01/01/1900, ,Mayoría Relativa, Tabasco Distrito: 2 (Heroica Cárdenas) ,Técnico,Administración y contaduría,LXIV,29/08/2018,31/08/2021
VMTdJ,Teresita de Jesus Vargas Meraz,Diputada Propietario,Morena,01/01/1900, ,Mayoría Relativa, Chihuahua Distrito: 2 (Juárez) ,Pasante/Licenciatura trunca,Derecho,LXIV,29/08/2018,31/08/2021
GCTM,Teofilo Manuel Garcia Corpus,Diputado Propietario,Morena,06/02/1958, Oaxaca ,Representación Proporcional, Oaxaca Circunscripción: Tercera ,Maestría,Derecho,LXIV,29/08/2018,31/08/2021
GSU,Ulises Garcia Soto,Diputado Propietario,Morena,01/01/1900, ,Mayoría Relativa, Chihuahua Distrito: 4 (Juárez) ,Licenciatura,Psicología,LXIV,29/08/2018,31/08/2021
MSU,Ulises Murguia Soto,Diputado Propietario,Morena,01/01/1900, ,Mayoría Relativa, México Distrito: 19 (Tlalnepantla de Baz) ,Licenciatura,Administración y contaduría,LXIV,29/08/2018,31/08/2021
RLV,Valentin Reyes Lopez,Diputado Propietario,Morena,01/01/1900, ,Mayoría Relativa, Veracruz Distrito: 17 (Cosamaloapan) ,,,LXIV,29/08/2018,31/08/2021
JPVB,Veronica Beatriz Juarez Piña,Diputada Propietario,PRD,28/09/1971, Jalisco ,Representación Proporcional, Jalisco Circunscripción: Primera ,Licenciatura,Derecho,LXIV,29/08/2018,31/08/2021
SRVM,Veronica Maria Sobrado Rodriguez,Diputada Propietario,PAN,01/01/1900, ,Representación Proporcional, Puebla Circunscripción: Cuarta ,Licenciatura,Ciencias políticas y sociales,LXIV,29/08/2018,31/08/2021
RCV,Veronica Ramos Cruz,Diputada Propietario,Morena,01/01/1900, ,Representación Proporcional, Jalisco Circunscripción: Primera ,Técnico,,LXIV,29/08/2018,31/08/2021
OVVA,Vicente Alberto Onofre Vazquez,Diputado Propietario,Morena,01/01/1900, ,Mayoría Relativa, México Distrito: 33 (Chalco de Díaz Covarrubias) ,Maestría,Derecho,LXIV,29/08/2018,31/08/2021
VOVJ,Vicente Javier Verastegui Ostos,Diputado Propietario,PAN,03/09/1963, Tamaulipas ,Mayoría Relativa, Tamaulipas Distrito: 6 (Ciudad Mante) ,Licenciatura,Ingeniería,LXIV,29/08/2018,31/08/2021
MWVA,Victor Adolfo Mojica Wences,Diputado Propietario,Morena,01/01/1900, ,Mayoría Relativa, Guerrero Distrito: 1 (Ciudad Altamirano) ,Licenciatura,Ciencias de la salud,LXIV,29/08/2018,31/08/2021
BLV,Victor Blas Lopez,Diputado Propietario,Morena,01/01/1900, ,Representación Proporcional, Oaxaca Circunscripción: Tercera ,Licenciatura,Ingeniería,LXIV,29/08/2018,31/08/2021
VLVG,Victor Gabriel Varela Lopez,Diputado Propietario,Morena,20/04/1973, Distrito Federal ,Mayoría Relativa, Ciudad de México Distrito: 22 (Iztapalapa) ,Preparatoria,,LXIV,29/08/2018,31/08/2021
AZX,Xavier Azuara Zuñiga,Diputado Propietario,PAN,16/09/1979, San Luis Potosí ,Representación Proporcional, San Luis Potosí Circunscripción: Segunda ,Licenciatura,Administración y contaduría,LXIV,29/08/2018,31/08/2021
PDlMX,Ximena Puente De la Mora,Diputada Propietario,PRI,01/01/1900, ,Representación Proporcional, Colima Circunscripción: Quinta ,Doctorado,Derecho,LXIV,29/08/2018,31/08/2021
GBY,Yolanda Guerrero Barrera,Diputada Propietario,Morena,01/01/1900, ,Mayoría Relativa, Michoacán Distrito: 5 (Zamora de Hidalgo) ,Licenciatura,Administración y contaduría,LXIV,29/08/2018,31/08/2021
OVZ,Zaira Ochoa Valdivia,Diputada Propietario,Morena,05/03/1973, Veracruz ,Representación Proporcional, Veracruz Circunscripción: Tercera ,Maestría,Ciencias políticas y sociales,LXIV,29/08/2018,31/08/2021
RMÁB,Angel Benjamin Robles Montoya,Diputado Propietario,PT,08/11/1959, Distrito Federal ,Mayoría Relativa, Oaxaca Distrito: 8 (Oaxaca de Juárez) ,Maestría,Ciencias políticas y sociales,LXIV,29/08/2018,31/08/2021
RBÉJ,Ector Jaime Ramirez Barba,Diputado Propietario,PAN,01/12/1956, ,Mayoría Relativa, Guanajuato Distrito: 5 (León) ,Doctorado,Ciencias de la salud,LXIV,29/08/2018,31/08/2021
GYÓ,Oscar Gonzalez Yañez,Diputado Propietario,PT,06/10/1964, Distrito Federal ,Mayoría Relativa, México Distrito: 27 (Metepec) ,Licenciatura,Económico-financiera,LXIV,29/08/2018,31/08/2021
