inic_edo,nom_edo,Nombre,tipo_elec,FechaNacimiento,edo,ent,Partido
alr_guerrero,abelinalopezrodriguez_guerrero,Abelina Lopez Rodriguez,Mayoria Relativa,23/09/1965,Guerrero,Distrito:4,
aap_jalisco,abrilalcalapadilla_jalisco,Abril Alcala Padilla,Mayoria Relativa,28/04/1979,Jalisco,Distrito:8,
ago_jalisco,absalongarciaochoa_jalisco,Absalon Garcia Ochoa,Mayoria Relativa,23/09/1971,Jalisco,Distrito:15,
apb_ciudad de mexico,adelapinabernal_ciudad de mexico,Adela Piña Bernal,Representacion proporcional,28/12/1964,Ciudad de Mexico,Circunscripcion:4,
atr_michoacan,adolfotorresramirez_michoacan,Adolfo Torres Ramirez,Representacion proporcional,18/11/1980,Michoacan,Circunscripcion:5,
aav_san luis potosi,adrianaaguilarvazquez_san luis potosi,Adriana Aguilar Vazquez,Representacion proporcional,20/07/1977,San Luis Potosi,Circunscripcion:2,
adf_tlaxcala,adrianadavilafernandez_tlaxcala,Adriana Davila Fernandez,Representacion proporcional,30/12/1970,Tlaxcala,Circunscripcion:4,
agmo_jalisco,adrianagabrielamedinaortiz_jalisco,Adriana Gabriela Medina Ortiz,Mayoria Relativa,25/06/1979,Jalisco,Distrito:12,
alr_tamaulipas,adrianalozanorodriguez_tamaulipas,Adriana Lozano Rodriguez,Mayoria Relativa,26/06/1969,Tamaulipas,Distrito:4,
amgedlmg_ciudad de mexico,adrianamariaguadalupeespinosadelosmonterosgarcia_ciudad de mexico,Adriana Maria Guadalupe Espinosa de los Monteros,Mayoria Relativa,11/12/1972,Ciudad de Mexico,Distrito:9,
aptz_quintana roo,adrianapaulinateissierzavala_quintana roo,Adriana Paulina Teissier Zavala,Mayoria Relativa,20/07/1967,Quintana Roo,Distrito:1,
agr_michoacan,agustingarciarubio_michoacan,Agustin Garcia Rubio,Representacion proporcional,05/06/1973,Michoacan,Circunscripcion:5,
arhg_puebla,agustinreynaldohuertagonzalez_puebla,Agustin Reynaldo Huerta Gonzalez,Representacion proporcional,07/05/1962,Puebla,Circunscripcion:4,
ajfs_chihuahua,alanjesusfalomirsaenz_chihuahua,Alan Jesus Falomir Saenz,Mayoria Relativa,23/02/1981,Chihuahua,Distrito:8,
aeg_jalisco,albertoesquergutierrez_jalisco,Alberto Esquer Gutierrez,Mayoria Relativa,07/11/1978,Jalisco,Distrito:19,
avv_jalisco,albertovillavillegas_jalisco,Alberto Villa Villegas,Representacion proporcional,25/10/1972,Jalisco,Circunscripcion:1,
aar_ciudad de mexico,aleidaalavezruiz_ciudad de mexico,Aleida Alavez Ruiz,Mayoria Relativa,10/01/1974,Ciudad de Mexico,Distrito:19,
apb_morelos,alejandrapanibarragan_morelos,Alejandra Pani Barragan,Mayoria Relativa,17/07/1964,Morelos,Distrito:2,
abc_puebla,alejandrobarrosochavez_puebla,Alejandro Barroso Chavez,Mayoria Relativa,04/01/1981,Puebla,Distrito:15,
ach_puebla,alejandrocarvajalhidalgo_puebla,Alejandro Carvajal Hidalgo,Mayoria Relativa,02/08/1980,Puebla,Distrito:6,
amt_morelos,alejandromojicatoledo_morelos,Alejandro Mojica Toledo,Mayoria Relativa,12/01/1955,Morelos,Distrito:1,
apc_oaxaca,alejandroponcecobos_oaxaca,Alejandro Ponce Cobos,Representacion proporcional,17/04/1972,Oaxaca,Circunscripcion:3,
avv_mexico,alejandroviedmavelazquez_mexico,Alejandro Viedma Velazquez,Representacion proporcional,11/11/1991,Mexico,Circunscripcion:5,
arc_ciudad de mexico,alfonsoramirezcuellar_ciudad de mexico,Alfonso Ramirez Cuellar,Mayoria Relativa,14/06/1959,Ciudad de Mexico,Distrito:14,
afb_zacatecas,alfredofematbanuelos_zacatecas,Alfredo Femat Bañuelos,Mayoria Relativa,12/01/1961,Zacatecas,Distrito:3,
apd_baja california sur,alfredoporrasdominguez_baja california sur,Alfredo Porras Dominguez,Mayoria Relativa,21/02/1957,Baja California Sur,Distrito:2,
avv_chiapas,alfredovazquezvazquez_chiapas,Alfredo Vazquez Vazquez,Mayoria Relativa,27/01/1981,Chiapas,Distrito:3,
ava_sinaloa,alfredovillegasarreola_sinaloa,Alfredo Villegas Arreola,Representacion proporcional,12/01/1951,Sinaloa,Circunscripcion:1,
adnr_mexico,almadelianavarreterivera_mexico,Alma Delia Navarrete Rivera,Mayoria Relativa,29/07/1972,Mexico,Distrito:10,
amvr_durango,almamarinavitelarodriguez_durango,Alma Marina Vitela Rodriguez,Mayoria Relativa,26/12/1965,Durango,Distrito:2,
agge_sonora,anagabrielaguevaraespinoza_sonora,Ana Gabriela Guevara Espinoza,Mayoria Relativa,04/03/1977,Sonora,Distrito:2,
akrp_ciudad de mexico,anakarinarojopimentel_ciudad de mexico,Ana Karina Rojo Pimentel,Mayoria Relativa,28/11/1976,Ciudad de Mexico,Distrito:20,
algq_michoacan,analiliaguillenquiroz_michoacan,Ana Lilia Guillen Quiroz,Mayoria Relativa,05/02/1955,Michoacan,Distrito:8,
alha_mexico,analiliaherreraanzaldo_mexico,Ana Lilia Herrera Anzaldo,Representacion proporcional,29/08/1971,Mexico,Circunscripcion:5,
alrm_ciudad de mexico,analuciariojasmartinez_ciudad de mexico,Ana Lucia Riojas Martinez,Representacion proporcional,25/02/1988,Ciudad de Mexico,Circunscripcion:4,
amrr_ciudad de mexico,anamariarodriguezruiz_ciudad de mexico,Ana Maria Rodriguez Ruiz,Mayoria Relativa,23/07/1962,Ciudad de Mexico,Distrito:18,
aplb_queretaro,anapaolalopezbirlain_queretaro,Ana Paola Lopez Birlain,Mayoria Relativa,21/09/1981,Queretaro,Distrito:5,
appdlp_quintana roo,anapatriciaperaltadelapena_quintana roo,Ana Patricia Peralta De La Pena,Representacion proporcional,24/06/1990,Quintana Roo,Circunscripcion:3,
apgg_jalisco,anapriscilagonzalezgarcia_jalisco,Ana Priscila Gonzalez Garcia,Mayoria Relativa,13/05/1984,Jalisco,Distrito:20,
argg_baja california sur,anaruthgarciagrande_baja california sur,Ana Ruth Garcia Grande,Mayoria Relativa,30/05/1971,Baja California Sur,Distrito:1,
aiv_veracruz,aniluingramvallines_veracruz,Anilu Ingram Vallines,Representacion proporcional,26/08/1980,Veracruz,Circunscripcion:3,
asc_michoacan,anitasanchezcastro_michoacan,Anita Sanchez Castro,Mayoria Relativa,07/01/1968,Michoacan,Distrito:6,
asgc_nuevo leon,anniasarahigomezcardenas_nuevo leon,Annia Sarahi Gomez Cardenas,Mayoria Relativa,06/07/1983,Nuevo Leon,Distrito:6,
andj_oaxaca,antonianatividaddiazjimenez_oaxaca,Antonia Natividad Diaz Jimenez,Representacion proporcional,13/06/1982,Oaxaca,Circunscripcion:3,
aom_aguascalientes,antonioortegamartinez_aguascalientes,Antonio Ortega Martinez,Representacion proporcional,28/07/1954,Aguascalientes,Circunscripcion:2,
aom_guerrero,araceliocampomanzanares_guerrero,Araceli Ocampo Manzanares,Mayoria Relativa,15/10/1972,Guerrero,Distrito:2,
arv_guanajuato,arielrodriguezvazquez_guanajuato,Ariel Rodriguez Vazquez,Mayoria Relativa,01/11/1972,Guanajuato,Distrito:1,
acc_oaxaca,armandocontrerascastillo_oaxaca,Armando Contreras Castillo,Representacion proporcional,13/04/1966,Oaxaca,Circunscripcion:3,
age_ciudad de mexico,armandogonzalezescoto_ciudad de mexico,Armando Gonzalez Escoto,Mayoria Relativa,27/08/1967,Ciudad de Mexico,Distrito:2,
ajzz_tamaulipas,armandojavierzertuchezuani_tamaulipas,Armando Javier Zertuche Zuani,Mayoria Relativa,27/11/1957,Tamaulipas,Distrito:9,
arl_baja california,armandoreyesledesma_baja california,Armando Reyes Ledesma,Mayoria Relativa,10/04/1972,Baja California,Distrito:3,
atc_michoacan,armandotejedacid_michoacan,Armando Tejeda Cid,Mayoria Relativa,21/09/1984,Michoacan,Distrito:4,
aeyv_ciudad de mexico,arturoescobaryvega_ciudad de mexico,Arturo Escobar y Vega,Representacion proporcional,23/04/1970,Ciudad de Mexico,Circunscripcion:4,
arht_mexico,arturorobertohernandeztapia_mexico,Arturo Roberto Hernandez Tapia,Mayoria Relativa,05/05/1961,Mexico,Distrito:35,
asc_oaxaca,azaelsantiagochepi_oaxaca,Azael Santiago Chepi,Mayoria Relativa,15/12/1977,Oaxaca,Distrito:4,
bdpl_oaxaca,beatrizdomingaperezlopez_oaxaca,Beatriz Dominga Perez Lopez,Mayoria Relativa,24/08/1975,Oaxaca,Distrito:6,
bmg_guanajuato,beatrizmanriqueguevara_guanajuato,Beatriz Manrique Guevara,Representacion proporcional,20/05/1967,Guanajuato,Circunscripcion:2,
brm_ciudad de mexico,beatrizrojasmartinez_ciudad de mexico,Beatriz Rojas Martinez,Mayoria Relativa,21/12/1966,Ciudad de Mexico,Distrito:7,
bsrg_queretaro,beatrizsilviaroblesgutierrez_queretaro,Beatriz Silvia Robles Gutierrez,Mayoria Relativa,24/03/1965,Queretaro,Distrito:3,
bmh_baja california,benitomedinaherrera_baja california,Benito Medina Herrera,Representacion proporcional,05/06/1950,Baja California,Circunscripcion:1,
brm_oaxaca,benjaminroblesmontoya_oaxaca,Benjamin Robles Montoya,Mayoria Relativa,08/11/1959,Oaxaca,Distrito:8,
bshc_puebla,benjaminsaulhuertacorona_puebla,Benjamin Saul Huerta Corona,Mayoria Relativa,31/03/1958,Puebla,Distrito:11,
bal_veracruz,bonifacioaguilarlinda_veracruz,Bonifacio Aguilar Linda,Mayoria Relativa,08/05/1976,Veracruz,Distrito:18,
baap_mexico,brasilalbertoacostapena_mexico,Brasil Alberto Acosta Peña,Representacion proporcional,21/06/1970,Mexico,Circunscripcion:5,
bel_morelos,brendaespinozalopez_morelos,Brenda Espinosa Lopez,Representacion proporcional,19/06/1988,Morelos,Circunscripcion:4,
camv_chiapas,carlosalbertomoralesvazquez_chiapas,Carlos Alberto Morales Vazquez,Representacion proporcional,22/08/1972,Chiapas,Circunscripcion:3,
caps_zacatecas,carlosalbertopuentesalas_zacatecas,Carlos Alberto Puente Salas,Representacion proporcional,16/12/1971,Zacatecas,Circunscripcion:2,
cavg_veracruz,carlosalbertovalenzuelagonzalez_veracruz,Carlos Alberto Valenzuela Gonzalez,Representacion proporcional,18/04/1983,Veracruz,Circunscripcion:3,
ccm_tlaxcala,carloscarreonmejia_tlaxcala,Carlos Carreon Mejia,Representacion proporcional,27/05/1973,Tlaxcala,Circunscripcion:4,
cema_campeche,carlosenriquemartinezake_campeche,Carlos Enrique Martinez Ake,Mayoria Relativa,25/04/1977,Campeche,Distrito:1,
chcv_sinaloa,carloshumbertocastanosvalenzuela_sinaloa,Carlos Humberto Castaños Valenzuela,Representacion proporcional,14/04/1977,Sinaloa,Circunscripcion:1,
cjlc_sonora,carlosjavierlamarquecano_sonora,Carlos Javier Lamarque Cano,Mayoria Relativa,01/08/1953,Sonora,Distrito:6,
cpc_zacatecas,carlospavoncampos_zacatecas,Carlos Pavon Campos,Representacion proporcional,31/10/1955,Zacatecas,Circunscripcion:2,
csb_guerrero,carlossanchezbarrios_guerrero,Carlos Sanchez Barrios,Mayoria Relativa,17/08/1957,Guerrero,Distrito:7,
ctp_michoacan,carlostorrespina_michoacan,Carlos Torres Piña,Representacion proporcional,01/03/1979,Michoacan,Circunscripcion:5,
cjpg_jalisco,carmenjuliaprudenciogonzalez_jalisco,Carmen Julia Prudencio Gonzalez,Mayoria Relativa,30/06/1977,Jalisco,Distrito:9,
cmp_veracruz,carmenmedelpalma_veracruz,Carmen Medel Palma,Mayoria Relativa,26/09/1959,Veracruz,Distrito:14,
cmg_veracruz,carmenmoragarcia_veracruz,Carmen Mora Garcia,Mayoria Relativa,14/07/1952,Veracruz,Distrito:9,
cppo_quintana roo,carmenpatriciapalmaolvera_quintana roo,Carmen Patricia Palma Olvera,Mayoria Relativa,13/01/1958,Quintana Roo,Distrito:2,
cyrm_nayarit,carminayadiraregaladomardueno_nayarit,Carmina Yadira Regalado Mardueño,Representacion proporcional,06/11/1967,Nayarit,Circunscripcion:1,
caa_oaxaca,carolantonioaltamirano_oaxaca,Carol Antonio Altamirano,Mayoria Relativa,13/12/1963,Oaxaca,Distrito:5,
cga_mexico,carolinagarciaaguilar_mexico,Carolina Garcia Aguilar,Mayoria Relativa,22/09/1976,Mexico,Distrito:6,
czv_sinaloa,casimirozamoravaldez_sinaloa,Casimiro Zamora Valdez,Mayoria Relativa,15/11/1958,Sinaloa,Distrito:4,
capl_yucatan,ceciliaanunciacionpatronlaviada_yucatan,Cecilia Anunciacion Patron Laviada,Representacion proporcional,25/03/1971,Yucatan,Circunscripcion:3,
cahp_mexico,cesaragustinhernandezperez_mexico,Cesar Agustin Hernandez Perez,Mayoria Relativa,01/03/1980,Mexico,Distrito:30,
ccp_hidalgo,ciprianocharrezpedraza_hidalgo,Cipriano Charrez Pedraza,Mayoria Relativa,16/09/1970,Hidalgo,Distrito:2,
csr_chiapas,cirosalesruiz_chiapas,Ciro Sales Ruiz,Representacion proporcional,01/01/1974,Chiapas,Circunscripcion:3,
cadv_mexico,claudiaangelicadominguezvazquez_mexico,Claudia Angelica Dominguez Vazquez,Mayoria Relativa,13/09/1977,Mexico,Distrito:14,
cbr_puebla,claudiabaezruiz_puebla,Claudia Baez Ruiz,Mayoria Relativa,20/10/1972,Puebla,Distrito:3,
celm_chihuahua,claudiaelenalastramunoz_chihuahua,Claudia Elena Lastra Muñoz,Mayoria Relativa,13/01/1971,Chihuahua,Distrito:3,
clr_ciudad de mexico,claudialopezrayon_ciudad de mexico,Claudia Lopez Rayon,Mayoria Relativa,22/04/1973,Ciudad de Mexico,Distrito:5,
cpb_ciudad de mexico,claudiapastorbadilla_ciudad de mexico,Claudia Pastor Badilla,Representacion proporcional,01/12/1970,Ciudad de Mexico,Circunscripcion:4,
crm_mexico,claudiareyesmontiel_mexico,Claudia Reyes Montiel,Mayoria Relativa,07/02/1974,Mexico,Distrito:18,
cte_veracruz,claudiatelloespinosa_veracruz,Claudia Tello Espinosa,Mayoria Relativa,16/10/1964,Veracruz,Distrito:8,
cvycyc_colima,claudiavaleriayanezcentenoycabrera_colima,Claudia Valeria Yañez Centeno y Cabrera,Mayoria Relativa,02/05/1959,Colima,Distrito:1,
cmdg_chiapas,clementinamartadekkergomez_chiapas,Clementina Marta Dekker Gomez,Mayoria Relativa,10/04/1973,Chiapas,Distrito:5,
cjrs_mexico,cruzjuvenalroasanchez_mexico,Cruz Juvenal Roa Sanchez,Mayoria Relativa,10/05/1968,Mexico,Distrito:36,
cfbm_san luis potosi,cuauhtlifernandobadillomoreno_san luis potosi,Cuauhtli Fernando Badillo Moreno,Representacion proporcional,11/05/1990,San Luis Potosi,Circunscripcion:2,
cilc_ciudad de mexico,cynthiailianalopezcastro_ciudad de mexico,Cynthia Iliana Lopez Castro,Representacion proporcional,18/02/1987,Ciudad de Mexico,Circunscripcion:4,
dgg_oaxaca,danielgutierrezgutierrez_oaxaca,Daniel Gutierrez Gutierrez,Mayoria Relativa,15/02/1976,Oaxaca,Distrito:10,
dbr_puebla,davidbautistarivera_puebla,David Bautista Rivera,Representacion proporcional,27/03/1981,Puebla,Circunscripcion:4,
don_mexico,davidorihuelanava_mexico,David Orihuela Nava,Mayoria Relativa,31/01/1985,Mexico,Distrito:23,
d_mexico,delfino(deceso)lopezaparicio_mexico,Delfino,Mayoria Relativa,09/02/1960,Mexico,Distrito:25,
dedbv_coahuila,diegoeduardodelbosquevillarreal_coahuila,Diego Eduardo Del Bosque Villarreal,Representacion proporcional,21/02/1990,Coahuila,Circunscripcion:2,
dvg_mexico,dioniciavazquezgarcia_mexico,Dionicia Vazquez Garcia,Mayoria Relativa,29/03/1948,Mexico,Distrito:2,
dpl_ciudad de mexico,dolorespadiernaluna_ciudad de mexico,Dolores Padierna Luna,Mayoria Relativa,08/05/1958,Ciudad de Mexico,Distrito:12,
dgc_veracruz,dorhenygarciacayetano_veracruz,Dorheny Garcia Cayetano,Representacion proporcional,25/07/1990,Veracruz,Circunscripcion:3,
dagm_oaxaca,dulcealejandragarciamorlan_oaxaca,Dulce Alejandra Garcia Morlan,Representacion proporcional,05/12/1978,Oaxaca,Circunscripcion:3,
dmcvg_veracruz,dulcemariacorinavillegasguarneros_veracruz,Dulce Maria Corina Villegas Guarneros,Mayoria Relativa,24/12/1966,Veracruz,Distrito:15,
dmmdlld_veracruz,dulcemariamendezdelaluzdauzon_veracruz,Dulce Maria Mendez De La Luz Dauzon,Representacion proporcional,06/10/1985,Veracruz,Circunscripcion:3,
dmsr_yucatan,dulcemariasauririancho_yucatan,Dulce Maria Sauri Riancho,Representacion proporcional,14/08/1951,Yucatan,Circunscripcion:3,
ejrb_guanajuato,ectorjaimeramirezbarba_guanajuato,Ector Jaime Ramirez Barba,Mayoria Relativa,01/12/1956,Guanajuato,Distrito:5,
essd_nuevo leon,edelmirosantiagosantosdiaz_nuevo leon,Edelmiro Santiago Santos Diaz,Representacion proporcional,02/07/1960,Nuevo Leon,Circunscripcion:2,
egv_puebla,edgarguzmanvaldez_puebla,Edgar Guzman Valdez,Mayoria Relativa,19/04/1992,Puebla,Distrito:7,
era_tabasco,ediltrudisrodriguezarellano_tabasco,Ediltrudis Rodriguez Arellano,Representacion proporcional,23/06/1954,Tabasco,Circunscripcion:3,
egr_veracruz,edithgarciarosales_veracruz,Edith Garcia Rosales,Representacion proporcional,17/10/1992,Veracruz,Circunscripcion:3,
emmt_mexico,edithmarisolmercadotorres_mexico,Edith Marisol Mercado Torres,Representacion proporcional,15/09/1986,Mexico,Circunscripcion:5,
err_jalisco,eduardoronramos_jalisco,Eduardo Ron Ramos,Mayoria Relativa,24/02/1975,Jalisco,Distrito:1,
ezs_mexico,eduardozarzosasanchez_mexico,Eduardo Zarzosa Sanchez,Mayoria Relativa,16/12/1973,Mexico,Distrito:9,
erv_chihuahua,efrainrochavega_chihuahua,Efrain Rocha Vega,Representacion proporcional,12/05/1955,Chihuahua,Circunscripcion:1,
eltd_aguascalientes,elbalorenatorresdiaz_aguascalientes,Elba Lorena Torres Diaz,Mayoria Relativa,15/03/1977,Aguascalientes,Distrito:2,
eas_veracruz,eleuterioarrietasanchez_veracruz,Eleuterio Arrieta Sanchez,Mayoria Relativa,02/05/1955,Veracruz,Distrito:13,
ecma_chiapas,emeteriaclaudiamartinezaguilar_chiapas,Emeteria Claudia Martinez Aguilar,Representacion proporcional,03/03/1985,Chiapas,Circunscripcion:3,
emt_mexico,emiliomanzanillatellez_mexico,Emilio Manzanilla Tellez,Mayoria Relativa,10/04/1971,Mexico,Distrito:16,
erc_guanajuato,emmanuelreyescarmona_guanajuato,Emmanuel Reyes Carmona,Mayoria Relativa,29/06/1987,Guanajuato,Distrito:13,
eor_michoacan,enriqueochoareza_michoacan,Enrique Ochoa Reza,Representacion proporcional,01/09/1972,Michoacan,Circunscripcion:5,
erg_chihuahua,eracliorodriguezgomez_chihuahua,Eraclio Rodriguez Gomez,Mayoria Relativa,04/01/1961,Chihuahua,Distrito:7,
egr_tamaulipas,erasmogonzalezrobledo_tamaulipas,Erasmo Gonzalez Robledo,Mayoria Relativa,28/06/1972,Tamaulipas,Distrito:7,
eime_baja california,erikisaacmoraleselvira_baja california,Erik Isaac Morales Elvira,Mayoria Relativa,01/09/1976,Baja California,Distrito:7,
emru_sinaloa,erikamarianarosasuribe_sinaloa,Erika Mariana Rosas Uribe,Representacion proporcional,09/01/1984,Sinaloa,Circunscripcion:1,
evdci_ciudad de mexico,erikavanessadelcastilloibarra_ciudad de mexico,Erika Vanessa Del Castillo Ibarra,Mayoria Relativa,10/06/1978,Ciudad de Mexico,Distrito:1,
earl_nuevo leon,ernestoalfonsorobledoleal_nuevo leon,Ernesto Alfonso Robledo Leal,Mayoria Relativa,06/06/1976,Nuevo Leon,Distrito:11,
egra_baja california,ernestoguillermoruffoappel_baja california,Ernesto Guillermo Ruffo Appel,Representacion proporcional,25/06/1952,Baja California,Circunscripcion:1,
ejna_mexico,ernestojaviernemeralvarez_mexico,Ernesto Javier Nemer Alvarez,Representacion proporcional,17/07/1961,Mexico,Circunscripcion:5,
evc_nuevo leon,ernestovargascontreras_nuevo leon,Ernesto Vargas Contreras,Mayoria Relativa,06/03/1977,Nuevo Leon,Distrito:8,
edlamm_mexico,esmeraldadelosangelesmorenomedina_mexico,Esmeralda de los Angeles Moreno Medina,Mayoria Relativa,19/12/1986,Mexico,Distrito:26,
ebb_michoacan,estebanbarajasbarajas_michoacan,Esteban Barajas Barajas,Mayoria Relativa,20/01/1959,Michoacan,Distrito:2,
ena_tabasco,estelanunezalvarez_tabasco,Estela Nuñez Alvarez,Mayoria Relativa,16/08/1956,Tabasco,Distrito:1,
ejrf_veracruz,eulaliojuanriosfararoni_veracruz,Eulalio Juan Rios Fararoni,Mayoria Relativa,18/04/1965,Veracruz,Distrito:20,
elpr_coahuila,evaristoleninperezrivera_coahuila,Evaristo Lenin Perez Rivera,Mayoria Relativa,28/10/1966,Coahuila,Distrito:1,
frglh_jalisco,fabiolaraquelguadalupeloyahernandez_jalisco,Fabiola Raquel Guadalupe Loya Hernandez,Mayoria Relativa,05/11/1974,Jalisco,Distrito:6,
ffa_michoacan,felicianofloresanguiano_michoacan,Feliciano Flores Anguiano,Mayoria Relativa,28/05/1971,Michoacan,Distrito:1,
ffmo_queretaro,felipefernandomaciasolvera_queretaro,Felipe Fernando Macias Olvera,Mayoria Relativa,04/04/1986,Queretaro,Distrito:4,
fradll_mexico,feliperafaelarvizudelaluz_mexico,Felipe Rafael Arvizu De la Luz,Mayoria Relativa,09/09/1974,Mexico,Distrito:12,
fddlfh_coahuila,fernandodonatodelasfuenteshernandez_coahuila,Fernando Donato De las Fuentes Hernandez,Mayoria Relativa,07/08/1960,Coahuila,Distrito:7,
fgf_ciudad de mexico,fernandogalindofavela_ciudad de mexico,Fernando Galindo Favela,Representacion proporcional,06/05/1978,Ciudad de Mexico,Circunscripcion:4,
flmp_puebla,fernandoluismanzanillaprieto_puebla,Fernando Luis Manzanilla Prieto,Mayoria Relativa,10/05/1968,Puebla,Distrito:12,
ftg_guanajuato,fernandotorresgraciano_guanajuato,Fernando Torres Graciano,Representacion proporcional,27/08/1970,Guanajuato,Circunscripcion:2,
fimm_ciudad de mexico,florivonemoralesmiranda_ciudad de mexico,Flor Ivone Morales Miranda,Mayoria Relativa,05/10/1968,Ciudad de Mexico,Distrito:21,
ftcs_veracruz,florataniacruzsantos_veracruz,Flora Tania Cruz Santos,Mayoria Relativa,27/01/1978,Veracruz,Distrito:11,
frc_hidalgo,fortunatoriveracastillo_hidalgo,Fortunato Rivera Castillo,Mayoria Relativa,17/11/1955,Hidalgo,Distrito:1,
feg_nuevo leon,franciscoelizondogarrido_nuevo leon,Francisco Elizondo Garrido,Representacion proporcional,17/01/1982,Nuevo Leon,Circunscripcion:2,
ffp_mexico,franciscofavelapenunuri_mexico,Francisco Favela Peñuñuri,Mayoria Relativa,15/04/1955,Mexico,Distrito:5,
fjba_coahuila,franciscojavierborregoadame_coahuila,Francisco Javier Borrego Adame,Mayoria Relativa,27/12/1954,Coahuila,Distrito:2,
fjgdlt_jalisco,franciscojavierguzmandelatorre_jalisco,Francisco Javier Guzman De la Torre,Representacion proporcional,29/08/1944,Jalisco,Circunscripcion:1,
fjhe_michoacan,franciscojavierhuacusesquivel_michoacan,Francisco Javier Huacus Esquivel,Mayoria Relativa,26/08/1986,Michoacan,Distrito:12,
fjln_aguascalientes,franciscojavierluevanonunez_aguascalientes,Francisco Javier Luevano Nuñez,Mayoria Relativa,01/07/1979,Aguascalientes,Distrito:1,
fjrn_mexico,franciscojavierramireznavarrete_mexico,Francisco Javier Ramirez Navarrete,Representacion proporcional,03/01/1988,Mexico,Circunscripcion:5,
fjsc_ciudad de mexico,franciscojaviersaldivarcamacho_ciudad de mexico,Francisco Javier Saldivar Camacho,Mayoria Relativa,12/03/1967,Ciudad de Mexico,Distrito:17,
faem_zacatecas,fridaalejandraesparzamarquez_zacatecas,Frida Alejandra Esparza Marquez,Representacion proporcional,05/11/1996,Zacatecas,Circunscripcion:2,
fay_san luis potosi,frinneazuarayarzabal_san luis potosi,Frinne Azuara Yarzabal,Representacion proporcional,03/03/1956,San Luis Potosi,Circunscripcion:2,
gcb_ciudad de mexico,gabrielacuevasbarron_ciudad de mexico,Gabriela Cuevas Barron,Representacion proporcional,03/04/1979,Ciudad de Mexico,Circunscripcion:4,
gihv_jalisco,geraldinaisabelherreravega_jalisco,Geraldina Isabel Herrera Vega,Mayoria Relativa,24/04/1963,Jalisco,Distrito:10,
gfn_ciudad de mexico,gerardofernandeznorona_ciudad de mexico,Gerardo Fernandez Noroña,Mayoria Relativa,19/03/1960,Ciudad de Mexico,Distrito:4,
grl_hidalgo,gloriaromeroleon_hidalgo,Gloria Romero Leon,Representacion proporcional,25/01/1964,Hidalgo,Circunscripcion:5,
ghp_michoacan,gonzaloherreraperez_michoacan,Gonzalo Herrera Perez,Mayoria Relativa,07/07/1955,Michoacan,Distrito:7,
gso_mexico,gracielasanchezortiz_mexico,Graciela Sanchez Ortiz,Mayoria Relativa,18/02/1959,Mexico,Distrito:21,
gzs_oaxaca,gracielazavaletasanchez_oaxaca,Graciela Zavaleta Sanchez,Representacion proporcional,23/12/1946,Oaxaca,Circunscripcion:3,
geem_tabasco,gregorioefrainespadasmendez_tabasco,Gregorio Efrain Espadas Mendez,Mayoria Relativa,26/10/1948,Tabasco,Distrito:3,
grs_ciudad de mexico,guadaluperamossotelo_ciudad de mexico,Guadalupe Ramos Sotelo,Mayoria Relativa,01/02/1974,Ciudad de Mexico,Distrito:24,
grr_jalisco,guadaluperomoromo_jalisco,Guadalupe Romo Romo,Mayoria Relativa,22/03/1962,Jalisco,Distrito:3,
gcm_mexico,gustavocontrerasmontes_mexico,Gustavo Contreras Montes,Mayoria Relativa,11/06/1980,Mexico,Distrito:8,
hgdjjym_puebla,hectorguillermodejesusjimenezymeneses_puebla,Hector Guillermo de Jesus Jimenez y Meneses,Mayoria Relativa,24/11/1945,Puebla,Distrito:13,
hjvg_tamaulipas,hectorjoelvillegasgonzalez_tamaulipas,Hector Joel Villegas Gonzalez,Mayoria Relativa,09/05/1979,Tamaulipas,Distrito:3,
hrca_baja california,hectorrenecruzaparicio_baja california,Hector Rene Cruz Aparicio,Mayoria Relativa,27/12/1982,Baja California,Distrito:8,
hsc_ciudad de mexico,hectorserranocortes_ciudad de mexico,Hector Serrano Cortes,Representacion proporcional,22/04/1962,Ciudad de Mexico,Circunscripcion:4,
hyl_veracruz,hectoryuneslanda_veracruz,Hector Yunes Landa,Representacion proporcional,27/10/1958,Veracruz,Circunscripcion:3,
hmac_sonora,heribertomarceloaguilarcastillo_sonora,Heriberto Marcelo Aguilar Castillo,Mayoria Relativa,12/02/1975,Sonora,Distrito:4,
hsw_nuevo leon,hernansalinaswolberg_nuevo leon,Hernan Salinas Wolberg,Mayoria Relativa,01/04/1982,Nuevo Leon,Distrito:1,
hpon_durango,hildapatriciaorteganajera_durango,Hilda Patricia Ortega Najera,Mayoria Relativa,10/08/1966,Durango,Distrito:4,
hgm_sonora,hildelisagonzalezmorales_sonora,Hildelisa Gonzalez Morales,Mayoria Relativa,22/12/1956,Sonora,Distrito:7,
hmm_michoacan,hirepanmayamartinez_michoacan,Hirepan Maya Martinez,Representacion proporcional,02/12/1977,Michoacan,Circunscripcion:5,
hdo_mexico,horacioduarteolivares_mexico,Horacio Duarte Olivares,Representacion proporcional,05/11/1971,Mexico,Circunscripcion:5,
hmlnq_jalisco,hortensiamarialuisanoronaquezada_jalisco,Hortensia Maria Luisa Noroña Quezada,Representacion proporcional,19/10/1976,Jalisco,Circunscripcion:1,
hrrl_hidalgo,hugorafaelruizlustre_hidalgo,Hugo Rafael Ruiz Lustre,Representacion proporcional,22/08/1965,Hidalgo,Circunscripcion:5,
hpm_chiapas,humbertopedreromoreno_chiapas,Humberto Pedrero Moreno,Mayoria Relativa,26/05/1986,Chiapas,Distrito:2,
irm_guerrero,idaliareyesmiguel_guerrero,Idalia Reyes Miguel,Representacion proporcional,15/08/1976,Guerrero,Circunscripcion:4,
ibce_michoacan,ignaciobenjamincamposequihua_michoacan,Ignacio Benjamin Campos Equihua,Mayoria Relativa,12/05/1973,Michoacan,Distrito:9,
ivs_colima,indiravizcainosilva_colima,Indira Vizcaino Silva,Mayoria Relativa,14/01/1987,Colima,Distrito:2,
ipj_puebla,inesparrajuarez_puebla,Ines Parra Juarez,Mayoria Relativa,20/04/1978,Puebla,Distrito:4,
ism_oaxaca,iransantiagomanuel_oaxaca,Iran Santiago Manuel,Representacion proporcional,04/03/1985,Oaxaca,Circunscripcion:3,
idcbd_campeche,irasemadelcarmenbuenfildiaz_campeche,Irasema del Carmen Buenfil Diaz,Mayoria Relativa,22/08/1958,Campeche,Distrito:2,
ime_oaxaca,irineomolinaespinoza_oaxaca,Irineo Molina Espinoza,Mayoria Relativa,13/06/1976,Oaxaca,Distrito:1,
ijc_oaxaca,irmajuancarlos_oaxaca,Irma Juan Carlos,Mayoria Relativa,19/07/1977,Oaxaca,Distrito:2,
imtv_sonora,irmamariateranvillalobos_sonora,Irma Maria Teran Villalobos,Representacion proporcional,12/11/1985,Sonora,Circunscripcion:1,
imgv_nuevo leon,isabelmargaritaguerravillarreal_nuevo leon,Isabel Margarita Guerra Villareal,Representacion proporcional,22/09/1975,Nuevo Leon,Circunscripcion:2,
igc_baja california sur,isaiasgonzalezcuevas_baja california sur,Isaias Gonzalez Cuevas,Representacion proporcional,06/07/1940,Baja California Sur,Circunscripcion:1,
iahd_durango,ismaelalfredohernandezderas_durango,Ismael Alfredo Hernandez Deras,Representacion proporcional,20/02/1964,Durango,Circunscripcion:1,
itbp_jalisco,itzcoatltonatiuhbravopadilla_jalisco,Itzcoatl Tonatiuh Bravo Padilla,Representacion proporcional,07/02/1960,Jalisco,Circunscripcion:1,
iapnr_michoacan,ivanarturopereznegronruiz_michoacan,Ivan Arturo Perez Negron ,Mayoria Relativa,20/07/1974,Michoacan,Distrito:10,
iarr_mexico,ivanarturorodriguezrivera_mexico,Ivan Arturo Rodriguez Rivera,Representacion proporcional,02/05/1974,Mexico,Circunscripcion:5,
ilag_nuevo leon,ivonnelilianaalvarezgarcia_nuevo leon,Ivonne Liliana Alvarez Garcia,Representacion proporcional,25/04/1978,Nuevo Leon,Circunscripcion:2,
jdca_mexico,jacobodavidchejaalfaro_mexico,Jacobo David Cheja Alfaro,Representacion proporcional,08/10/1965,Mexico,Circunscripcion:5,
jmj_zacatecas,jacquelinamartinezjuarez_zacatecas,Jacquelina Martinez Juarez,Representacion proporcional,26/05/1981,Zacatecas,Circunscripcion:2,
jhpb_veracruz,jaimehumbertoperezbernabe_veracruz,Jaime Humberto Perez Bernabe,Mayoria Relativa,15/04/1973,Veracruz,Distrito:6,
jmmc_guanajuato,janetmelaniemurillochavez_guanajuato,Janet Melanie Murillo Chavez,Mayoria Relativa,02/08/1981,Guanajuato,Distrito:9,
jti_hidalgo,jannettellezinfante_hidalgo,Jannet Tellez Infante,Mayoria Relativa,08/01/1979,Hidalgo,Distrito:7,
jahp_ciudad de mexico,javierarielhidalgoponce_ciudad de mexico,Javier Ariel Hidalgo Ponce,Mayoria Relativa,14/05/1960,Ciudad de Mexico,Distrito:10,
jjcp_baja california,javierjuliancastanedapomposo_baja california,Javier Julian Castañeda Pomposo,Mayoria Relativa,07/10/1967,Baja California,Distrito:6,
jms_guerrero,javiermanzanosalazar_guerrero,Javier Manzano Salazar,Mayoria Relativa,05/06/1963,Guerrero,Distrito:5,
jsn_mexico,javiersalinasnarvaez_mexico,Javier Salinas Narvaez,Representacion proporcional,22/11/1965,Mexico,Circunscripcion:5,
jcvp_yucatan,jesuscarlosvidalpeniche_yucatan,Jesus Carlos Vidal Peniche,Mayoria Relativa,16/06/1976,Yucatan,Distrito:1,
jfgh_sinaloa,jesusfernandogarciahernandez_sinaloa,Jesus Fernando Garcia Hernandez,Mayoria Relativa,30/05/1958,Sinaloa,Distrito:3,
jga_veracruz,jesusguzmanaviles_veracruz,Jesus Guzman Aviles,Mayoria Relativa,25/12/1961,Veracruz,Distrito:2,
jsmm_baja california,jesussalvadorminormora_baja california,Jesus Salvador Minor Mora,Mayoria Relativa,01/06/1951,Baja California,Distrito:1,
jsan_mexico,jesussergioalcantaranunez_mexico,Jesus Sergio Alcantara Nuñez,Representacion proporcional,21/06/1965,Mexico,Circunscripcion:5,
jdlapm_quintana roo,jesusdelosangelespoolmoo_quintana roo,Jesus de los Angeles Pool Moo,Mayoria Relativa,22/12/1969,Quintana Roo,Distrito:4,
jagl_baja california,jorgealcibiadesgarcialara_baja california,Jorge Alcibiades Garcia Lara,Representacion proporcional,05/08/1969,Baja California,Circunscripcion:1,
jaav_morelos,jorgearturoarguellesvictorero_morelos,Jorge Arturo Arguelles Victorero,Mayoria Relativa,13/05/1981,Morelos,Distrito:4,
jaeg_guanajuato,jorgearturoespadasgalvan_guanajuato,Jorge Arturo Espadas Galvan,Mayoria Relativa,08/09/1975,Guanajuato,Distrito:11,
jegm_quintana roo,jorgeemiliogonzalezmartinez_quintana roo,Jorge Emilio Gonzalez Martinez,Representacion proporcional,16/04/1972,Quintana Roo,Circunscripcion:3,
jers_sonora,jorgeeugeniorussosalido_sonora,Jorge Eugenio Russo Salido,Representacion proporcional,19/12/1969,Sonora,Circunscripcion:1,
jlmn_queretaro,jorgeluismontesnieves_queretaro,Jorge Luis Montes Nieves,Mayoria Relativa,14/01/1981,Queretaro,Distrito:2,
jlpr_colima,jorgeluispreciadorodriguez_colima,Jorge Luis Preciado Rodriguez,Representacion proporcional,09/08/1972,Colima,Circunscripcion:5,
jrh_ciudad de mexico,jorgeromeroherrera_ciudad de mexico,Jorge Romero Herrera,Representacion proporcional,03/01/1979,Ciudad de Mexico,Circunscripcion:4,
japh_coahuila,joseangelperezhernandez_coahuila,Jose Angel Perez Hernandez,Mayoria Relativa,01/03/1958,Coahuila,Distrito:6,
jdcgq_campeche,josedelcarmengomezquej_campeche,Jose Del Carmen Gomez Quej,Representacion proporcional,18/12/1957,Campeche,Circunscripcion:3,
jela_yucatan,joseeliaslixaabimerhi_yucatan,Jose Elias Lixa Abimerhi,Mayoria Relativa,28/02/1987,Yucatan,Distrito:4,
jgar_michoacan,joseguadalupeaguilerarojas_michoacan,Jose Guadalupe Aguilera Rojas,Mayoria Relativa,12/12/1971,Michoacan,Distrito:11,
jgag_morelos,joseguadalupeambrociogachuz_morelos,Jose Guadalupe Ambrocio Gachuz,Mayoria Relativa,12/12/1960,Morelos,Distrito:5,
jgas_puebla,joseguillermoarechigasantamaria_puebla,Jose Guillermo Arechiga Santamaria,Mayoria Relativa,02/09/1958,Puebla,Distrito:9,
jitr_zacatecas,joseisabeltrejoreyes_zacatecas,Jose Isabel Trejo Reyes,Representacion proporcional,09/04/1959,Zacatecas,Circunscripcion:2,
jjms_sinaloa,josejaimemontessalas_sinaloa,Jose Jaime Montes Salas,Mayoria Relativa,20/02/1954,Sinaloa,Distrito:2,
jlef_chiapas,joseluiselorzaflores_chiapas,Jose Luis Elorza Flores,Mayoria Relativa,28/04/1973,Chiapas,Distrito:12,
jlgd_nuevo leon,joseluisgarciaduque_nuevo leon,Jose Luis Garcia Duque,Mayoria Relativa,08/11/1967,Nuevo Leon,Distrito:3,
jlml_mexico,joseluismontalvoluna_mexico,Jose Luis Montalvo Luna,Mayoria Relativa,29/04/1960,Mexico,Distrito:39,
jmlc_nuevo leon,josemartinlopezcisneros_nuevo leon,Jose Martin Lopez Cisneros,Mayoria Relativa,11/11/1972,Nuevo Leon,Distrito:10,
jrcp_nayarit,joseramoncamberoperez_nayarit,Jose Ramon Cambero Perez,Representacion proporcional,27/06/1971,Nayarit,Circunscripcion:1,
jrde_san luis potosi,josericardodelsolestrada_san luis potosi,Jose Ricardo Delsol Estrada,Mayoria Relativa,29/03/1964,San Luis Potosi,Distrito:4,
jrgc_san luis potosi,josericardogallardocardona_san luis potosi,Jose Ricardo Gallardo Cardona,Mayoria Relativa,18/11/1980,San Luis Potosi,Distrito:2,
jrma_baja california sur,joserigobertomaresaguilar_baja california sur,Jose Rigoberto Mares Aguilar,Representacion proporcional,17/02/1981,Baja California Sur,Circunscripcion:1,
jsrq_tamaulipas,josesalvadorrosasquintanilla_tamaulipas,Jose Salvador Rosas Quintanilla,Mayoria Relativa,22/01/1961,Tamaulipas,Distrito:1,
jdllss_tlaxcala,josedelaluzsosasalinas_tlaxcala,Jose de la Luz Sosa Salinas,Mayoria Relativa,25/05/1966,Tlaxcala,Distrito:1,
jsb_san luis potosi,josefinasalazarbaez_san luis potosi,Josefina Salazar Baez,Mayoria Relativa,29/01/1974,San Luis Potosi,Distrito:5,
jabb_mexico,juanangelbautistabravo_mexico,Juan Angel Bautista Bravo,Mayoria Relativa,25/07/1981,Mexico,Distrito:31,
jcldlr_chihuahua,juancarlosloeradelarosa_chihuahua,Juan Carlos Loera De La Rosa,Representacion proporcional,27/04/1969,Chihuahua,Circunscripcion:1,
jcmm_guanajuato,juancarlosmunozmarquez_guanajuato,Juan Carlos Munoz Marquez,Representacion proporcional,30/11/1969,Guanajuato,Circunscripcion:2,
jcrh_guanajuato,juancarlosromerohicks_guanajuato,Juan Carlos Romero Hicks,Mayoria Relativa,10/12/1955,Guanajuato,Distrito:4,
jcvs_jalisco,juancarlosvillarrealsalazar_jalisco,Juan Carlos Villarreal Salazar,Mayoria Relativa,11/08/1974,Jalisco,Distrito:7,
jefe_chiapas,juanenriquefarreraesponda_chiapas,Juan Enrique Farrera Esponda,Mayoria Relativa,21/03/1967,Chiapas,Distrito:10,
jfee_nuevo leon,juanfranciscoespinozaeguia_nuevo leon,Juan Francisco Espinoza Eguia,Mayoria Relativa,10/11/1971,Nuevo Leon,Distrito:9,
jfrs_jalisco,juanfranciscoramirezsalcido_jalisco,Juan Francisco Ramirez Salcido,Mayoria Relativa,25/03/1969,Jalisco,Distrito:14,
jirr_guanajuato,juanisraelramosruiz_guanajuato,Juan Israel Ramos Ruiz,Representacion proporcional,29/04/1973,Guanajuato,Circunscripcion:2,
jjcp_yucatan,juanjosecanulperez_yucatan,Juan Jose Canul Perez,Mayoria Relativa,08/01/1972,Yucatan,Distrito:5,
jmec_jalisco,juanmartinespinozacardenas_jalisco,Juan Martin Espinoza Cardenas,Mayoria Relativa,11/07/1972,Jalisco,Distrito:17,
jmf_veracruz,juanmartinezflores_veracruz,Juan Martinez Flores,Mayoria Relativa,03/04/1956,Veracruz,Distrito:16,
jog_veracruz,juanortizguarneros_veracruz,Juan Ortiz Guarneros,Representacion proporcional,25/09/1953,Veracruz,Circunscripcion:3,
jpsr_mexico,juanpablosanchezrodriguez_mexico,Juan Pablo Sanchez Rodriguez,Mayoria Relativa,29/04/1979,Mexico,Distrito:20,
jcl_mexico,juanacarrilloluna_mexico,Juana Carrillo Luna,Representacion proporcional,24/06/1963,Mexico,Circunscripcion:5,
jgm_morelos,juanitaguerramena_morelos,Juanita Guerra Mena,Mayoria Relativa,19/03/1983,Morelos,Distrito:3,
jgz_michoacan,julietagarciazepeda_michoacan,Julieta Garcia Zepeda,Representacion proporcional,20/03/1965,Michoacan,Circunscripcion:5,
jkvv_puebla,julietakristalvencesvalencia_puebla,Julieta Kristal Vences Valencia,Mayoria Relativa,24/10/1986,Puebla,Distrito:8,
jmr_ciudad de mexico,julietamaciasrabago_ciudad de mexico,Julieta Macias Rabago,Representacion proporcional,05/10/1971,Ciudad de Mexico,Circunscripcion:4,
jca_veracruz,juliocarranzaareas_veracruz,Julio Carranza Areas,Representacion proporcional,14/03/1965,Veracruz,Circunscripcion:3,
jcam_hidalgo,juliocesarangelesmendoza_hidalgo,Julio Cesar Angeles Mendoza,Mayoria Relativa,24/10/1971,Hidalgo,Distrito:5,
jear_guanajuato,justinoeugenioarriagarojas_guanajuato,Justino Eugenio Arriaga Rojas,Mayoria Relativa,20/09/1979,Guanajuato,Distrito:8,
kmgm_guanajuato,karenmichelgonzalezmarquez_guanajuato,Karen Michel Gonzalez Marquez,Mayoria Relativa,21/01/1988,Guanajuato,Distrito:7,
kyab_mexico,karlayuritzialmazanburgos_mexico,Karla Yuritzi Almazan Burgos,Mayoria Relativa,27/08/1974,Mexico,Distrito:38,
kacl_jalisco,katiaalejandracastillolozano_jalisco,Katia Alejandra Castillo Lozano,Representacion proporcional,20/10/1982,Jalisco,Circunscripcion:1,
kake_jalisco,kehilaabigailkuescalante_jalisco,Kehila Abigail Ku Escalante,Mayoria Relativa,02/09/1985,Jalisco,Distrito:11,
larh_mexico,lauraangelicarojashernandez_mexico,Laura Angelica Rojas Hernandez,Representacion proporcional,26/12/1975,Mexico,Circunscripcion:5,
lbf_mexico,laurabarrerafortoul_mexico,Laura Barrera Fortoul,Representacion proporcional,10/05/1976,Mexico,Circunscripcion:5,
ledjgg_nuevo leon,lauraerikadejesusgarzagutierrez_nuevo leon,Laura Erika de Jesus Garza Gutierrez,Mayoria Relativa,19/08/1977,Nuevo Leon,Distrito:7,
lips_jalisco,lauraimeldaperezsegura_jalisco,Laura Imelda Perez Segura,Mayoria Relativa,30/05/1980,Jalisco,Distrito:16,
lmg_ciudad de mexico,lauramartinezgonzalez_ciudad de mexico,Laura Martinez Gonzalez,Representacion proporcional,15/01/1970,Ciudad de Mexico,Circunscripcion:4,
lpam_tabasco,laurapatriciaavalosmagana_tabasco,Laura Patricia Avalos Magana,Mayoria Relativa,21/05/1974,Tabasco,Distrito:5,
lncc_san luis potosi,leninnelsoncamposcordova_san luis potosi,Lenin Nelson Campos Cordova,Representacion proporcional,08/08/1961,San Luis Potosi,Circunscripcion:2,
laam_chiapas,leticiaarlettaguilarmolina_chiapas,Leticia Arlett Aguilar Molina,Mayoria Relativa,01/03/1958,Chiapas,Distrito:9,
lda_ciudad de mexico,leticiadiazaguilar_ciudad de mexico,Leticia Diaz Aguilar,Representacion proporcional,20/03/1964,Ciudad de Mexico,Circunscripcion:4,
lmgo_mexico,leticiamarianagomezordaz_mexico,Leticia Mariana Gomez Ordaz,Representacion proporcional,06/03/1983,Mexico,Circunscripcion:5,
lga_hidalgo,lidiagarciaanaya_hidalgo,Lidia Garcia Anaya,Mayoria Relativa,31/10/1957,Hidalgo,Distrito:6,
lnvh_san luis potosi,lidianallelyvargashernandez_san luis potosi,Lidia Nallely Vargas Hernandez,Representacion proporcional,03/08/1992,San Luis Potosi,Circunscripcion:2,
lvz_guanajuato,liliavillafuertezavala_guanajuato,Lilia Villafuerte Zavala,Mayoria Relativa,19/04/1963,Guanajuato,Distrito:10,
lml_baja california,lizbethmatalozano_baja california,Lizbeth Mata Lozano,Representacion proporcional,10/01/1984,Baja California,Circunscripcion:1,
lagm_veracruz,lizethamayraniguerramendez_veracruz,Lizeth Amayrani Guerra Mendez,Representacion proporcional,18/01/1994,Veracruz,Circunscripcion:3,
lsg_puebla,lizethsanchezgarcia_puebla,Lizeth Sanchez Garcia,Mayoria Relativa,03/11/1976,Puebla,Distrito:5,
lcc_tlaxcala,lorenacuellarcisneros_tlaxcala,Lorena Cuellar Cisneros,Mayoria Relativa,20/02/1962,Tlaxcala,Distrito:3,
ldsja_jalisco,lorenadelsocorrojimenezandrade_jalisco,Lorena del Socorro Jimenez Andrade,Mayoria Relativa,21/10/1959,Jalisco,Distrito:5,
livs_sonora,loreniaivethvallessampedro_sonora,Lorenia Iveth Valles Sampedro,Mayoria Relativa,18/12/1976,Sonora,Distrito:3,
lccg_jalisco,lourdesceleniacontrerasgonzalez_jalisco,Lourdes Celenia Contreras Gonzalez,Mayoria Relativa,29/12/1984,Jalisco,Distrito:13,
lesm_sinaloa,lourdeserikasanchezmartinez_sinaloa,Lourdes Erika Sanchez Martinez,Representacion proporcional,29/09/1980,Sinaloa,Circunscripcion:1,
lfo_ciudad de mexico,luciafloresolivo_ciudad de mexico,Lucia Flores Olivo,Representacion proporcional,09/04/1965,Ciudad de Mexico,Circunscripcion:4,
lss_sinaloa,lucindasandovalsoberanes_sinaloa,Lucinda Sandoval Soberanes,Representacion proporcional,18/02/1980,Sinaloa,Circunscripcion:1,
ldjj_ciudad de mexico,luciodejesusjimenez_ciudad de mexico,Lucio De Jesus Jimenez,Representacion proporcional,15/12/1970,Ciudad de Mexico,Circunscripcion:4,
lepc_ciudad de mexico,lucioernestopalacioscordero_ciudad de mexico,Lucio Ernesto Palacios Cordero,Representacion proporcional,07/07/1977,Ciudad de Mexico,Circunscripcion:4,
lama_ciudad de mexico,luisalbertomendozaacevedo_ciudad de mexico,Luis Alberto Mendoza Acevedo,Mayoria Relativa,12/01/1980,Ciudad de Mexico,Distrito:15,
lelcm_puebla,luiseleusisleonidascordovamoran_puebla,Luis Eleusis Leonidas Cordova Moran,Representacion proporcional,26/09/1949,Puebla,Circunscripcion:4,
lemv_mexico,luisenriquemartinezventura_mexico,Luis Enrique Martinez Ventura,Mayoria Relativa,19/08/1963,Mexico,Distrito:32,
lemn_mexico,luisenriquemirandanava_mexico,Luis Enrique Miranda Nava,Representacion proporcional,04/02/1965,Mexico,Circunscripcion:5,
lfsf_coahuila,luisfernandosalazarfernandez_coahuila,Luis Fernando Salazar Fernandez,Mayoria Relativa,18/11/1977,Coahuila,Distrito:5,
ljas_quintana roo,luisjavieralegresalazar_quintana roo,Luis Javier Alegre Salazar,Representacion proporcional,04/02/1964,Quintana Roo,Circunscripcion:3,
lerm_ciudad de mexico,luzestefaniarosasmartinez_ciudad de mexico,Luz Estefania Rosas Martinez,Representacion proporcional,22/08/1995,Ciudad de Mexico,Circunscripcion:4,
lebc_zacatecas,lyndianaelizabethbugarincortes_zacatecas,Lyndiana Elizabeth Bugarin Cortes,Mayoria Relativa,13/12/1988,Zacatecas,Distrito:2,
meler_guanajuato,ma.eugenialeticiaespinosarivas_guanajuato,Ma. Eugenia Leticia Espinosa Rivas,Mayoria Relativa,28/11/1961,Guanajuato,Distrito:14,
mgap_san luis potosi,ma.guadalupealmaguerpardo_san luis potosi,Ma. Guadalupe Almaguer Pardo,Mayoria Relativa,26/08/1961,San Luis Potosi,Distrito:6,
msrm_san luis potosi,ma.sararochamedina_san luis potosi,Ma. Sara Rocha Medina,Mayoria Relativa,09/10/1967,San Luis Potosi,Distrito:1,
mdjgg_zacatecas,ma.dejesusgarciaguardado_zacatecas,Ma. de Jesus Garcia Guardado,Representacion proporcional,03/04/1959,Zacatecas,Circunscripcion:2,
mdlaad_guanajuato,ma.delosangelesayaladiaz_guanajuato,Ma. de los Angeles Ayala Diaz,Mayoria Relativa,02/08/1963,Guanajuato,Distrito:3,
mdccl_guerrero,ma.delcarmencabreralagunas_guerrero,Ma. del Carmen Cabrera Lagunas,Mayoria Relativa,30/12/1971,Guerrero,Distrito:3,
mdpom_guanajuato,ma.delpilarortegamartinez_guanajuato,Ma. del Pilar Ortega Martinez,Mayoria Relativa,29/06/1968,Guanajuato,Distrito:6,
mba_sonora,madeleinebonnafouxalcaraz_sonora,Madeleine Bonnafoux Alcaraz,Representacion proporcional,31/01/1979,Sonora,Circunscripcion:1,
mmggm_puebla,maiellamarthagabrielagomezmaldonado_puebla,Maiella Martha Gabriela Gomez Maldonado,Mayoria Relativa,26/09/1974,Puebla,Distrito:2,
mgv_veracruz,manuelgomezventura_veracruz,Manuel Gomez Ventura,Representacion proporcional,10/11/1966,Veracruz,Circunscripcion:3,
mhm_guerrero,manuelhuertamartinez_guerrero,Manuel Huerta Martinez,Representacion proporcional,02/12/1963,Guerrero,Circunscripcion:4,
mlh_veracruz,manuellimonhernandez_veracruz,Manuel Limon Hernandez,Representacion proporcional,10/01/1946,Veracruz,Circunscripcion:3,
mlc_sonora,manuellopezcastillo_sonora,Manuel Lopez Castillo,Representacion proporcional,12/02/1948,Sonora,Circunscripcion:1,
mrg_tabasco,manuelrodriguezgonzalez_tabasco,Manuel Rodriguez Gonzalez,Mayoria Relativa,26/10/1966,Tabasco,Distrito:4,
mdjba_sonora,manueldejesusbaldenebroarredondo_sonora,Manuel de Jesus Baldenebro Arredondo,Mayoria Relativa,13/05/1962,Sonora,Distrito:1,
mdcon_chiapas,manueladelcarmenobradornarvaez_chiapas,Manuela del Carmen Obrador Narvaez,Mayoria Relativa,12/06/1971,Chiapas,Distrito:1,
mgvg_mexico,marcelaguillerminavelascogonzalez_mexico,Marcela Guillermina Velasco Gonzalez,Representacion proporcional,25/06/1952,Mexico,Circunscripcion:5,
mrh_san luis potosi,marcelinoriverahernandez_san luis potosi,Marcelino Rivera Hernandez,Mayoria Relativa,26/04/1984,San Luis Potosi,Distrito:7,
maac_morelos,marcoantonioadamecastillo_morelos,Marco Antonio Adame Castillo,Representacion proporcional,06/12/1960,Morelos,Circunscripcion:4,
maaz_chiapas,marcoantonioandradezavala_chiapas,Marco Antonio Andrade Zavala,Representacion proporcional,17/11/1972,Chiapas,Circunscripcion:3,
macm_sonora,marcoantoniocarbajalmiranda_sonora,Marco Antonio Carbajal Miranda,Representacion proporcional,26/09/1959,Sonora,Circunscripcion:1,
maga_sinaloa,marcoantoniogomezalcantar_sinaloa,Marco Antonio Gomez Alcantar,Representacion proporcional,18/04/1972,Sinaloa,Circunscripcion:1,
magr_mexico,marcoantoniogonzalezreyes_mexico,Marco Antonio Gonzalez Reyes,Representacion proporcional,07/11/1980,Mexico,Circunscripcion:5,
mamp_veracruz,marcoantoniomedinaperez_veracruz,Marco Antonio Medina Perez,Representacion proporcional,17/12/1958,Veracruz,Circunscripcion:3,
marc_mexico,marcoantonioreyescolin_mexico,Marco Antonio Reyes Colin,Mayoria Relativa,18/05/1981,Mexico,Distrito:40,
mav_queretaro,marcosaguilarvega_queretaro,Marcos Aguilar Vega,Representacion proporcional,05/07/1972,Queretaro,Circunscripcion:2,
mfs_nayarit,margaritafloressanchez_nayarit,Margarita Flores Sanchez,Representacion proporcional,10/12/1961,Nayarit,Circunscripcion:1,
mgg_oaxaca,margaritagarciagarcia_oaxaca,Margarita Garcia Garcia,Mayoria Relativa,26/01/1966,Oaxaca,Distrito:3,
mamc_queretaro,mariaalemanmunozcastillo_queretaro,Maria Aleman Muñoz Castillo,Representacion proporcional,14/04/1990,Queretaro,Circunscripcion:2,
mblc_ciudad de mexico,mariabeatrizlopezchavez_ciudad de mexico,Maria Beatriz Lopez Chavez,Representacion proporcional,18/08/1973,Ciudad de Mexico,Circunscripcion:4,
mbes_veracruz,mariaberthaespinozasegura_veracruz,Maria Bertha Espinoza Segura,Mayoria Relativa,15/11/1957,Veracruz,Distrito:3,
mcp_michoacan,mariachavezperez_michoacan,Maria Chavez Perez,Representacion proporcional,15/08/1963,Michoacan,Circunscripcion:5,
mdrga_veracruz,mariadelrosarioguzmanaviles_veracruz,Maria Del Rosario Guzman Aviles,Representacion proporcional,20/11/1963,Veracruz,Circunscripcion:3,
medg_mexico,mariaelizabethdiazgarcia_mexico,Maria Elizabeth Diaz Garcia,Mayoria Relativa,10/02/1971,Mexico,Distrito:13,
meam_yucatan,mariaesteralonzomorales_yucatan,Maria Ester Alonzo Morales,Mayoria Relativa,15/01/1959,Yucatan,Distrito:2,
memc_chihuahua,mariaesthermejiacruz_chihuahua,Maria Esther Mejia Cruz,Mayoria Relativa,08/07/1956,Chihuahua,Distrito:1,
mehp_mexico,mariaeugeniahernandezperez_mexico,Maria Eugenia Hernandez Perez,Mayoria Relativa,20/03/1961,Mexico,Distrito:11,
mgpm_nayarit,mariageraldineponcemendez_nayarit,Maria Geraldine Ponce Mendez,Mayoria Relativa,04/04/1994,Nayarit,Distrito:2,
mgeco_mexico,mariaguadalupeedithcastanedaortiz_mexico,Maria Guadalupe Edith Castañeda Ortiz,Representacion proporcional,12/12/1965,Mexico,Circunscripcion:5,
mgra_mexico,mariaguadaluperomanavila_mexico,Maria Guadalupe Roman Avila,Mayoria Relativa,24/02/1973,Mexico,Distrito:17,
mgam_nuevo leon,mariaguillerminaalvaradomoreno_nuevo leon,Maria Guillermina Alvarado Moreno,Mayoria Relativa,26/12/1968,Nuevo Leon,Distrito:2,
miam_hidalgo,mariaisabelalfaromorales_hidalgo,Maria Isabel Alfaro Morales,Mayoria Relativa,24/02/1966,Hidalgo,Distrito:4,
mlga_jalisco,marialibiergonzalezanaya_jalisco,Maria Libier Gonzalez Anaya,Representacion proporcional,27/03/1954,Jalisco,Circunscripcion:1,
mlsm_colima,marialiduvinasandovalmendoza_colima,Maria Liduvina Sandoval Mendoza,Representacion proporcional,24/01/1976,Colima,Circunscripcion:5,
mlsp_puebla,marialucerosaldanaperez_puebla,Maria Lucero Saldaña Perez,Representacion proporcional,18/01/1957,Puebla,Circunscripcion:4,
mlvs_san luis potosi,marialuisavelozsilva_san luis potosi,Maria Luisa Veloz Silva,Representacion proporcional,26/08/1956,San Luis Potosi,Circunscripcion:2,
mmtp_queretaro,mariamarcelatorrespeimbert_queretaro,Maria Marcela Torres Peimbert,Representacion proporcional,07/10/1961,Queretaro,Circunscripcion:2,
mmsb_hidalgo,mariamarivelsolisbarrera_hidalgo,Maria Marivel Solis Barrera,Representacion proporcional,03/01/1959,Hidalgo,Circunscripcion:5,
mrjp_chiapas,mariaroseliajimenezperez_chiapas,Maria Roselia Jimenez Perez,Mayoria Relativa,30/08/1959,Chiapas,Distrito:8,
mr_ciudad de mexico,mariarosete_ciudad de mexico,Maria Rosete,Mayoria Relativa,12/03/1960,Ciudad de Mexico,Distrito:8,
mtlp_jalisco,mariateresalopezperez_jalisco,Maria Teresa Lopez Perez,Representacion proporcional,30/12/1940,Jalisco,Circunscripcion:1,
mtmm_mexico,mariateresamarumejia_mexico,Maria Teresa Maru Mejia,Mayoria Relativa,29/10/1958,Mexico,Distrito:3,
mtrrmr_mexico,mariateresarebecarosamorarios_mexico,Maria Teresa Rebeca Rosa Mora Rios,Mayoria Relativa,11/05/1952,Mexico,Distrito:22,
mwbz_sonora,mariawendybricenozuloaga_sonora,Maria Wendy Briceño Zuloaga,Mayoria Relativa,15/09/1978,Sonora,Distrito:5,
mdlagv_chihuahua,mariadelosangelesgutierrezvaldez_chihuahua,Maria de los Angeles Gutierrez Valdez,Mayoria Relativa,08/03/1962,Chihuahua,Distrito:9,
mdlahdr_mexico,mariadelosangeleshuertadelrio_mexico,Maria de los Angeles Huerta del Rio,Mayoria Relativa,10/08/1962,Mexico,Distrito:24,
mdcbp_oaxaca,mariadelcarmenbautistapelaez_oaxaca,Maria del Carmen Bautista Pelaez,Mayoria Relativa,04/04/1991,Oaxaca,Distrito:9,
mdrmg_guerrero,mariadelrosariomerlingarcia_guerrero,Maria del Rosario Merlin Garcia,Mayoria Relativa,01/11/1964,Guerrero,Distrito:9,
mdgr_veracruz,marianadunyaskagarciarojas_veracruz,Mariana Dunyaska Garcia Rojas,Mayoria Relativa,29/10/1974,Veracruz,Distrito:12,
mrmyt_tamaulipas,marianarodriguezmieryteran_tamaulipas,Mariana Rodriguez Mier y Teran,Representacion proporcional,01/06/1976,Tamaulipas,Circunscripcion:2,
mac_durango,maribelaguilerachairez_durango,Maribel Aguilera Chairez,Mayoria Relativa,20/12/1977,Durango,Distrito:3,
mmr_oaxaca,maribelmartinezruiz_oaxaca,Maribel Martinez Ruiz,Representacion proporcional,30/10/1972,Oaxaca,Circunscripcion:3,
mrg_chiapas,maricruzroblerogordillo_chiapas,Maricruz Roblero Gordillo,Mayoria Relativa,26/10/1966,Chiapas,Distrito:13,
mdpao_baja california,marinadelpilaravilaolmeda_baja california,Marina del Pilar Avila Olmeda,Mayoria Relativa,19/10/1985,Baja California,Distrito:2,
mart_tamaulipas,marioalbertoramostamez_tamaulipas,Mario Alberto Ramos Tamez,Mayoria Relativa,03/04/1986,Tamaulipas,Distrito:5,
marc_jalisco,marioalbertorodriguezcarrillo_jalisco,Mario Alberto Rodriguez Carrillo,Mayoria Relativa,14/03/1967,Jalisco,Distrito:4,
mdc_ciudad de mexico,mariodelgadocarrillo_ciudad de mexico,Mario Delgado Carrillo,Mayoria Relativa,17/06/1972,Ciudad de Mexico,Distrito:13,
mimg_baja california,marioismaelmorenogil_baja california,Mario Ismael Moreno Gil,Mayoria Relativa,17/06/1948,Baja California,Distrito:5,
mmc_chihuahua,mariomatacarrasco_chihuahua,Mario Mata Carrasco,Mayoria Relativa,20/03/1962,Chihuahua,Distrito:5,
mazm_jalisco,marthaangelicazamudiomacias_jalisco,Martha Angelica Zamudio Macias,Representacion proporcional,24/02/1957,Jalisco,Circunscripcion:1,
megg_nayarit,marthaelenagarciagomez_nayarit,Martha Elena Garcia Gomez,Representacion proporcional,03/05/1945,Nayarit,Circunscripcion:1,
mege_aguascalientes,marthaelisagonzalezestrada_aguascalientes,Martha Elisa Gonzalez Estrada,Mayoria Relativa,29/01/1977,Aguascalientes,Distrito:3,
merc_jalisco,marthaestelaromocuellar_jalisco,Martha Estela Romo Cuellar,Mayoria Relativa,14/03/1985,Jalisco,Distrito:2,
mhgc_coahuila,marthahortenciagaraycadena_coahuila,Martha Hortencia Garay Cadena,Mayoria Relativa,03/04/1955,Coahuila,Distrito:4,
mogv_durango,marthaoliviagarciavidana_durango,Martha Olivia Garcia Vidaña,Mayoria Relativa,04/05/1969,Durango,Distrito:1,
mprl_baja california,marthapatriciaramirezlucero_baja california,Martha Patricia Ramirez Lucero,Representacion proporcional,03/09/1952,Baja California,Circunscripcion:1,
mro_mexico,martharoblesortiz_mexico,Martha Robles Ortiz,Mayoria Relativa,25/04/1962,Mexico,Distrito:29,
mtm_ciudad de mexico,marthataglemartinez_ciudad de mexico,Martha Tagle Martinez,Representacion proporcional,26/11/1973,Ciudad de Mexico,Circunscripcion:4,
mcy_san luis potosi,martinacazarezyanez_san luis potosi,Martina Cazarez Yañez,Representacion proporcional,07/03/1970,San Luis Potosi,Circunscripcion:2,
mcbm_michoacan,marycarmenbernalmartinez_michoacan,Mary Carmen Bernal Martinez,Mayoria Relativa,24/08/1984,Michoacan,Distrito:3,
matg_ciudad de mexico,mauricioalonsotoledogutierrez_ciudad de mexico,Mauricio Alonso Toledo Gutierrez,Representacion proporcional,19/06/1980,Ciudad de Mexico,Circunscripcion:4,
m_sinaloa,maximiliano(deceso)ruizarias_sinaloa,Maximiliano,Mayoria Relativa,16/07/1946,Sinaloa,Distrito:1,
mac_ciudad de mexico,maximinoalejandrocandelaria_ciudad de mexico,Maximino Alejandro Candelaria,Representacion proporcional,08/01/1977,Ciudad de Mexico,Circunscripcion:4,
mnfz_coahuila,melbaneliafariaszambrano_coahuila,Melba Nelia Farias Zambrano,Mayoria Relativa,06/07/1955,Coahuila,Distrito:3,
mvs_sinaloa,meraryvillegassanchez_sinaloa,Merary Villegas Sanchez,Mayoria Relativa,20/04/1987,Sinaloa,Distrito:7,
mag_puebla,miguelacundogonzalez_puebla,Miguel Acundo Gonzalez,Mayoria Relativa,29/09/1961,Puebla,Distrito:1,
marb_chihuahua,miguelalonsoriggsbaeza_chihuahua,Miguel Alonso Riggs Baeza,Mayoria Relativa,27/10/1975,Chihuahua,Distrito:6,
mach_guanajuato,miguelangelchicoherrera_guanajuato,Miguel Angel Chico Herrera,Representacion proporcional,17/03/1961,Guanajuato,Circunscripcion:2,
majmdo_ciudad de mexico,miguelangeljaureguimontesdeoca_ciudad de mexico,Miguel Angel Jauregui Montes de Oca,Mayoria Relativa,19/02/1975,Ciudad de Mexico,Distrito:3,
mamg_jalisco,miguelangelmarquezgonzalez_jalisco,Miguel Angel Marquez Gonzalez,Representacion proporcional,21/10/1962,Jalisco,Circunscripcion:1,
mpjv_nayarit,miguelpaveljarerovelazquez_nayarit,Miguel Pavel Jarero Velazquez,Mayoria Relativa,19/10/1977,Nayarit,Distrito:1,
mpdls_chiapas,miguelpradodelossantos_chiapas,Miguel Prado de los Santos,Mayoria Relativa,19/01/1984,Chiapas,Distrito:7,
mcav_quintana roo,mildredconcepcionavilavera_quintana roo,Mildred Concepcion Avila Vera,Mayoria Relativa,05/12/1965,Quintana Roo,Distrito:3,
mcpm_nayarit,miriamcitlallyperezmackintosh_nayarit,Miriam Citlally Perez Mackintosh,Representacion proporcional,20/11/1967,Nayarit,Circunscripcion:1,
mzmt_zacatecas,mirnazabeidamaldonadotapia_zacatecas,Mirna Zabeida Maldonado Tapia,Mayoria Relativa,13/05/1969,Zacatecas,Distrito:1,
mcm_mexico,miroslavacarrillomartinez_mexico,Miroslava Carrillo Martinez,Mayoria Relativa,05/05/1973,Mexico,Distrito:34,
msg_coahuila,miroslavasanchezgalvan_coahuila,Miroslava Sanchez Galvan,Representacion proporcional,10/08/1957,Coahuila,Circunscripcion:2,
miva_nayarit,mirthailianavillalvazoamaya_nayarit,Mirtha Iliana Villalvazo Amaya,Mayoria Relativa,02/12/1980,Nayarit,Distrito:3,
mimv_puebla,moisesignaciomiervelazco_puebla,Moises Ignacio Mier Velazco,Representacion proporcional,04/01/1961,Puebla,Circunscripcion:4,
mal_jalisco,monicaalmeidalopez_jalisco,Monica Almeida Lopez,Mayoria Relativa,03/04/1970,Jalisco,Distrito:18,
mbr_mexico,monicabautistarodriguez_mexico,Monica Bautista Rodriguez,Representacion proporcional,13/02/1976,Mexico,Circunscripcion:5,
ncrh_mexico,nancyclaudiaresendizhernandez_mexico,Nancy Claudia Resendiz Hernandez,Mayoria Relativa,19/12/1977,Mexico,Distrito:41,
nysm_sinaloa,nancyyadirasantiagomarcos_sinaloa,Nancy Yadira Santiago Marcos,Mayoria Relativa,04/05/1980,Sinaloa,Distrito:5,
nafc_ciudad de mexico,nayeliarlenfernandezcruz_ciudad de mexico,Nayeli Arlen Fernandez Cruz,Representacion proporcional,16/01/1984,Ciudad de Mexico,Circunscripcion:4,
nsb_puebla,nayelisalvatoribojalil_puebla,Nayeli Salvatori Bojalil,Mayoria Relativa,26/08/1985,Puebla,Distrito:10,
nmc_puebla,nellymacedacarrera_puebla,Nelly Maceda Carrera,Mayoria Relativa,05/02/1979,Puebla,Distrito:14,
nmcg_mexico,nellyminervacarrascogodinez_mexico,Nelly Carrasco Godinez,Mayoria Relativa,16/03/1982,Mexico,Distrito:4,
nah_tamaulipas,nohemialemanhernandez_tamaulipas,Nohemi Aleman Hernandez,Representacion proporcional,03/02/1982,Tamaulipas,Circunscripcion:2,
narz_veracruz,normaazucenarodriguezzamora_veracruz,Norma Azucena Rodriguez Zamora,Representacion proporcional,07/02/1986,Veracruz,Circunscripcion:3,
ngs_aguascalientes,normaguelsaldivar_aguascalientes,Norma Guel Saldivar,Representacion proporcional,24/04/1981,Aguascalientes,Circunscripcion:2,
ocm_sinaloa,olegariacarrazcomacias_sinaloa,Olegaria Carrazco Macias,Mayoria Relativa,12/04/1960,Sinaloa,Distrito:6,
ojeg_tamaulipas,olgajulianaelizondoguerra_tamaulipas,Olga Juliana Elizondo Guerra,Mayoria Relativa,21/05/1965,Tamaulipas,Distrito:2,
opsr_tamaulipas,olgapatriciasosaruiz_tamaulipas,Olga Patricia Sosa Ruiz,Mayoria Relativa,22/09/1974,Tamaulipas,Distrito:8,
obv_san luis potosi,oscarbautistavillegas_san luis potosi,Oscar Bautista Villegas,Mayoria Relativa,06/02/1964,San Luis Potosi,Distrito:3,
odmt_morelos,oscardanielmartinezterrazas_morelos,Oscar Daniel Martinez Terrazas,Representacion proporcional,17/01/1986,Morelos,Circunscripcion:4,
ogy_mexico,oscargonzalezyanez_mexico,Oscar Gonzalez Yañez,Mayoria Relativa,06/10/1964,Mexico,Distrito:27,
ornm_zacatecas,oscarrafaelnovellamacias_zacatecas,Oscar Rafael Novella Macias,Representacion proporcional,12/10/1984,Zacatecas,Circunscripcion:2,
pga_ciudad de mexico,pablogomezalvarez_ciudad de mexico,Pablo Gomez Alvarez,Mayoria Relativa,21/10/1946,Ciudad de Mexico,Distrito:23,
pgab_campeche,pabloguillermoangulobriceno_campeche,Pablo Guillermo Angulo Briceño,Representacion proporcional,01/08/1990,Campeche,Circunscripcion:3,
pta_veracruz,paolatenorioadame_veracruz,Paola Tenorio Adame,Mayoria Relativa,20/04/1966,Veracruz,Distrito:19,
pdcdlcd_chiapas,patriciadelcarmendelacruzdelucio_chiapas,Patricia del Carmen De la Cruz Delucio,Representacion proporcional,21/06/1971,Chiapas,Circunscripcion:3,
ptb_chihuahua,patriciaterrazasbaca_chihuahua,Patricia Terrazas Baca,Representacion proporcional,26/09/1966,Chihuahua,Circunscripcion:1,
pdas_mexico,pedrodanielabasolosanchez_mexico,Pedro Daniel Abasolo Sanchez,Representacion proporcional,03/02/1991,Mexico,Circunscripcion:5,
pmzs_mexico,pedromariozentenosantaella_mexico,Pedro Mario Zenteno Santaella,Mayoria Relativa,13/09/1960,Mexico,Distrito:37,
pptv_nuevo leon,pedropablotrevinovillarreal_nuevo leon,Pedro Pablo Treviño Villarreal,Representacion proporcional,13/06/1972,Nuevo Leon,Circunscripcion:2,
plmd_nuevo leon,pilarlozanomacdonald_nuevo leon,Pilar Lozano Mac Donald,Representacion proporcional,10/10/1974,Nuevo Leon,Circunscripcion:2,
pml_ciudad de mexico,porfiriomunozledo_ciudad de mexico,Porfirio Muñoz Ledo,Representacion proporcional,23/07/1933,Ciudad de Mexico,Circunscripcion:4,
rhv_veracruz,rafaelhernandezvillalpando_veracruz,Rafael Hernandez Villalpando,Mayoria Relativa,08/11/1947,Veracruz,Distrito:10,
rbh_veracruz,raquelbonillaherrera_veracruz,Raquel Bonilla Herrera,Mayoria Relativa,17/03/1984,Veracruz,Distrito:5,
resbz_mexico,raulernestosanchezbarraleszavalza_mexico,Raul Ernesto Sanchez Barrales Zavalza,Mayoria Relativa,19/12/1971,Mexico,Distrito:15,
rgg_nuevo leon,raulgraciaguzman_nuevo leon,Raul Gracia Guzman,Representacion proporcional,20/02/1975,Nuevo Leon,Circunscripcion:2,
rgg_guerrero,raymundogarciagutierrez_guerrero,Raymundo Garcia Gutierrez,Mayoria Relativa,04/07/1963,Guerrero,Distrito:6,
rsf_michoacan,reginaldosandovalflores_michoacan,Reginaldo Sandoval Flores,Representacion proporcional,14/05/1967,Michoacan,Circunscripcion:5,
rjc_guerrero,renejuarezcisneros_guerrero,Rene Juarez Cisneros,Representacion proporcional,08/06/1956,Guerrero,Circunscripcion:4,
rcao_michoacan,reynacelesteascencioortega_michoacan,Reyna Celeste Ascensio Ortega,Representacion proporcional,05/01/1993,Michoacan,Circunscripcion:5,
rac_mexico,ricardoaguilarcastillo_mexico,Ricardo Aguilar Castillo,Mayoria Relativa,05/08/1970,Mexico,Distrito:1,
rdlpm_tabasco,ricardodelapenamarshall_tabasco,Ricardo De la Peña Marshall,Mayoria Relativa,17/02/1964,Tabasco,Distrito:6,
rfs_nuevo leon,ricardofloressuarez_nuevo leon,Ricardo Flores Suarez,Mayoria Relativa,05/08/1977,Nuevo Leon,Distrito:4,
rfez_veracruz,ricardofranciscoexsomezapata_veracruz,Ricardo Francisco Exsome Zapata,Mayoria Relativa,28/09/1963,Veracruz,Distrito:4,
rge_veracruz,ricardogarciaescalante_veracruz,Ricardo Garcia Escalante,Mayoria Relativa,02/05/1981,Veracruz,Distrito:1,
rvg_guanajuato,ricardovillarrealgarcia_guanajuato,Ricardo Villareal Garcia,Mayoria Relativa,12/04/1981,Guanajuato,Distrito:2,
radr_mexico,robertoangeldominguezrodriguez_mexico,Roberto Angel Dominguez Rodriguez,Mayoria Relativa,27/01/1980,Mexico,Distrito:28,
rarm_chiapas,robertoantoniorubiomontejo_chiapas,Roberto Antonio Rubio Montejo,Mayoria Relativa,20/04/1977,Chiapas,Distrito:11,
rbb_ciudad de mexico,rociobarrerabadillo_ciudad de mexico,Rocio Barrera Badillo,Mayoria Relativa,01/10/1976,Ciudad de Mexico,Distrito:11,
rdpvm_ciudad de mexico,rociodelpilarvillarauzmartinez_ciudad de mexico,Rocio del Pilar Villarauz Martinez,Representacion proporcional,12/12/1977,Ciudad de Mexico,Circunscripcion:4,
rcs_veracruz,rodrigocalderonsalas_veracruz,Rodrigo Calderon Salas,Mayoria Relativa,05/04/1958,Veracruz,Distrito:7,
rh_yucatan,rogerherve(deceso)aguilarsalazar(protestapendiente)_yucatan,Roger Herve,Mayoria Relativa,12/09/1938,Yucatan,Distrito:3,
rlrv_chiapas,roqueluisrabelovelasco_chiapas,Roque Luis Rabelo Velasco,Mayoria Relativa,12/08/1944,Chiapas,Distrito:4,
rvc_veracruz,rosalbavalenciacruz_veracruz,Rosalba Valencia Cruz,Representacion proporcional,25/07/1965,Veracruz,Circunscripcion:3,
rdf_oaxaca,rosalindadominguezflores_oaxaca,Rosalinda Dominguez Flores,Mayoria Relativa,06/09/1970,Oaxaca,Distrito:7,
rcg_guerrero,rubencayetanogarcia_guerrero,Ruben Cayetano Garcia,Mayoria Relativa,10/08/1969,Guerrero,Distrito:8,
rimv_coahuila,rubenignaciomoreiravaldez_coahuila,Ruben Ignacio Moreira Valdez,Representacion proporcional,18/04/1963,Coahuila,Circunscripcion:2,
rta_tlaxcala,rubenteranaguila_tlaxcala,Ruben Teran Aguila,Mayoria Relativa,09/08/1981,Tlaxcala,Distrito:2,
rsr_mexico,ruthsalinasreyes_mexico,Ruth Salinas Reyes,Representacion proporcional,19/02/1985,Mexico,Circunscripcion:5,
scm_morelos,samuelcalderonmedina_morelos,Samuel Calderon Medina,Representacion proporcional,27/12/1951,Morelos,Circunscripcion:4,
shc_zacatecas,samuelherrerachavez_zacatecas,Samuel Herrera Chavez,Mayoria Relativa,17/09/1954,Zacatecas,Distrito:4,
spgc_nuevo leon,sandrapaolagonzalezcastaneda_nuevo leon,Sandra Paola Gonzalez Castañeda,Mayoria Relativa,31/03/1979,Nuevo Leon,Distrito:12,
sgs_nuevo leon,santiagogonzalezsoto_nuevo leon,Santiago Gonzalez Soto,Mayoria Relativa,25/06/1961,Nuevo Leon,Distrito:5,
snc_guanajuato,sarainunezceron_guanajuato,Sarai Nuñez Ceron,Mayoria Relativa,17/04/1979,Guanajuato,Distrito:12,
sab_chihuahua,sebastianaguilerabrenes_chihuahua,Sebastian Aguilera Brenes,Representacion proporcional,10/06/1995,Chihuahua,Circunscripcion:1,
sfab_guanajuato,sergiofernandoascenciobarba_guanajuato,Sergio Fernando Ascencio Barba,Mayoria Relativa,09/12/1977,Guanajuato,Distrito:15,
smb_ciudad de mexico,sergiomayerbreton_ciudad de mexico,Sergio Mayer Breton,Mayoria Relativa,21/05/1966,Ciudad de Mexico,Distrito:6,
sph_mexico,sergioperezhernandez_mexico,Sergio Perez Hernandez,Representacion proporcional,08/10/1977,Mexico,Circunscripcion:5,
sgu_tlaxcala,silvanogarayulloa_tlaxcala,Silvano Garay Ulloa,Representacion proporcional,10/02/1959,Tlaxcala,Circunscripcion:4,
sggg_coahuila,silviaguadalupegarzagalvan_coahuila,Silvia Guadalupe Garza Galvan,Representacion proporcional,05/07/1962,Coahuila,Circunscripcion:2,
slva_ciudad de mexico,silvialorenavillavicencioayala_ciudad de mexico,Silvia Lorena Villavicencio Ayala,Mayoria Relativa,12/06/1964,Ciudad de Mexico,Distrito:16,
sob_hidalgo,simeyolverabautista_hidalgo,Sandra Simey Olvera Bautista,Mayoria Relativa,20/08/1983,Hidalgo,Distrito:3,
sbj_mexico,socorrobahenajimenez_mexico,Socorro Bahena Jimenez,Representacion proporcional,10/08/1988,Mexico,Circunscripcion:5,
siag_baja california,socorroirmaandazolagomez_baja california,Socorro Irma Andazola Gomez,Mayoria Relativa,22/09/1964,Baja California,Distrito:4,
sra_queretaro,soniarochaacosta_queretaro,Sonia Rocha Acosta,Mayoria Relativa,30/03/1978,Queretaro,Distrito:1,
spm_tabasco,sorayaperezmunguia_tabasco,Soraya Perez Munguia,Representacion proporcional,27/09/1977,Tabasco,Circunscripcion:3,
sbcs_puebla,susanabeatrizcuaxiloaserrano_puebla,Susana Beatriz Cuaxiloa Serrano,Representacion proporcional,19/01/1952,Puebla,Circunscripcion:4,
scg_mexico,susanacanogonzalez_mexico,Susana Cano Gonzalez,Representacion proporcional,02/06/1949,Mexico,Circunscripcion:5,
svgc_aguascalientes,sylviavioletagarfiascedillo_aguascalientes,Sylvia Violeta Garfias Cedillo,Representacion proporcional,29/03/1975,Aguascalientes,Circunscripcion:2,
tcc_sinaloa,tatianaclouthiercarrillo_sinaloa,Tatiana Clouthier Carrillo,Representacion proporcional,12/08/1964,Sinaloa,Circunscripcion:1,
tmgc_oaxaca,teofilomanuelgarciacorpus_oaxaca,Teofilo Manuel Garcia Corpus,Representacion proporcional,06/02/1958,Oaxaca,Circunscripcion:3,
tbc_tabasco,teresaburelocortazar_tabasco,Teresa Burelo Cortazar,Mayoria Relativa,01/03/1956,Tabasco,Distrito:2,
tdjvm_chihuahua,teresitadejesusvargasmeraz_chihuahua,Teresita de Jesus Vargas Meraz,Mayoria Relativa,16/12/1989,Chihuahua,Distrito:2,
ugs_chihuahua,ulisesgarciasoto_chihuahua,Ulises Garcia Soto,Mayoria Relativa,29/03/1987,Chihuahua,Distrito:4,
ums_mexico,ulisesmurguiasoto_mexico,Ulises Murguia Soto,Mayoria Relativa,09/07/1963,Mexico,Distrito:19,
vrl_veracruz,valentinreyeslopez_veracruz,Valentin Reyes Lopez,Mayoria Relativa,13/02/1952,Veracruz,Distrito:17,
vbjp_jalisco,veronicabeatrizjuarezpina_jalisco,Veronica Beatriz Juarez Piña,Representacion proporcional,28/09/1971,Jalisco,Circunscripcion:1,
vmsr_puebla,veronicamariasobradorodriguez_puebla,Veronica Maria Sobrado Rodriguez,Representacion proporcional,07/03/1970,Puebla,Circunscripcion:4,
vrc_jalisco,veronicaramoscruz_jalisco,Veronica Ramos Cruz,Representacion proporcional,01/05/1985,Jalisco,Circunscripcion:1,
vaov_mexico,vicentealbertoonofrevazquez_mexico,Vicente Alberto Onofre Vazquez,Mayoria Relativa,06/04/1969,Mexico,Distrito:33,
vjvo_tamaulipas,vicentejavierverasteguiostos_tamaulipas,Vicente Javier Verastegui Ostos,Mayoria Relativa,03/09/1963,Tamaulipas,Distrito:6,
vamw_guerrero,victoradolfomojicawences_guerrero,Victor Adolfo Mojica Wences,Mayoria Relativa,24/03/1958,Guerrero,Distrito:1,
vbl_oaxaca,victorblaslopez_oaxaca,Victor Blas Lopez,Representacion proporcional,09/08/1965,Oaxaca,Circunscripcion:3,
vgvl_ciudad de mexico,victorgabrielvarelalopez_ciudad de mexico,Victor Gabriel Varela Lopez,Mayoria Relativa,20/04/1973,Ciudad de Mexico,Distrito:22,
vmpd_nuevo leon,victormanuelperezdiaz_nuevo leon,Victor Manuel Perez Diaz,Representacion proporcional,01/06/1969,Nuevo Leon,Circunscripcion:2,
vmg_oaxaca,virginiamerinogarcia_oaxaca,Virginia Merino Garcia,Representacion proporcional,11/01/1986,Oaxaca,Circunscripcion:3,
xaz_san luis potosi,xavierazuarazuniga_san luis potosi,Xavier Azuara Zuñiga,Representacion proporcional,16/09/1979,San Luis Potosi,Circunscripcion:2,
xpdlm_colima,ximenapuentedelamora_colima,Ximena Puente De La Mora,Representacion proporcional,12/03/1977,Colima,Circunscripcion:5,
xnzr_mexico,xochitlnashiellyzagalramirez_mexico,Xochitl Nashielly Zagal Ramirez,Mayoria Relativa,28/05/1990,Mexico,Distrito:7,
ygb_michoacan,yolandaguerrerobarrera_michoacan,Yolanda Guerrero Barrera,Mayoria Relativa,21/02/1964,Michoacan,Distrito:5,
zov_veracruz,zairaochoavaldivia_veracruz,Zaira Ochoa Valdivia,Representacion proporcional,05/03/1973,Veracruz,Circunscripcion:3,
zara_chiapas,zoealejandrorobledoaburto_chiapas,Zoe Alejandro Robledo Aburto,Mayoria Relativa,09/01/1979,Chiapas,Distrito:6,
