inic_edo,nom_edo,Nombre,tipo_elec,FechaNacimiento,edo,ent,Tipo de elección,Reeleccion,Partido
alr_guerrero,abelinalopezrodriguez_guerrero,Abelina Lopez Rodriguez,Mayoria Relativa,1965-09-23,Guerrero,Distrito:4,Mayoría relativa,SI,MORENA
aap_jalisco,abrilalcalapadilla_jalisco,Abril Alcala Padilla,Mayoria Relativa,1979-04-28,Jalisco,Distrito:8,Mayoría relativa,SI,PRD
ago_jalisco,absalongarciaochoa_jalisco,Absalon Garcia Ochoa,Mayoria Relativa,1971-09-23,Jalisco,Distrito:15,Mayoría relativa,SI,PAN
apb_ciudad de mexico,adelapinabernal_ciudad de mexico,Adela Piña Bernal,Representacion proporcional,1964-12-28,Ciudad de Mexico,Circunscripcion:4,Representación proporcional,SI,MORENA
atr_michoacan,adolfotorresramirez_michoacan,Adolfo Torres Ramirez,Representacion proporcional,1980-11-18,Michoacan,Circunscripcion:5,Representación proporcional,SI,PAN
aav_san luis potosi,adrianaaguilarvazquez_san luis potosi,Adriana Aguilar Vazquez,Representacion proporcional,1977-07-20,San Luis Potosi,Circunscripcion:2,,NO,PAN
adf_tlaxcala,adrianadavilafernandez_tlaxcala,Adriana Davila Fernandez,Representacion proporcional,1970-12-30,Tlaxcala,Circunscripcion:4,Representación proporcional,SI,PAN
agmo_jalisco,adrianagabrielamedinaortiz_jalisco,Adriana Gabriela Medina Ortiz,Mayoria Relativa,1979-06-25,Jalisco,Distrito:12,,NO,MC
alr_tamaulipas,adrianalozanorodriguez_tamaulipas,Adriana Lozano Rodriguez,Mayoria Relativa,1969-06-26,Tamaulipas,Distrito:4,Mayoría relativa,SI,PES
amgedlmg_ciudad de mexico,adrianamariaguadalupeespinosadelosmonterosgarcia_ciudad de mexico,Adriana Maria Guadalupe Espinosa de los Monteros,Mayoria Relativa,1972-12-11,Ciudad de Mexico,Distrito:9,Mayoría relativa,SI,MORENA
aptz_quintana roo,adrianapaulinateissierzavala_quintana roo,Adriana Paulina Teissier Zavala,Mayoria Relativa,1967-07-20,Quintana Roo,Distrito:1,Mayoría relativa,SI,PES
agr_michoacan,agustingarciarubio_michoacan,Agustin Garcia Rubio,Representacion proporcional,1973-06-05,Michoacan,Circunscripcion:5,,NO,MORENA
arhg_puebla,agustinreynaldohuertagonzalez_puebla,Agustin Reynaldo Huerta Gonzalez,Representacion proporcional,1962-05-07,Puebla,Circunscripcion:4,Representación proporcional,SI,MORENA
ajfs_chihuahua,alanjesusfalomirsaenz_chihuahua,Alan Jesus Falomir Saenz,Mayoria Relativa,1981-02-23,Chihuahua,Distrito:8,Mayoría relativa,SI,MC
aeg_jalisco,albertoesquergutierrez_jalisco,Alberto Esquer Gutierrez,Mayoria Relativa,1978-11-07,Jalisco,Distrito:19,,NO,MC
avv_jalisco,albertovillavillegas_jalisco,Alberto Villa Villegas,Representacion proporcional,1972-10-25,Jalisco,Circunscripcion:1,Representación proporcional,SI,MORENA
aar_ciudad de mexico,aleidaalavezruiz_ciudad de mexico,Aleida Alavez Ruiz,Mayoria Relativa,1974-01-10,Ciudad de Mexico,Distrito:19,Mayoría relativa,SI,MORENA
apb_morelos,alejandrapanibarragan_morelos,Alejandra Pani Barragan,Mayoria Relativa,1964-07-17,Morelos,Distrito:2,Mayoría relativa,SI,MORENA
abc_puebla,alejandrobarrosochavez_puebla,Alejandro Barroso Chavez,Mayoria Relativa,1981-01-04,Puebla,Distrito:15,Mayoría relativa,SI,PT
ach_puebla,alejandrocarvajalhidalgo_puebla,Alejandro Carvajal Hidalgo,Mayoria Relativa,1980-08-02,Puebla,Distrito:6,Mayoría relativa,SI,MORENA
amt_morelos,alejandromojicatoledo_morelos,Alejandro Mojica Toledo,Mayoria Relativa,1955-01-12,Morelos,Distrito:1,,NO,MORENA
apc_oaxaca,alejandroponcecobos_oaxaca,Alejandro Ponce Cobos,Representacion proporcional,1972-04-17,Oaxaca,Circunscripcion:3,Representación proporcional,SI,MORENA
avv_mexico,alejandroviedmavelazquez_mexico,Alejandro Viedma Velazquez,Representacion proporcional,1991-11-11,Mexico,Circunscripcion:5,Representación proporcional,SI,MORENA
arc_ciudad de mexico,alfonsoramirezcuellar_ciudad de mexico,Alfonso Ramirez Cuellar,Mayoria Relativa,1959-06-14,Ciudad de Mexico,Distrito:14,Mayoría relativa,SI,MORENA
afb_zacatecas,alfredofematbanuelos_zacatecas,Alfredo Femat Bañuelos,Mayoria Relativa,1961-01-12,Zacatecas,Distrito:3,Mayoría relativa,SI,PT
apd_baja california sur,alfredoporrasdominguez_baja california sur,Alfredo Porras Dominguez,Mayoria Relativa,1957-02-21,Baja California Sur,Distrito:2,Mayoría relativa,SI,PT
avv_chiapas,alfredovazquezvazquez_chiapas,Alfredo Vazquez Vazquez,Mayoria Relativa,1981-01-27,Chiapas,Distrito:3,Mayoría relativa,SI,MORENA
ava_sinaloa,alfredovillegasarreola_sinaloa,Alfredo Villegas Arreola,Representacion proporcional,1951-01-12,Sinaloa,Circunscripcion:1,Representación proporcional,SI,PRI
adnr_mexico,almadelianavarreterivera_mexico,Alma Delia Navarrete Rivera,Mayoria Relativa,1972-07-29,Mexico,Distrito:10,Mayoría relativa,SI,MORENA
amvr_durango,almamarinavitelarodriguez_durango,Alma Marina Vitela Rodriguez,Mayoria Relativa,1965-12-26,Durango,Distrito:2,,NO,MORENA
agge_sonora,anagabrielaguevaraespinoza_sonora,Ana Gabriela Guevara Espinoza,Mayoria Relativa,1977-03-04,Sonora,Distrito:2,,NO,PT
akrp_ciudad de mexico,anakarinarojopimentel_ciudad de mexico,Ana Karina Rojo Pimentel,Mayoria Relativa,1976-11-28,Ciudad de Mexico,Distrito:20,Mayoría relativa,SI,PT
algq_michoacan,analiliaguillenquiroz_michoacan,Ana Lilia Guillen Quiroz,Mayoria Relativa,1955-02-05,Michoacan,Distrito:8,Mayoría relativa,SI,MORENA
alha_mexico,analiliaherreraanzaldo_mexico,Ana Lilia Herrera Anzaldo,Representacion proporcional,1971-08-29,Mexico,Circunscripcion:5,Representación proporcional,SI,PRI
alrm_ciudad de mexico,analuciariojasmartinez_ciudad de mexico,Ana Lucia Riojas Martinez,Representacion proporcional,1988-02-25,Ciudad de Mexico,Circunscripcion:4,Representación proporcional,SI,SinPartido
amrr_ciudad de mexico,anamariarodriguezruiz_ciudad de mexico,Ana Maria Rodriguez Ruiz,Mayoria Relativa,1962-07-23,Ciudad de Mexico,Distrito:18,Mayoría relativa,SI,MORENA
aplb_queretaro,anapaolalopezbirlain_queretaro,Ana Paola Lopez Birlain,Mayoria Relativa,1981-09-21,Queretaro,Distrito:5,Mayoría relativa,SI,PAN
appdlp_quintana roo,anapatriciaperaltadelapena_quintana roo,Ana Patricia Peralta De La Peña,Representacion proporcional,1990-06-24,Quintana Roo,Circunscripcion:3,,NO,MORENA
apgg_jalisco,anapriscilagonzalezgarcia_jalisco,Ana Priscila Gonzalez Garcia,Mayoria Relativa,1984-05-13,Jalisco,Distrito:20,Mayoría relativa,SI,MC
argg_baja california sur,anaruthgarciagrande_baja california sur,Ana Ruth Garcia Grande,Mayoria Relativa,1971-05-30,Baja California Sur,Distrito:1,Mayoría relativa,SI,PT
aiv_veracruz,aniluingramvallines_veracruz,Anilu Ingram Vallines,Representacion proporcional,1980-08-26,Veracruz,Circunscripcion:3,Representación proporcional,SI,PRI
asc_michoacan,anitasanchezcastro_michoacan,Anita Sanchez Castro,Mayoria Relativa,1968-01-07,Michoacan,Distrito:6,Mayoría relativa,SI,MORENA
asgc_nuevo leon,anniasarahigomezcardenas_nuevo leon,Annia Sarahi Gomez Cardenas,Mayoria Relativa,1983-07-06,Nuevo Leon,Distrito:6,Mayoría relativa,SI,PAN
andj_oaxaca,antonianatividaddiazjimenez_oaxaca,Antonia Natividad Diaz Jimenez,Representacion proporcional,1982-06-13,Oaxaca,Circunscripcion:3,,NO,PAN
aom_aguascalientes,antonioortegamartinez_aguascalientes,Antonio Ortega Martinez,Representacion proporcional,1954-07-28,Aguascalientes,Circunscripcion:2,,NO,PRD
aom_guerrero,araceliocampomanzanares_guerrero,Araceli Ocampo Manzanares,Mayoria Relativa,1972-10-15,Guerrero,Distrito:2,Mayoría relativa,SI,MORENA
arv_guanajuato,arielrodriguezvazquez_guanajuato,Ariel Rodriguez Vazquez,Mayoria Relativa,1972-11-01,Guanajuato,Distrito:1,Mayoría relativa,SI,MC
acc_oaxaca,armandocontrerascastillo_oaxaca,Armando Contreras Castillo,Representacion proporcional,1966-04-13,Oaxaca,Circunscripcion:3,Representación proporcional,SI,MORENA
age_ciudad de mexico,armandogonzalezescoto_ciudad de mexico,Armando Gonzalez Escoto,Mayoria Relativa,1967-08-27,Ciudad de Mexico,Distrito:2,Mayoría relativa,SI,PES
ajzz_tamaulipas,armandojavierzertuchezuani_tamaulipas,Armando Javier Zertuche Zuani,Mayoria Relativa,1957-11-27,Tamaulipas,Distrito:9,Mayoría relativa,SI,PT
arl_baja california,armandoreyesledesma_baja california,Armando Reyes Ledesma,Mayoria Relativa,1972-04-10,Baja California,Distrito:3,Mayoría relativa,SI,PT
atc_michoacan,armandotejedacid_michoacan,Armando Tejeda Cid,Mayoria Relativa,1984-09-21,Michoacan,Distrito:4,Mayoría relativa,SI,PAN
aeyv_ciudad de mexico,arturoescobaryvega_ciudad de mexico,Arturo Escobar y Vega,Representacion proporcional,1970-04-23,Ciudad de Mexico,Circunscripcion:4,Representación proporcional,SI,PVEM
arht_mexico,arturorobertohernandeztapia_mexico,Arturo Roberto Hernandez Tapia,Mayoria Relativa,1961-05-05,Mexico,Distrito:35,Mayoría relativa,SI,MORENA
asc_oaxaca,azaelsantiagochepi_oaxaca,Azael Santiago Chepi,Mayoria Relativa,1977-12-15,Oaxaca,Distrito:4,Mayoría relativa,SI,MORENA
bdpl_oaxaca,beatrizdomingaperezlopez_oaxaca,Beatriz Dominga Perez Lopez,Mayoria Relativa,1975-08-24,Oaxaca,Distrito:6,Mayoría relativa,SI,MORENA
bmg_guanajuato,beatrizmanriqueguevara_guanajuato,Beatriz Manrique Guevara,Representacion proporcional,1967-05-20,Guanajuato,Circunscripcion:2,,NO,PVEM
brm_ciudad de mexico,beatrizrojasmartinez_ciudad de mexico,Beatriz Rojas Martinez,Mayoria Relativa,1966-12-21,Ciudad de Mexico,Distrito:7,Mayoría relativa,SI,MORENA
bsrg_queretaro,beatrizsilviaroblesgutierrez_queretaro,Beatriz Silvia Robles Gutierrez,Mayoria Relativa,1965-03-24,Queretaro,Distrito:3,Mayoría relativa,SI,MORENA
bmh_baja california,benitomedinaherrera_baja california,Benito Medina Herrera,Representacion proporcional,1950-06-05,Baja California,Circunscripcion:1,Mayoría relativa,SI,PRI
brm_oaxaca,benjaminroblesmontoya_oaxaca,Benjamin Robles Montoya,Mayoria Relativa,1959-11-08,Oaxaca,Distrito:8,Mayoría relativa,SI,PT
bshc_puebla,benjaminsaulhuertacorona_puebla,Benjamin Saul Huerta Corona,Mayoria Relativa,1958-03-31,Puebla,Distrito:11,Mayoría relativa,SI,MORENA
bal_veracruz,bonifacioaguilarlinda_veracruz,Bonifacio Aguilar Linda,Mayoria Relativa,1976-05-08,Veracruz,Distrito:18,Mayoría relativa,SI,MORENA
baap_mexico,brasilalbertoacostapena_mexico,Brasil Alberto Acosta Peña,Representacion proporcional,1970-06-21,Mexico,Circunscripcion:5,Representación proporcional,SI,PRI
bel_morelos,brendaespinozalopez_morelos,Brenda Espinoza Lopez,Representacion proporcional,1988-06-19,Morelos,Circunscripcion:4,Representación proporcional,SI,MORENA
camv_chiapas,carlosalbertomoralesvazquez_chiapas,Carlos Alberto Morales Vazquez,Representacion proporcional,1972-08-22,Chiapas,Circunscripcion:3,Representación proporcional,SI,SinPartido
caps_zacatecas,carlosalbertopuentesalas_zacatecas,Carlos Alberto Puente Salas,Representacion proporcional,1971-12-16,Zacatecas,Circunscripcion:2,Representación proporcional,SI,PVEM
cavg_veracruz,carlosalbertovalenzuelagonzalez_veracruz,Carlos Alberto Valenzuela Gonzalez,Representacion proporcional,1983-04-18,Veracruz,Circunscripcion:3,Representación proporcional,SI,PAN
ccm_tlaxcala,carloscarreonmejia_tlaxcala,Carlos Carreon Mejia,Representacion proporcional,1973-05-27,Tlaxcala,Circunscripcion:4,Representación proporcional,SI,PAN
cema_campeche,carlosenriquemartinezake_campeche,Carlos Enrique Martinez Ake,Mayoria Relativa,1977-04-25,Campeche,Distrito:1,Mayoría relativa,SI,MORENA
chcv_sinaloa,carloshumbertocastanosvalenzuela_sinaloa,Carlos Humberto Castaños Valenzuela,Representacion proporcional,1977-04-14,Sinaloa,Circunscripcion:1,Representación proporcional,SI,PAN
cjlc_sonora,carlosjavierlamarquecano_sonora,Carlos Javier Lamarque Cano,Mayoria Relativa,1953-08-01,Sonora,Distrito:6,Mayoría relativa,SI,MORENA
cpc_zacatecas,carlospavoncampos_zacatecas,Carlos Pavon Campos,Representacion proporcional,1955-10-31,Zacatecas,Circunscripcion:2,Representación proporcional,SI,PRI
csb_guerrero,carlossanchezbarrios_guerrero,Carlos Sanchez Barrios,Mayoria Relativa,1957-08-17,Guerrero,Distrito:7,Mayoría relativa,SI,MORENA
ctp_michoacan,carlostorrespina_michoacan,Carlos Torres Piña,Representacion proporcional,1979-03-01,Michoacan,Circunscripcion:5,Representación proporcional,SI,MORENA
cjpg_jalisco,carmenjuliaprudenciogonzalez_jalisco,Carmen Julia Prudencio Gonzalez,Mayoria Relativa,1977-06-30,Jalisco,Distrito:9,Mayoría relativa,SI,MC
cmp_veracruz,carmenmedelpalma_veracruz,Carmen Medel Palma,Mayoria Relativa,1959-09-26,Veracruz,Distrito:14,Mayoría relativa,SI,MORENA
cmg_veracruz,carmenmoragarcia_veracruz,Carmen Mora Garcia,Mayoria Relativa,1952-07-14,Veracruz,Distrito:9,Mayoría relativa,SI,MORENA
cppo_quintana roo,carmenpatriciapalmaolvera_quintana roo,Carmen Patricia Palma Olvera,Mayoria Relativa,1958-01-13,Quintana Roo,Distrito:2,Mayoría relativa,SI,MORENA
cyrm_nayarit,carminayadiraregaladomardueno_nayarit,Carmina Yadira Regalado Mardueño,Representacion proporcional,1967-11-06,Nayarit,Circunscripcion:1,Representación proporcional,SI,MORENA
caa_oaxaca,carolantonioaltamirano_oaxaca,Carol Antonio Altamirano,Mayoria Relativa,1963-12-13,Oaxaca,Distrito:5,Mayoría relativa,SI,MORENA
cga_mexico,carolinagarciaaguilar_mexico,Carolina Garcia Aguilar,Mayoria Relativa,1976-09-22,Mexico,Distrito:6,Mayoría relativa,SI,PES
czv_sinaloa,casimirozamoravaldez_sinaloa,Casimiro Zamora Valdez,Mayoria Relativa,1958-11-15,Sinaloa,Distrito:4,Mayoría relativa,SI,MORENA
capl_yucatan,ceciliaanunciacionpatronlaviada_yucatan,Cecilia Anunciacion Patron Laviada,Representacion proporcional,1971-03-25,Yucatan,Circunscripcion:3,Representación proporcional,SI,PAN
cahp_mexico,cesaragustinhernandezperez_mexico,Cesar Agustin Hernandez Perez,Mayoria Relativa,1980-03-01,Mexico,Distrito:30,Mayoría relativa,SI,MORENA
ccp_hidalgo,ciprianocharrezpedraza_hidalgo,Cipriano Charrez Pedraza,Mayoria Relativa,1970-09-16,Hidalgo,Distrito:2,,NO,MORENA
csr_chiapas,cirosalesruiz_chiapas,Ciro Sales Ruiz,Representacion proporcional,1974-01-01,Chiapas,Circunscripcion:3,,NO,MORENA
cadv_mexico,claudiaangelicadominguezvazquez_mexico,Claudia Angelica Dominguez Vazquez,Mayoria Relativa,1977-09-13,Mexico,Distrito:14,Mayoría relativa,SI,PT
cbr_puebla,claudiabaezruiz_puebla,Claudia Baez Ruiz,Mayoria Relativa,1972-10-20,Puebla,Distrito:3,Mayoría relativa,SI,PES
celm_chihuahua,claudiaelenalastramunoz_chihuahua,Claudia Elena Lastra Muñoz,Mayoria Relativa,1971-01-13,Chihuahua,Distrito:3,Mayoría relativa,SI,PT
clr_ciudad de mexico,claudialopezrayon_ciudad de mexico,Claudia Lopez Rayon,Mayoria Relativa,1973-04-22,Ciudad de Mexico,Distrito:5,Mayoría relativa,SI,MORENA
cpb_ciudad de mexico,claudiapastorbadilla_ciudad de mexico,Claudia Pastor Badilla,Representacion proporcional,1970-12-01,Ciudad de Mexico,Circunscripcion:4,Representación proporcional,SI,PRI
crm_mexico,claudiareyesmontiel_mexico,Claudia Reyes Montiel,Mayoria Relativa,1974-02-07,Mexico,Distrito:18,Mayoría relativa,SI,PRD
cte_veracruz,claudiatelloespinosa_veracruz,Claudia Tello Espinosa,Mayoria Relativa,1964-10-16,Veracruz,Distrito:8,Mayoría relativa,SI,MORENA
cvycyc_colima,claudiavaleriayanezcentenoycabrera_colima,Claudia Valeria Yañez Centeno y Cabrera,Mayoria Relativa,1959-05-02,Colima,Distrito:1,Mayoría relativa,SI,MORENA
cmdg_chiapas,clementinamartadekkergomez_chiapas,Clementina Marta Dekker Gomez,Mayoria Relativa,1973-04-10,Chiapas,Distrito:5,Mayoría relativa,SI,PT
cjrs_mexico,cruzjuvenalroasanchez_mexico,Cruz Juvenal Roa Sanchez,Mayoria Relativa,1968-05-10,Mexico,Distrito:36,Mayoría relativa,SI,PRI
cfbm_san luis potosi,cuauhtlifernandobadillomoreno_san luis potosi,Cuauhtli Fernando Badillo Moreno,Representacion proporcional,1990-05-11,San Luis Potosi,Circunscripcion:2,Representación proporcional,SI,MORENA
cilc_ciudad de mexico,cynthiailianalopezcastro_ciudad de mexico,Cynthia Iliana Lopez Castro,Representacion proporcional,1987-02-18,Ciudad de Mexico,Circunscripcion:4,Representación proporcional,SI,PRI
dgg_oaxaca,danielgutierrezgutierrez_oaxaca,Daniel Gutierrez Gutierrez,Mayoria Relativa,1976-02-15,Oaxaca,Distrito:10,Mayoría relativa,SI,MORENA
dbr_puebla,davidbautistarivera_puebla,David Bautista Rivera,Representacion proporcional,1981-03-27,Puebla,Circunscripcion:4,Representación proporcional,SI,MORENA
don_mexico,davidorihuelanava_mexico,David Orihuela Nava,Mayoria Relativa,1985-01-31,Mexico,Distrito:23,Mayoría relativa,SI,MORENA
dedbv_coahuila,diegoeduardodelbosquevillarreal_coahuila,Diego Eduardo Del Bosque Villarreal,Representacion proporcional,1990-02-21,Coahuila,Circunscripcion:2,Representación proporcional,SI,MORENA
dvg_mexico,dioniciavazquezgarcia_mexico,Dionicia Vazquez Garcia,Mayoria Relativa,1948-03-29,Mexico,Distrito:2,Mayoría relativa,SI,PT
dpl_ciudad de mexico,dolorespadiernaluna_ciudad de mexico,Dolores Padierna Luna,Mayoria Relativa,1958-05-08,Ciudad de Mexico,Distrito:12,Mayoría relativa,SI,MORENA
dgc_veracruz,dorhenygarciacayetano_veracruz,Dorheny Garcia Cayetano,Representacion proporcional,1990-07-25,Veracruz,Circunscripcion:3,Representación proporcional,SI,MORENA
dagm_oaxaca,dulcealejandragarciamorlan_oaxaca,Dulce Alejandra Garcia Morlan,Representacion proporcional,1978-12-05,Oaxaca,Circunscripcion:3,Representación proporcional,SI,PAN
dmcvg_veracruz,dulcemariacorinavillegasguarneros_veracruz,Dulce Maria Corina Villegas Guarneros,Mayoria Relativa,1966-12-24,Veracruz,Distrito:15,Mayoría relativa,SI,MORENA
dmmdlld_veracruz,dulcemariamendezdelaluzdauzon_veracruz,Dulce Maria Mendez De La Luz Dauzon,Representacion proporcional,1985-10-06,Veracruz,Circunscripcion:3,Representación proporcional,SI,MC
dmsr_yucatan,dulcemariasauririancho_yucatan,Dulce Maria Sauri Riancho,Representacion proporcional,1951-08-14,Yucatan,Circunscripcion:3,,NO,PRI
ejrb_guanajuato,ectorjaimeramirezbarba_guanajuato,Ector Jaime Ramirez Barba,Mayoria Relativa,1956-12-01,Guanajuato,Distrito:5,Mayoría relativa,SI,PAN
essd_nuevo leon,edelmirosantiagosantosdiaz_nuevo leon,Edelmiro Santiago Santos Diaz,Representacion proporcional,1960-07-02,Nuevo Leon,Circunscripcion:2,Representación proporcional,SI,MORENA
egv_puebla,edgarguzmanvaldez_puebla,Edgar Guzman Valdez,Mayoria Relativa,1992-04-19,Puebla,Distrito:7,Mayoría relativa,SI,PES
era_tabasco,ediltrudisrodriguezarellano_tabasco,Ediltrudis Rodriguez Arellano,Representacion proporcional,1954-06-23,Tabasco,Circunscripcion:3,Representación proporcional,SI,MORENA
egr_veracruz,edithgarciarosales_veracruz,Edith Garcia Rosales,Representacion proporcional,1992-10-17,Veracruz,Circunscripcion:3,Representación proporcional,SI,MORENA
emmt_mexico,edithmarisolmercadotorres_mexico,Edith Marisol Mercado Torres,Representacion proporcional,1986-09-15,Mexico,Circunscripcion:5,Representación proporcional,SI,MORENA
err_jalisco,eduardoronramos_jalisco,Eduardo Ron Ramos,Mayoria Relativa,1975-02-24,Jalisco,Distrito:1,,NO,MC
ezs_mexico,eduardozarzosasanchez_mexico,Eduardo Zarzosa Sanchez,Mayoria Relativa,1973-12-16,Mexico,Distrito:9,Mayoría relativa,SI,PRI
erv_chihuahua,efrainrochavega_chihuahua,Efrain Rocha Vega,Representacion proporcional,1955-05-12,Chihuahua,Circunscripcion:1,Representación proporcional,SI,MORENA
eltd_aguascalientes,elbalorenatorresdiaz_aguascalientes,Elba Lorena Torres Diaz,Mayoria Relativa,1977-03-15,Aguascalientes,Distrito:2,Mayoría relativa,SI,PT
eas_veracruz,eleuterioarrietasanchez_veracruz,Eleuterio Arrieta Sanchez,Mayoria Relativa,1955-05-02,Veracruz,Distrito:13,Mayoría relativa,SI,MORENA
ecma_chiapas,emeteriaclaudiamartinezaguilar_chiapas,Emeteria Claudia Martinez Aguilar,Representacion proporcional,1985-03-03,Chiapas,Circunscripcion:3,Representación proporcional,SI,MORENA
emt_mexico,emiliomanzanillatellez_mexico,Emilio Manzanilla Tellez,Mayoria Relativa,1971-04-10,Mexico,Distrito:16,Mayoría relativa,SI,PT
erc_guanajuato,emmanuelreyescarmona_guanajuato,Emmanuel Reyes Carmona,Mayoria Relativa,1987-06-29,Guanajuato,Distrito:13,Mayoría relativa,SI,MORENA
eor_michoacan,enriqueochoareza_michoacan,Enrique Ochoa Reza,Representacion proporcional,1972-09-01,Michoacan,Circunscripcion:5,Representación proporcional,SI,PRI
erg_chihuahua,eracliorodriguezgomez_chihuahua,Eraclio Rodriguez Gomez,Mayoria Relativa,1961-01-04,Chihuahua,Distrito:7,Mayoría relativa,SI,PT
egr_tamaulipas,erasmogonzalezrobledo_tamaulipas,Erasmo Gonzalez Robledo,Mayoria Relativa,1972-06-28,Tamaulipas,Distrito:7,Mayoría relativa,SI,MORENA
eime_baja california,erikisaacmoraleselvira_baja california,Erik Isaac Morales Elvira,Mayoria Relativa,1976-09-01,Baja California,Distrito:7,Mayoría relativa,SI,MORENA
emru_sinaloa,erikamarianarosasuribe_sinaloa,Erika Mariana Rosas Uribe,Representacion proporcional,1984-01-09,Sinaloa,Circunscripcion:1,Representación proporcional,SI,MORENA
evdci_ciudad de mexico,erikavanessadelcastilloibarra_ciudad de mexico,Erika Vanessa Del Castillo Ibarra,Mayoria Relativa,1978-06-10,Ciudad de Mexico,Distrito:1,Mayoría relativa,SI,MORENA
earl_nuevo leon,ernestoalfonsorobledoleal_nuevo leon,Ernesto Alfonso Robledo Leal,Mayoria Relativa,1976-06-06,Nuevo Leon,Distrito:11,Mayoría relativa,SI,PAN
egra_baja california,ernestoguillermoruffoappel_baja california,Ernesto Ruffo Appel,Representacion proporcional,1952-06-25,Baja California,Circunscripcion:1,,NO,PAN
ejna_mexico,ernestojaviernemeralvarez_mexico,Ernesto Javier Nemer Alvarez,Representacion proporcional,1961-07-17,Mexico,Circunscripcion:5,,NO,PRI
evc_nuevo leon,ernestovargascontreras_nuevo leon,Ernesto Vargas Contreras,Mayoria Relativa,1977-03-06,Nuevo Leon,Distrito:8,,NO,PES
edlamm_mexico,esmeraldadelosangelesmorenomedina_mexico,Esmeralda de los Angeles Moreno Medina,Mayoria Relativa,1986-12-19,Mexico,Distrito:26,Mayoría relativa,SI,PES
ebb_michoacan,estebanbarajasbarajas_michoacan,Esteban Barajas Barajas,Mayoria Relativa,1959-01-20,Michoacan,Distrito:2,Mayoría relativa,SI,MORENA
ena_tabasco,estelanunezalvarez_tabasco,Estela Nuñez Alvarez,Mayoria Relativa,1956-08-16,Tabasco,Distrito:1,Mayoría relativa,SI,MORENA
ejrf_veracruz,eulaliojuanriosfararoni_veracruz,Eulalio Juan Rios Fararoni,Mayoria Relativa,1965-04-18,Veracruz,Distrito:20,Mayoría relativa,SI,MORENA
elpr_coahuila,evaristoleninperezrivera_coahuila,Evaristo Lenin Perez Rivera,Mayoria Relativa,1966-10-28,Coahuila,Distrito:1,Mayoría relativa,SI,SinPartido
frglh_jalisco,fabiolaraquelguadalupeloyahernandez_jalisco,Fabiola Raquel Guadalupe Loya Hernandez,Mayoria Relativa,1974-11-05,Jalisco,Distrito:6,Mayoría relativa,SI,MC
ffa_michoacan,felicianofloresanguiano_michoacan,Feliciano Flores Anguiano,Mayoria Relativa,1971-05-28,Michoacan,Distrito:1,Mayoría relativa,SI,MORENA
ffmo_queretaro,felipefernandomaciasolvera_queretaro,Felipe Fernando Macias Olvera,Mayoria Relativa,1986-04-04,Queretaro,Distrito:4,Mayoría relativa,SI,PAN
fradll_mexico,feliperafaelarvizudelaluz_mexico,Felipe Rafael Arvizu De La Luz,Mayoria Relativa,1974-09-09,Mexico,Distrito:12,Mayoría relativa,SI,MORENA
fddlfh_coahuila,fernandodonatodelasfuenteshernandez_coahuila,Fernando Donato De las Fuentes Hernandez,Mayoria Relativa,1960-08-07,Coahuila,Distrito:7,Mayoría relativa,SI,PRI
fgf_ciudad de mexico,fernandogalindofavela_ciudad de mexico,Fernando Galindo Favela,Representacion proporcional,1978-05-06,Ciudad de Mexico,Circunscripcion:4,Representación proporcional,SI,PRI
flmp_puebla,fernandoluismanzanillaprieto_puebla,Fernando Luis Manzanilla Prieto,Mayoria Relativa,1968-05-10,Puebla,Distrito:12,Mayoría relativa,SI,PES
ftg_guanajuato,fernandotorresgraciano_guanajuato,Fernando Torres Graciano,Representacion proporcional,1970-08-27,Guanajuato,Circunscripcion:2,Representación proporcional,SI,PAN
fimm_ciudad de mexico,florivonemoralesmiranda_ciudad de mexico,Flor Ivone Morales Miranda,Mayoria Relativa,1968-10-05,Ciudad de Mexico,Distrito:21,,NO,MORENA
ftcs_veracruz,florataniacruzsantos_veracruz,Flora Tania Cruz Santos,Mayoria Relativa,1978-01-27,Veracruz,Distrito:11,Mayoría relativa,SI,MORENA
frc_hidalgo,fortunatoriveracastillo_hidalgo,Fortunato Rivera Castillo,Mayoria Relativa,1955-11-17,Hidalgo,Distrito:1,Mayoría relativa,SI,MORENA
feg_nuevo leon,franciscoelizondogarrido_nuevo leon,Francisco Elizondo Garrido,Representacion proporcional,1982-01-17,Nuevo Leon,Circunscripcion:2,Representación proporcional,SI,MORENA
ffp_mexico,franciscofavelapenunuri_mexico,Francisco Favela Peñuñuri,Mayoria Relativa,1955-04-15,Mexico,Distrito:5,Mayoría relativa,SI,PT
fjba_coahuila,franciscojavierborregoadame_coahuila,Francisco Javier Borrego Adame,Mayoria Relativa,1954-12-27,Coahuila,Distrito:2,Mayoría relativa,SI,MORENA
fjgdlt_jalisco,franciscojavierguzmandelatorre_jalisco,Francisco Javier Guzman De La Torre,Representacion proporcional,1944-08-29,Jalisco,Circunscripcion:1,Representación proporcional,SI,MORENA
fjhe_michoacan,franciscojavierhuacusesquivel_michoacan,Francisco Javier Huacus Esquivel,Mayoria Relativa,1986-08-26,Michoacan,Distrito:12,Mayoría relativa,SI,PT
fjln_aguascalientes,franciscojavierluevanonunez_aguascalientes,Francisco Javier Luevano Nuñez,Mayoria Relativa,1979-07-01,Aguascalientes,Distrito:1,Mayoría relativa,SI,PAN
fjrn_mexico,franciscojavierramireznavarrete_mexico,Francisco Javier Ramirez Navarrete,Representacion proporcional,1988-01-03,Mexico,Circunscripcion:5,Representación proporcional,SI,MORENA
fjsc_ciudad de mexico,franciscojaviersaldivarcamacho_ciudad de mexico,Francisco Javier Saldivar Camacho,Mayoria Relativa,1967-03-12,Ciudad de Mexico,Distrito:17,Mayoría relativa,SI,PES
faem_zacatecas,fridaalejandraesparzamarquez_zacatecas,Frida Alejandra Esparza Marquez,Representacion proporcional,1996-11-05,Zacatecas,Circunscripcion:2,Representación proporcional,SI,PRD
fay_san luis potosi,frinneazuarayarzabal_san luis potosi,Frinne Azuara Yarzabal,Representacion proporcional,1956-03-03,San Luis Potosi,Circunscripcion:2,Representación proporcional,SI,PRI
gcb_ciudad de mexico,gabrielacuevasbarron_ciudad de mexico,Gabriela Cuevas Barron,Representacion proporcional,1979-04-03,Ciudad de Mexico,Circunscripcion:4,,NO,MORENA
gihv_jalisco,geraldinaisabelherreravega_jalisco,Geraldina Isabel Herrera Vega,Mayoria Relativa,1963-04-24,Jalisco,Distrito:10,Mayoría relativa,SI,MC
gfn_ciudad de mexico,gerardofernandeznorona_ciudad de mexico,Gerardo Fernandez Noroña,Mayoria Relativa,1960-03-19,Ciudad de Mexico,Distrito:4,Mayoría relativa,SI,PT
grl_hidalgo,gloriaromeroleon_hidalgo,Gloria Romero Leon,Representacion proporcional,1964-01-25,Hidalgo,Circunscripcion:5,Representación proporcional,SI,PAN
ghp_michoacan,gonzaloherreraperez_michoacan,Gonzalo Herrera Perez,Mayoria Relativa,1955-07-07,Michoacan,Distrito:7,Mayoría relativa,SI,MORENA
gso_mexico,gracielasanchezortiz_mexico,Graciela Sanchez Ortiz,Mayoria Relativa,1959-02-18,Mexico,Distrito:21,Mayoría relativa,SI,MORENA
gzs_oaxaca,gracielazavaletasanchez_oaxaca,Graciela Zavaleta Sanchez,Representacion proporcional,1946-12-23,Oaxaca,Circunscripcion:3,Representación proporcional,SI,MORENA
geem_tabasco,gregorioefrainespadasmendez_tabasco,Gregorio Efrain Espadas Mendez,Mayoria Relativa,1948-10-26,Tabasco,Distrito:3,,NO,MORENA
grs_ciudad de mexico,guadaluperamossotelo_ciudad de mexico,Guadalupe Ramos Sotelo,Mayoria Relativa,1974-02-01,Ciudad de Mexico,Distrito:24,Mayoría relativa,SI,MORENA
grr_jalisco,guadaluperomoromo_jalisco,Guadalupe Romo Romo,Mayoria Relativa,1962-03-22,Jalisco,Distrito:3,Mayoría relativa,SI,PAN
gcm_mexico,gustavocontrerasmontes_mexico,Gustavo Contreras Montes,Mayoria Relativa,1980-06-11,Mexico,Distrito:8,Mayoría relativa,SI,MORENA
hgdjjym_puebla,hectorguillermodejesusjimenezymeneses_puebla,Hector Guillermo de Jesus Jimenez y Meneses,Mayoria Relativa,1945-11-24,Puebla,Distrito:13,Mayoría relativa,SI,MORENA
hjvg_tamaulipas,hectorjoelvillegasgonzalez_tamaulipas,Hector Joel Villegas Gonzalez,Mayoria Relativa,1979-05-09,Tamaulipas,Distrito:3,Mayoría relativa,SI,PES
hrca_baja california,hectorrenecruzaparicio_baja california,Hector Rene Cruz Aparicio,Mayoria Relativa,1982-12-27,Baja California,Distrito:8,Mayoría relativa,SI,PES
hsc_ciudad de mexico,hectorserranocortes_ciudad de mexico,Hector Serrano Cortes,Representacion proporcional,1962-04-22,Ciudad de Mexico,Circunscripcion:4,Representación proporcional,SI,PT
hyl_veracruz,hectoryuneslanda_veracruz,Hector Yunes Landa,Representacion proporcional,1958-10-27,Veracruz,Circunscripcion:3,Representación proporcional,SI,PRI
hmac_sonora,heribertomarceloaguilarcastillo_sonora,Heriberto Marcelo Aguilar Castillo,Mayoria Relativa,1975-02-12,Sonora,Distrito:4,Mayoría relativa,SI,MORENA
hsw_nuevo leon,hernansalinaswolberg_nuevo leon,Hernan Salinas Wolberg,Mayoria Relativa,1982-04-01,Nuevo Leon,Distrito:1,Mayoría relativa,SI,PAN
hpon_durango,hildapatriciaorteganajera_durango,Hilda Patricia Ortega Najera,Mayoria Relativa,1966-08-10,Durango,Distrito:4,Mayoría relativa,SI,MORENA
hgm_sonora,hildelisagonzalezmorales_sonora,Hildelisa Gonzalez Morales,Mayoria Relativa,1956-12-22,Sonora,Distrito:7,Mayoría relativa,SI,PT
hmm_michoacan,hirepanmayamartinez_michoacan,Hirepan Maya Martinez,Representacion proporcional,1977-12-02,Michoacan,Circunscripcion:5,Representación proporcional,SI,MORENA
hdo_mexico,horacioduarteolivares_mexico,Horacio Duarte Olivares,Representacion proporcional,1971-11-05,Mexico,Circunscripcion:5,,NO,MORENA
hmlnq_jalisco,hortensiamarialuisanoronaquezada_jalisco,Hortensia Maria Luisa Noroña Quezada,Representacion proporcional,1976-10-19,Jalisco,Circunscripcion:1,Representación proporcional,SI,PRI
hrrl_hidalgo,hugorafaelruizlustre_hidalgo,Hugo Rafael Ruiz Lustre,Representacion proporcional,1965-08-22,Hidalgo,Circunscripcion:5,Representación proporcional,SI,MORENA
hpm_chiapas,humbertopedreromoreno_chiapas,Humberto Pedrero Moreno,Mayoria Relativa,1986-05-26,Chiapas,Distrito:2,,NO,MORENA
irm_guerrero,idaliareyesmiguel_guerrero,Idalia Reyes Miguel,Representacion proporcional,1976-08-15,Guerrero,Circunscripcion:4,Representación proporcional,SI,MORENA
ibce_michoacan,ignaciobenjamincamposequihua_michoacan,Ignacio Benjamin Campos Equihua,Mayoria Relativa,1973-05-12,Michoacan,Distrito:9,Mayoría relativa,SI,MORENA
ivs_colima,indiravizcainosilva_colima,Indira Vizcaino Silva,Mayoria Relativa,1987-01-14,Colima,Distrito:2,,NO,MORENA
ipj_puebla,inesparrajuarez_puebla,Ines Parra Juarez,Mayoria Relativa,1978-04-20,Puebla,Distrito:4,Mayoría relativa,SI,MORENA
ism_oaxaca,iransantiagomanuel_oaxaca,Iran Santiago Manuel,Representacion proporcional,1985-03-04,Oaxaca,Circunscripcion:3,Representación proporcional,SI,MORENA
idcbd_campeche,irasemadelcarmenbuenfildiaz_campeche,Irasema del Carmen Buenfil Diaz,Mayoria Relativa,1958-08-22,Campeche,Distrito:2,Mayoría relativa,SI,PES
ime_oaxaca,irineomolinaespinoza_oaxaca,Irineo Molina Espinoza,Mayoria Relativa,1976-06-13,Oaxaca,Distrito:1,,NO,MORENA
ijc_oaxaca,irmajuancarlos_oaxaca,Irma Juan Carlos,Mayoria Relativa,1977-07-19,Oaxaca,Distrito:2,Mayoría relativa,SI,MORENA
imtv_sonora,irmamariateranvillalobos_sonora,Irma Maria Teran Villalobos,Representacion proporcional,1985-11-12,Sonora,Circunscripcion:1,Representación proporcional,SI,PES
imgv_nuevo leon,isabelmargaritaguerravillarreal_nuevo leon,Isabel Margarita Guerra Villarreal,Representacion proporcional,1975-09-22,Nuevo Leon,Circunscripcion:2,Representación proporcional,SI,PAN
igc_baja california sur,isaiasgonzalezcuevas_baja california sur,Isaias Gonzalez Cuevas,Representacion proporcional,1940-07-06,Baja California Sur,Circunscripcion:1,,NO,PRI
iahd_durango,ismaelalfredohernandezderas_durango,Ismael Alfredo Hernandez Deras,Representacion proporcional,1964-02-20,Durango,Circunscripcion:1,Representación proporcional,SI,PRI
itbp_jalisco,itzcoatltonatiuhbravopadilla_jalisco,Itzcoatl Tonatiuh Bravo Padilla,Representacion proporcional,1960-02-07,Jalisco,Circunscripcion:1,Representación proporcional,SI,MC
iapnr_michoacan,ivanarturopereznegronruiz_michoacan,Ivan Arturo Perez Negron ,Mayoria Relativa,1974-07-20,Michoacan,Distrito:10,,NO,MORENA
iarr_mexico,ivanarturorodriguezrivera_mexico,Ivan Arturo Rodriguez Rivera,Representacion proporcional,1974-05-02,Mexico,Circunscripcion:5,Representación proporcional,SI,PAN
ilag_nuevo leon,ivonnelilianaalvarezgarcia_nuevo leon,Ivonne Liliana Alvarez Garcia,Representacion proporcional,1978-04-25,Nuevo Leon,Circunscripcion:2,,NO,PRI
jdca_mexico,jacobodavidchejaalfaro_mexico,Jacobo David Cheja Alfaro,Representacion proporcional,1965-10-08,Mexico,Circunscripcion:5,Representación proporcional,SI,MC
jmj_zacatecas,jacquelinamartinezjuarez_zacatecas,Jacquelina Martinez Juarez,Representacion proporcional,1981-05-26,Zacatecas,Circunscripcion:2,Representación proporcional,SI,PAN
jhpb_veracruz,jaimehumbertoperezbernabe_veracruz,Jaime Humberto Perez Bernabe,Mayoria Relativa,1973-04-15,Veracruz,Distrito:6,Mayoría relativa,SI,MORENA
jmmc_guanajuato,janetmelaniemurillochavez_guanajuato,Janet Melanie Murillo Chavez,Mayoria Relativa,1981-08-02,Guanajuato,Distrito:9,,NO,PAN
jti_hidalgo,jannettellezinfante_hidalgo,Jannet Tellez Infante,Mayoria Relativa,1979-01-08,Hidalgo,Distrito:7,Mayoría relativa,SI,MORENA
jahp_ciudad de mexico,javierarielhidalgoponce_ciudad de mexico,Javier Ariel Hidalgo Ponce,Mayoria Relativa,1960-05-14,Ciudad de Mexico,Distrito:10,Mayoría relativa,SI,MORENA
jjcp_baja california,javierjuliancastanedapomposo_baja california,Javier Julian Castañeda Pomposo,Mayoria Relativa,1967-10-07,Baja California,Distrito:6,Mayoría relativa,SI,MORENA
jms_guerrero,javiermanzanosalazar_guerrero,Javier Manzano Salazar,Mayoria Relativa,1963-06-05,Guerrero,Distrito:5,Mayoría relativa,SI,MORENA
jsn_mexico,javiersalinasnarvaez_mexico,Javier Salinas Narvaez,Representacion proporcional,1965-11-22,Mexico,Circunscripcion:5,,NO,MORENA
jcvp_yucatan,jesuscarlosvidalpeniche_yucatan,Jesus Carlos Vidal Peniche,Mayoria Relativa,1976-06-16,Yucatan,Distrito:1,Mayoría relativa,SI,PVEM
jfgh_sinaloa,jesusfernandogarciahernandez_sinaloa,Jesus Fernando Garcia Hernandez,Mayoria Relativa,1958-05-30,Sinaloa,Distrito:3,Mayoría relativa,SI,PT
jga_veracruz,jesusguzmanaviles_veracruz,Jesus Guzman Aviles,Mayoria Relativa,1961-12-25,Veracruz,Distrito:2,,NO,PAN
jsmm_baja california,jesussalvadorminormora_baja california,Jesus Salvador Minor Mora,Mayoria Relativa,1951-06-01,Baja California,Distrito:1,Mayoría relativa,SI,MORENA
jsan_mexico,jesussergioalcantaranunez_mexico,Jesus Sergio Alcantara Nuñez,Representacion proporcional,1965-06-21,Mexico,Circunscripcion:5,Representación proporcional,SI,PRI
jdlapm_quintana roo,jesusdelosangelespoolmoo_quintana roo,Jesus de los Angeles Pool Moo,Mayoria Relativa,1969-12-22,Quintana Roo,Distrito:4,,NO,PRD
jagl_baja california,jorgealcibiadesgarcialara_baja california,Jorge Alcibiades Garcia Lara,Representacion proporcional,1969-08-05,Baja California,Circunscripcion:1,Representación proporcional,SI,MC
jaav_morelos,jorgearturoarguellesvictorero_morelos,Jorge Arturo Arguelles Victorero,Mayoria Relativa,1981-05-13,Morelos,Distrito:4,Mayoría relativa,SI,PES
jaeg_guanajuato,jorgearturoespadasgalvan_guanajuato,Jorge Arturo Espadas Galvan,Mayoria Relativa,1975-09-08,Guanajuato,Distrito:11,Mayoría relativa,SI,PAN
jegm_quintana roo,jorgeemiliogonzalezmartinez_quintana roo,Jorge Emilio Gonzalez Martinez,Representacion proporcional,1972-04-16,Quintana Roo,Circunscripcion:3,Representación proporcional,SI,PVEM
jers_sonora,jorgeeugeniorussosalido_sonora,Jorge Eugenio Russo Salido,Representacion proporcional,1969-12-19,Sonora,Circunscripcion:1,Representación proporcional,SI,MC
jlmn_queretaro,jorgeluismontesnieves_queretaro,Jorge Luis Montes Nieves,Mayoria Relativa,1981-01-14,Queretaro,Distrito:2,Mayoría relativa,SI,MORENA
jlpr_colima,jorgeluispreciadorodriguez_colima,Jorge Luis Preciado Rodriguez,Representacion proporcional,1972-08-09,Colima,Circunscripcion:5,Representación proporcional,SI,PAN
jrh_ciudad de mexico,jorgeromeroherrera_ciudad de mexico,Jorge Romero Herrera,Representacion proporcional,1979-01-03,Ciudad de Mexico,Circunscripcion:4,Mayoría relativa,SI,PAN
japh_coahuila,joseangelperezhernandez_coahuila,Jose Angel Perez Hernandez,Mayoria Relativa,1958-03-01,Coahuila,Distrito:6,,NO,PT
jdcgq_campeche,josedelcarmengomezquej_campeche,Jose Del Carmen Gomez Quej,Representacion proporcional,1957-12-18,Campeche,Circunscripcion:3,,NO,PAN
jela_yucatan,joseeliaslixaabimerhi_yucatan,Jose Elias Lixa Abimerhi,Mayoria Relativa,1987-02-28,Yucatan,Distrito:4,Mayoría relativa,SI,PAN
jgar_michoacan,joseguadalupeaguilerarojas_michoacan,Jose Guadalupe Aguilera Rojas,Mayoria Relativa,1971-12-12,Michoacan,Distrito:11,Mayoría relativa,SI,PRD
jgag_morelos,joseguadalupeambrociogachuz_morelos,Jose Guadalupe Ambrocio Gachuz,Mayoria Relativa,1960-12-12,Morelos,Distrito:5,Mayoría relativa,SI,MORENA
jgas_puebla,joseguillermoarechigasantamaria_puebla,Jose Guillermo Arechiga Santamaria,Mayoria Relativa,1958-09-02,Puebla,Distrito:9,,NO,MORENA
jitr_zacatecas,joseisabeltrejoreyes_zacatecas,Jose Isabel Trejo Reyes,Representacion proporcional,1959-04-09,Zacatecas,Circunscripcion:2,Representación proporcional,SI,PAN
jjms_sinaloa,josejaimemontessalas_sinaloa,Jose Jaime Montes Salas,Mayoria Relativa,1954-02-20,Sinaloa,Distrito:2,,NO,MORENA
jlef_chiapas,joseluiselorzaflores_chiapas,Jose Luis Elorza Flores,Mayoria Relativa,1973-04-28,Chiapas,Distrito:12,Mayoría relativa,SI,MORENA
jlgd_nuevo leon,joseluisgarciaduque_nuevo leon,Jose Luis Garcia Duque,Mayoria Relativa,1967-11-08,Nuevo Leon,Distrito:3,Mayoría relativa,SI,PT
jlml_mexico,joseluismontalvoluna_mexico,Jose Luis Montalvo Luna,Mayoria Relativa,1960-04-29,Mexico,Distrito:39,Mayoría relativa,SI,PT
jmlc_nuevo leon,josemartinlopezcisneros_nuevo leon,Jose Martin Lopez Cisneros,Mayoria Relativa,1972-11-11,Nuevo Leon,Distrito:10,Mayoría relativa,SI,PAN
jrcp_nayarit,joseramoncamberoperez_nayarit,Jose Ramon Cambero Perez,Representacion proporcional,1971-06-27,Nayarit,Circunscripcion:1,,NO,PAN
jrde_san luis potosi,josericardodelsolestrada_san luis potosi,Jose Ricardo Delsol Estrada,Mayoria Relativa,1964-03-29,San Luis Potosi,Distrito:4,Mayoría relativa,SI,MORENA
jrgc_san luis potosi,josericardogallardocardona_san luis potosi,Jose Ricardo Gallardo Cardona,Mayoria Relativa,1980-11-18,San Luis Potosi,Distrito:2,,NO,PVEM
jrma_baja california sur,joserigobertomaresaguilar_baja california sur,Jose Rigoberto Mares Aguilar,Representacion proporcional,1981-02-17,Baja California Sur,Circunscripcion:1,Representación proporcional,SI,PAN
jsrq_tamaulipas,josesalvadorrosasquintanilla_tamaulipas,Jose Salvador Rosas Quintanilla,Mayoria Relativa,1961-01-22,Tamaulipas,Distrito:1,Mayoría relativa,SI,PAN
jdllss_tlaxcala,josedelaluzsosasalinas_tlaxcala,Jose de la Luz Sosa Salinas,Mayoria Relativa,1966-05-25,Tlaxcala,Distrito:1,,NO,PT
jsb_san luis potosi,josefinasalazarbaez_san luis potosi,Josefina Salazar Baez,Mayoria Relativa,1974-01-29,San Luis Potosi,Distrito:5,Mayoría relativa,SI,PAN
jabb_mexico,juanangelbautistabravo_mexico,Juan Angel Bautista Bravo,Mayoria Relativa,1981-07-25,Mexico,Distrito:31,Mayoría relativa,SI,MORENA
jcldlr_chihuahua,juancarlosloeradelarosa_chihuahua,Juan Carlos Loera De La Rosa,Representacion proporcional,1969-04-27,Chihuahua,Circunscripcion:1,,NO,MORENA
jcmm_guanajuato,juancarlosmunozmarquez_guanajuato,Juan Carlos Munoz Marquez,Representacion proporcional,1969-11-30,Guanajuato,Circunscripcion:2,,NO,PAN
jcrh_guanajuato,juancarlosromerohicks_guanajuato,Juan Carlos Romero Hicks,Mayoria Relativa,1955-12-10,Guanajuato,Distrito:4,Mayoría relativa,SI,PAN
jcvs_jalisco,juancarlosvillarrealsalazar_jalisco,Juan Carlos Villarreal Salazar,Mayoria Relativa,1974-08-11,Jalisco,Distrito:7,,NO,SinPartido
jefe_chiapas,juanenriquefarreraesponda_chiapas,Juan Enrique Farrera Esponda,Mayoria Relativa,1967-03-21,Chiapas,Distrito:10,Mayoría relativa,SI,MORENA
jfee_nuevo leon,juanfranciscoespinozaeguia_nuevo leon,Juan Francisco Espinoza Eguia,Mayoria Relativa,1971-11-10,Nuevo Leon,Distrito:9,Mayoría relativa,SI,PRI
jfrs_jalisco,juanfranciscoramirezsalcido_jalisco,Juan Francisco Ramirez Salcido,Mayoria Relativa,1969-03-25,Jalisco,Distrito:14,Mayoría relativa,SI,MC
jirr_guanajuato,juanisraelramosruiz_guanajuato,Juan Israel Ramos Ruiz,Representacion proporcional,1973-04-29,Guanajuato,Circunscripcion:2,Representación proporcional,SI,MORENA
jjcp_yucatan,juanjosecanulperez_yucatan,Juan Jose Canul Perez,Mayoria Relativa,1972-01-08,Yucatan,Distrito:5,Mayoría relativa,SI,PRI
jmec_jalisco,juanmartinespinozacardenas_jalisco,Juan Martin Espinoza Cardenas,Mayoria Relativa,1972-07-11,Jalisco,Distrito:17,Mayoría relativa,SI,MC
jmf_veracruz,juanmartinezflores_veracruz,Juan Martinez Flores,Mayoria Relativa,1956-04-03,Veracruz,Distrito:16,Mayoría relativa,SI,MORENA
jog_veracruz,juanortizguarneros_veracruz,Juan Ortiz Guarneros,Representacion proporcional,1953-09-25,Veracruz,Circunscripcion:3,Representación proporcional,SI,PRI
jpsr_mexico,juanpablosanchezrodriguez_mexico,Juan Pablo Sanchez Rodriguez,Mayoria Relativa,1979-04-29,Mexico,Distrito:20,Mayoría relativa,SI,MORENA
jcl_mexico,juanacarrilloluna_mexico,Juana Carrillo Luna,Representacion proporcional,1963-06-24,Mexico,Circunscripcion:5,Representación proporcional,SI,MORENA
jgm_morelos,juanitaguerramena_morelos,Juanita Guerra Mena,Mayoria Relativa,1983-03-19,Morelos,Distrito:3,Mayoría relativa,SI,MORENA
jgz_michoacan,julietagarciazepeda_michoacan,Julieta Garcia Zepeda,Representacion proporcional,1965-03-20,Michoacan,Circunscripcion:5,Representación proporcional,SI,MORENA
jkvv_puebla,julietakristalvencesvalencia_puebla,Julieta Kristal Vences Valencia,Mayoria Relativa,1986-10-24,Puebla,Distrito:8,Mayoría relativa,SI,MORENA
jmr_ciudad de mexico,julietamaciasrabago_ciudad de mexico,Carmen Julieta Macias Rabago,Representacion proporcional,1971-10-05,Ciudad de Mexico,Circunscripcion:4,,NO,MC
jca_veracruz,juliocarranzaareas_veracruz,Julio Carranza Areas,Representacion proporcional,1965-03-14,Veracruz,Circunscripcion:3,Representación proporcional,SI,MORENA
jcam_hidalgo,juliocesarangelesmendoza_hidalgo,Julio Cesar Angeles Mendoza,Mayoria Relativa,1971-10-24,Hidalgo,Distrito:5,Mayoría relativa,SI,MORENA
jear_guanajuato,justinoeugenioarriagarojas_guanajuato,Justino Eugenio Arriaga Rojas,Mayoria Relativa,1979-09-20,Guanajuato,Distrito:8,Mayoría relativa,SI,PAN
kmgm_guanajuato,karenmichelgonzalezmarquez_guanajuato,Karen Michel Gonzalez Marquez,Mayoria Relativa,1988-01-21,Guanajuato,Distrito:7,Mayoría relativa,SI,PAN
kyab_mexico,karlayuritzialmazanburgos_mexico,Karla Yuritzi Almazan Burgos,Mayoria Relativa,1974-08-27,Mexico,Distrito:38,Mayoría relativa,SI,MORENA
kacl_jalisco,katiaalejandracastillolozano_jalisco,Katia Alejandra Castillo Lozano,Representacion proporcional,1982-10-20,Jalisco,Circunscripcion:1,Representación proporcional,SI,MORENA
kake_jalisco,kehilaabigailkuescalante_jalisco,Kehila Abigail Ku Escalante,Mayoria Relativa,1985-09-02,Jalisco,Distrito:11,Mayoría relativa,SI,MC
larh_mexico,lauraangelicarojashernandez_mexico,Laura Angelica Rojas Hernandez,Representacion proporcional,1975-12-26,Mexico,Circunscripcion:5,Mayoría relativa,SI,PAN
lbf_mexico,laurabarrerafortoul_mexico,Laura Barrera Fortoul,Representacion proporcional,1976-05-10,Mexico,Circunscripcion:5,Representación proporcional,SI,PRI
ledjgg_nuevo leon,lauraerikadejesusgarzagutierrez_nuevo leon,Laura Erika de Jesus Garza Gutierrez,Mayoria Relativa,1977-08-19,Nuevo Leon,Distrito:7,,NO,PES
lips_jalisco,lauraimeldaperezsegura_jalisco,Laura Imelda Perez Segura,Mayoria Relativa,1980-05-30,Jalisco,Distrito:16,Mayoría relativa,SI,MORENA
lmg_ciudad de mexico,lauramartinezgonzalez_ciudad de mexico,Laura Martinez Gonzalez,Representacion proporcional,1970-01-15,Ciudad de Mexico,Circunscripcion:4,Representación proporcional,SI,MORENA
lpam_tabasco,laurapatriciaavalosmagana_tabasco,Laura Patricia Avalos Magaña,Mayoria Relativa,1974-05-21,Tabasco,Distrito:5,,NO,MORENA
lncc_san luis potosi,leninnelsoncamposcordova_san luis potosi,Lenin Nelson Campos Cordova,Representacion proporcional,1961-08-08,San Luis Potosi,Circunscripcion:2,Representación proporcional,SI,PRI
laam_chiapas,leticiaarlettaguilarmolina_chiapas,Leticia Arlett Aguilar Molina,Mayoria Relativa,1958-03-01,Chiapas,Distrito:9,Mayoría relativa,SI,MORENA
lda_ciudad de mexico,leticiadiazaguilar_ciudad de mexico,Leticia Diaz Aguilar,Representacion proporcional,1964-03-20,Ciudad de Mexico,Circunscripcion:4,Representación proporcional,SI,MORENA
lmgo_mexico,leticiamarianagomezordaz_mexico,Leticia Mariana Gomez Ordaz,Representacion proporcional,1983-03-06,Mexico,Circunscripcion:5,Representación proporcional,SI,PVEM
lga_hidalgo,lidiagarciaanaya_hidalgo,Lidia Garcia Anaya,Mayoria Relativa,1957-10-31,Hidalgo,Distrito:6,Mayoría relativa,SI,MORENA
lnvh_san luis potosi,lidianallelyvargashernandez_san luis potosi,Lidia Nallely Vargas Hernandez,Representacion proporcional,1992-08-03,San Luis Potosi,Circunscripcion:2,Representación proporcional,SI,MORENA
lvz_guanajuato,liliavillafuertezavala_guanajuato,Lilia Villafuerte Zavala,Mayoria Relativa,1963-04-19,Guanajuato,Distrito:10,Mayoría relativa,SI,PVEM
lml_baja california,lizbethmatalozano_baja california,Lizbeth Mata Lozano,Representacion proporcional,1984-01-10,Baja California,Circunscripcion:1,Mayoría relativa,SI,PAN
lagm_veracruz,lizethamayraniguerramendez_veracruz,Lizeth Amayrani Guerra Mendez,Representacion proporcional,1994-01-18,Veracruz,Circunscripcion:3,Representación proporcional,SI,MORENA
lsg_puebla,lizethsanchezgarcia_puebla,Lizeth Sanchez Garcia,Mayoria Relativa,1976-11-03,Puebla,Distrito:5,,NO,PT
lcc_tlaxcala,lorenacuellarcisneros_tlaxcala,Lorena Cuellar Cisneros,Mayoria Relativa,1962-02-20,Tlaxcala,Distrito:3,,NO,MORENA
ldsja_jalisco,lorenadelsocorrojimenezandrade_jalisco,Lorena del Socorro Jimenez Andrade,Mayoria Relativa,1959-10-21,Jalisco,Distrito:5,Mayoría relativa,SI,MORENA
livs_sonora,loreniaivethvallessampedro_sonora,Lorenia Iveth Valles Sampedro,Mayoria Relativa,1976-12-18,Sonora,Distrito:3,Mayoría relativa,SI,MORENA
lccg_jalisco,lourdesceleniacontrerasgonzalez_jalisco,Lourdes Celenia Contreras Gonzalez,Mayoria Relativa,1984-12-29,Jalisco,Distrito:13,Mayoría relativa,SI,MC
lesm_sinaloa,lourdeserikasanchezmartinez_sinaloa,Lourdes Erika Sanchez Martinez,Representacion proporcional,1980-09-29,Sinaloa,Circunscripcion:1,Representación proporcional,SI,PRI
lfo_ciudad de mexico,luciafloresolivo_ciudad de mexico,Lucia Flores Olivo,Representacion proporcional,1965-04-09,Ciudad de Mexico,Circunscripcion:4,Representación proporcional,SI,MORENA
lss_sinaloa,lucindasandovalsoberanes_sinaloa,Lucinda Sandoval Soberanes,Representacion proporcional,1980-02-18,Sinaloa,Circunscripcion:1,Representación proporcional,SI,MORENA
ldjj_ciudad de mexico,luciodejesusjimenez_ciudad de mexico,Lucio De Jesus Jimenez,Representacion proporcional,1970-12-15,Ciudad de Mexico,Circunscripcion:4,Representación proporcional,SI,MORENA
lepc_ciudad de mexico,lucioernestopalacioscordero_ciudad de mexico,Lucio Ernesto Palacios Cordero,Representacion proporcional,1977-07-07,Ciudad de Mexico,Circunscripcion:4,Representación proporcional,SI,MORENA
lama_ciudad de mexico,luisalbertomendozaacevedo_ciudad de mexico,Luis Alberto Mendoza Acevedo,Mayoria Relativa,1980-01-12,Ciudad de Mexico,Distrito:15,Mayoría relativa,SI,PAN
lelcm_puebla,luiseleusisleonidascordovamoran_puebla,Luis Eleusis Leonidas Cordova Moran,Representacion proporcional,1949-09-26,Puebla,Circunscripcion:4,Representación proporcional,SI,PRI
lemv_mexico,luisenriquemartinezventura_mexico,Luis Enrique Martinez Ventura,Mayoria Relativa,1963-08-19,Mexico,Distrito:32,Mayoría relativa,SI,PT
lemn_mexico,luisenriquemirandanava_mexico,Luis Enrique Miranda Nava,Representacion proporcional,1965-02-04,Mexico,Circunscripcion:5,Representación proporcional,SI,PRI
lfsf_coahuila,luisfernandosalazarfernandez_coahuila,Luis Fernando Salazar Fernandez,Mayoria Relativa,1977-11-18,Coahuila,Distrito:5,,NO,MORENA
ljas_quintana roo,luisjavieralegresalazar_quintana roo,Luis Javier Alegre Salazar,Representacion proporcional,1964-02-04,Quintana Roo,Circunscripcion:3,Representación proporcional,SI,MORENA
lerm_ciudad de mexico,luzestefaniarosasmartinez_ciudad de mexico,Luz Estefania Rosas Martinez,Representacion proporcional,1995-08-22,Ciudad de Mexico,Circunscripcion:4,Representación proporcional,SI,MORENA
lebc_zacatecas,lyndianaelizabethbugarincortes_zacatecas,Lyndiana Elizabeth Bugarin Cortes,Mayoria Relativa,1988-12-13,Zacatecas,Distrito:2,Mayoría relativa,SI,PVEM
meler_guanajuato,ma.eugenialeticiaespinosarivas_guanajuato,Ma. Eugenia Leticia Espinosa Rivas,Mayoria Relativa,1961-11-28,Guanajuato,Distrito:14,Mayoría relativa,SI,PAN
mgap_san luis potosi,ma.guadalupealmaguerpardo_san luis potosi,Ma. Guadalupe Almaguer Pardo,Mayoria Relativa,1961-08-26,San Luis Potosi,Distrito:6,Mayoría relativa,SI,PRD
msrm_san luis potosi,ma.sararochamedina_san luis potosi,Ma. Sara Rocha Medina,Mayoria Relativa,1967-10-09,San Luis Potosi,Distrito:1,Mayoría relativa,SI,PRI
mdjgg_zacatecas,ma.dejesusgarciaguardado_zacatecas,Ma. de Jesus Garcia Guardado,Representacion proporcional,1959-04-03,Zacatecas,Circunscripcion:2,Representación proporcional,SI,MORENA
mdlaad_guanajuato,ma.delosangelesayaladiaz_guanajuato,Ma. de los Angeles Ayala Diaz,Mayoria Relativa,1963-08-02,Guanajuato,Distrito:3,Mayoría relativa,SI,PAN
mdccl_guerrero,ma.delcarmencabreralagunas_guerrero,Ma. del Carmen Cabrera Lagunas,Mayoria Relativa,1971-12-30,Guerrero,Distrito:3,Mayoría relativa,SI,PES
mdpom_guanajuato,ma.delpilarortegamartinez_guanajuato,Ma. del Pilar Ortega Martinez,Mayoria Relativa,1968-06-29,Guanajuato,Distrito:6,,NO,PAN
mba_sonora,madeleinebonnafouxalcaraz_sonora,Madeleine Bonnafoux Alcaraz,Representacion proporcional,1979-01-31,Sonora,Circunscripcion:1,Representación proporcional,SI,PAN
mmggm_puebla,maiellamarthagabrielagomezmaldonado_puebla,Maiella Martha Gabriela Gomez Maldonado,Mayoria Relativa,1974-09-26,Puebla,Distrito:2,Mayoría relativa,SI,MC
mgv_veracruz,manuelgomezventura_veracruz,Manuel Gomez Ventura,Representacion proporcional,1966-11-10,Veracruz,Circunscripcion:3,Representación proporcional,SI,MORENA
mhm_guerrero,manuelhuertamartinez_guerrero,Manuel Huerta Martinez,Representacion proporcional,1963-12-02,Guerrero,Circunscripcion:4,Representación proporcional,SI,PT
mlh_veracruz,manuellimonhernandez_veracruz,Manuel Limon Hernandez,Representacion proporcional,1946-01-10,Veracruz,Circunscripcion:3,,NO,PRI
mlc_sonora,manuellopezcastillo_sonora,Manuel Lopez Castillo,Representacion proporcional,1948-02-12,Sonora,Circunscripcion:1,Representación proporcional,SI,MORENA
mrg_tabasco,manuelrodriguezgonzalez_tabasco,Manuel Rodriguez Gonzalez,Mayoria Relativa,1966-10-26,Tabasco,Distrito:4,Mayoría relativa,SI,MORENA
mdjba_sonora,manueldejesusbaldenebroarredondo_sonora,Manuel de Jesus Baldenebro Arredondo,Mayoria Relativa,1962-05-13,Sonora,Distrito:1,Mayoría relativa,SI,PES
mdcon_chiapas,manueladelcarmenobradornarvaez_chiapas,Manuela del Carmen Obrador Narvaez,Mayoria Relativa,1971-06-12,Chiapas,Distrito:1,Mayoría relativa,SI,MORENA
mgvg_mexico,marcelaguillerminavelascogonzalez_mexico,Marcela Guillermina Velasco Gonzalez,Representacion proporcional,1952-06-25,Mexico,Circunscripcion:5,Representación proporcional,SI,PRI
mrh_san luis potosi,marcelinoriverahernandez_san luis potosi,Marcelino Rivera Hernandez,Mayoria Relativa,1984-04-26,San Luis Potosi,Distrito:7,Mayoría relativa,SI,PAN
maac_morelos,marcoantonioadamecastillo_morelos,Marco Antonio Adame Castillo,Representacion proporcional,1960-12-06,Morelos,Circunscripcion:4,,NO,PAN
maaz_chiapas,marcoantonioandradezavala_chiapas,Marco Antonio Andrade Zavala,Representacion proporcional,1972-11-17,Chiapas,Circunscripcion:3,Representación proporcional,SI,MORENA
macm_sonora,marcoantoniocarbajalmiranda_sonora,Marco Antonio Carbajal Miranda,Representacion proporcional,1959-09-26,Sonora,Circunscripcion:1,Representación proporcional,SI,MORENA
maga_sinaloa,marcoantoniogomezalcantar_sinaloa,Marco Antonio Gomez Alcantar,Representacion proporcional,1972-04-18,Sinaloa,Circunscripcion:1,Representación proporcional,SI,PVEM
magr_mexico,marcoantoniogonzalezreyes_mexico,Marco Antonio Gonzalez Reyes,Representacion proporcional,1980-11-07,Mexico,Circunscripcion:5,Representación proporcional,SI,MORENA
mamp_veracruz,marcoantoniomedinaperez_veracruz,Marco Antonio Medina Perez,Representacion proporcional,1958-12-17,Veracruz,Circunscripcion:3,Representación proporcional,SI,MORENA
marc_mexico,marcoantonioreyescolin_mexico,Marco Antonio Reyes Colin,Mayoria Relativa,1981-05-18,Mexico,Distrito:40,Mayoría relativa,SI,MORENA
mav_queretaro,marcosaguilarvega_queretaro,Marcos Aguilar Vega,Representacion proporcional,1972-07-05,Queretaro,Circunscripcion:2,Representación proporcional,SI,PAN
mfs_nayarit,margaritafloressanchez_nayarit,Margarita Flores Sanchez,Representacion proporcional,1961-12-10,Nayarit,Circunscripcion:1,Representación proporcional,SI,PRI
mgg_oaxaca,margaritagarciagarcia_oaxaca,Margarita Garcia Garcia,Mayoria Relativa,1966-01-26,Oaxaca,Distrito:3,Mayoría relativa,SI,PT
mamc_queretaro,mariaalemanmunozcastillo_queretaro,Maria Aleman Muñoz Castillo,Representacion proporcional,1990-04-14,Queretaro,Circunscripcion:2,Representación proporcional,SI,PRI
mblc_ciudad de mexico,mariabeatrizlopezchavez_ciudad de mexico,Maria Beatriz Lopez Chavez,Representacion proporcional,1973-08-18,Ciudad de Mexico,Circunscripcion:4,Representación proporcional,SI,MORENA
mbes_veracruz,mariaberthaespinozasegura_veracruz,Maria Bertha Espinoza Segura,Mayoria Relativa,1957-11-15,Veracruz,Distrito:3,Mayoría relativa,SI,MORENA
mcp_michoacan,mariachavezperez_michoacan,Maria Chavez Perez,Representacion proporcional,1963-08-15,Michoacan,Circunscripcion:5,Representación proporcional,SI,MORENA
mdrga_veracruz,mariadelrosarioguzmanaviles_veracruz,Maria Del Rosario Guzman Aviles,Representacion proporcional,1963-11-20,Veracruz,Circunscripcion:3,,NO,PAN
medg_mexico,mariaelizabethdiazgarcia_mexico,Maria Elizabeth Diaz Garcia,Mayoria Relativa,1971-02-10,Mexico,Distrito:13,Mayoría relativa,SI,MORENA
meam_yucatan,mariaesteralonzomorales_yucatan,Maria Ester Alonzo Morales,Mayoria Relativa,1959-01-15,Yucatan,Distrito:2,Mayoría relativa,SI,PRI
memc_chihuahua,mariaesthermejiacruz_chihuahua,Maria Esther Mejia Cruz,Mayoria Relativa,1956-07-08,Chihuahua,Distrito:1,Mayoría relativa,SI,MORENA
mehp_mexico,mariaeugeniahernandezperez_mexico,Maria Eugenia Hernandez Perez,Mayoria Relativa,1961-03-20,Mexico,Distrito:11,Mayoría relativa,SI,MORENA
mgpm_nayarit,mariageraldineponcemendez_nayarit,Maria Geraldine Ponce Mendez,Mayoria Relativa,1994-04-04,Nayarit,Distrito:2,Mayoría relativa,SI,MORENA
mgeco_mexico,mariaguadalupeedithcastanedaortiz_mexico,Maria Guadalupe Edith Castañeda Ortiz,Representacion proporcional,1965-12-12,Mexico,Circunscripcion:5,Representación proporcional,SI,MORENA
mgra_mexico,mariaguadaluperomanavila_mexico,Maria Guadalupe Roman Avila,Mayoria Relativa,1973-02-24,Mexico,Distrito:17,Mayoría relativa,SI,MORENA
mgam_nuevo leon,mariaguillerminaalvaradomoreno_nuevo leon,Maria Guillermina Alvarado Moreno,Mayoria Relativa,1968-12-26,Nuevo Leon,Distrito:2,Mayoría relativa,SI,MORENA
miam_hidalgo,mariaisabelalfaromorales_hidalgo,Maria Isabel Alfaro Morales,Mayoria Relativa,1966-02-24,Hidalgo,Distrito:4,Mayoría relativa,SI,MORENA
mlga_jalisco,marialibiergonzalezanaya_jalisco,Maria Libier Gonzalez Anaya,Representacion proporcional,1954-03-27,Jalisco,Circunscripcion:1,Representación proporcional,SI,MC
mlsm_colima,marialiduvinasandovalmendoza_colima,Maria Liduvina Sandoval Mendoza,Representacion proporcional,1976-01-24,Colima,Circunscripcion:5,Representación proporcional,SI,PAN
mlsp_puebla,marialucerosaldanaperez_puebla,Maria Lucero Saldaña Perez,Representacion proporcional,1957-01-18,Puebla,Circunscripcion:4,Representación proporcional,SI,PRI
mlvs_san luis potosi,marialuisavelozsilva_san luis potosi,Maria Luisa Veloz Silva,Representacion proporcional,1956-08-26,San Luis Potosi,Circunscripcion:2,,NO,MORENA
mmtp_queretaro,mariamarcelatorrespeimbert_queretaro,Maria Marcela Torres Peimbert,Representacion proporcional,1961-10-07,Queretaro,Circunscripcion:2,,NO,PAN
mmsb_hidalgo,mariamarivelsolisbarrera_hidalgo,Maria Marivel Solis Barrera,Representacion proporcional,1959-01-03,Hidalgo,Circunscripcion:5,Representación proporcional,SI,MORENA
mrjp_chiapas,mariaroseliajimenezperez_chiapas,Maria Roselia Jimenez Perez,Mayoria Relativa,1959-08-30,Chiapas,Distrito:8,Mayoría relativa,SI,PT
mr_ciudad de mexico,mariarosete_ciudad de mexico,Maria Rosete Sanchez,Mayoria Relativa,1960-03-12,Ciudad de Mexico,Distrito:8,Mayoría relativa,SI,PT
mtlp_jalisco,mariateresalopezperez_jalisco,Maria Teresa Lopez Perez,Representacion proporcional,1940-12-30,Jalisco,Circunscripcion:1,Representación proporcional,SI,MORENA
mtmm_mexico,mariateresamarumejia_mexico,Maria Teresa Maru Mejia,Mayoria Relativa,1958-10-29,Mexico,Distrito:3,Mayoría relativa,SI,PT
mtrrmr_mexico,mariateresarebecarosamorarios_mexico,Maria Teresa Rebeca Rosa Mora Rios,Mayoria Relativa,1952-05-11,Mexico,Distrito:22,Mayoría relativa,SI,MORENA
mwbz_sonora,mariawendybricenozuloaga_sonora,Maria Wendy Briceño Zuloaga,Mayoria Relativa,1978-09-15,Sonora,Distrito:5,Mayoría relativa,SI,MORENA
mdlagv_chihuahua,mariadelosangelesgutierrezvaldez_chihuahua,Maria de los Angeles Gutierrez Valdez,Mayoria Relativa,1962-03-08,Chihuahua,Distrito:9,Mayoría relativa,SI,PAN
mdlahdr_mexico,mariadelosangeleshuertadelrio_mexico,Maria de los Angeles Huerta del Rio,Mayoria Relativa,1962-08-10,Mexico,Distrito:24,Mayoría relativa,SI,MORENA
mdcbp_oaxaca,mariadelcarmenbautistapelaez_oaxaca,Maria del Carmen Bautista Pelaez,Mayoria Relativa,1991-04-04,Oaxaca,Distrito:9,Mayoría relativa,SI,MORENA
mdrmg_guerrero,mariadelrosariomerlingarcia_guerrero,Maria del Rosario Merlin Garcia,Mayoria Relativa,1964-11-01,Guerrero,Distrito:9,Mayoría relativa,SI,MORENA
mdgr_veracruz,marianadunyaskagarciarojas_veracruz,Mariana Dunyaska Garcia Rojas,Mayoria Relativa,1974-10-29,Veracruz,Distrito:12,Mayoría relativa,SI,PAN
mrmyt_tamaulipas,marianarodriguezmieryteran_tamaulipas,Mariana Rodriguez Mier y Teran,Representacion proporcional,1976-06-01,Tamaulipas,Circunscripcion:2,Representación proporcional,SI,PRI
mac_durango,maribelaguilerachairez_durango,Maribel Aguilera Chairez,Mayoria Relativa,1977-12-20,Durango,Distrito:3,Mayoría relativa,SI,MORENA
mmr_oaxaca,maribelmartinezruiz_oaxaca,Maribel Martinez Ruiz,Representacion proporcional,1972-10-30,Oaxaca,Circunscripcion:3,Representación proporcional,SI,PT
mrg_chiapas,maricruzroblerogordillo_chiapas,Maricruz Roblero Gordillo,Mayoria Relativa,1966-10-26,Chiapas,Distrito:13,Mayoría relativa,SI,PT
mdpao_baja california,marinadelpilaravilaolmeda_baja california,Marina del Pilar Avila Olmeda,Mayoria Relativa,1985-10-19,Baja California,Distrito:2,,NO,MORENA
mart_tamaulipas,marioalbertoramostamez_tamaulipas,Mario Alberto Ramos Tamez,Mayoria Relativa,1986-04-03,Tamaulipas,Distrito:5,Mayoría relativa,SI,PAN
marc_jalisco,marioalbertorodriguezcarrillo_jalisco,Mario Alberto Rodriguez Carrillo,Mayoria Relativa,1967-03-14,Jalisco,Distrito:4,Mayoría relativa,SI,MC
mdc_ciudad de mexico,mariodelgadocarrillo_ciudad de mexico,Mario Delgado Carrillo,Mayoria Relativa,1972-06-17,Ciudad de Mexico,Distrito:13,,NO,MORENA
mimg_baja california,marioismaelmorenogil_baja california,Mario Ismael Moreno Gil,Mayoria Relativa,1948-06-17,Baja California,Distrito:5,Mayoría relativa,SI,MORENA
mmc_chihuahua,mariomatacarrasco_chihuahua,Mario Mata Carrasco,Mayoria Relativa,1962-03-20,Chihuahua,Distrito:5,Mayoría relativa,SI,PAN
mazm_jalisco,marthaangelicazamudiomacias_jalisco,Martha Angelica Zamudio Macias,Representacion proporcional,1957-02-24,Jalisco,Circunscripcion:1,Representación proporcional,SI,MC
megg_nayarit,marthaelenagarciagomez_nayarit,Martha Elena Garcia Gomez,Representacion proporcional,1945-05-03,Nayarit,Circunscripcion:1,,NO,PAN
mege_aguascalientes,marthaelisagonzalezestrada_aguascalientes,Martha Elisa Gonzalez Estrada,Mayoria Relativa,1977-01-29,Aguascalientes,Distrito:3,Mayoría relativa,SI,PAN
merc_jalisco,marthaestelaromocuellar_jalisco,Martha Estela Romo Cuellar,Mayoria Relativa,1985-03-14,Jalisco,Distrito:2,Mayoría relativa,SI,PAN
mhgc_coahuila,marthahortenciagaraycadena_coahuila,Martha Hortencia Garay Cadena,Mayoria Relativa,1955-04-03,Coahuila,Distrito:4,,NO,PRI
mogv_durango,marthaoliviagarciavidana_durango,Martha Olivia Garcia Vidaña,Mayoria Relativa,1969-05-04,Durango,Distrito:1,Mayoría relativa,SI,MORENA
mprl_baja california,marthapatriciaramirezlucero_baja california,Martha Patricia Ramirez Lucero,Representacion proporcional,1952-09-03,Baja California,Circunscripcion:1,,NO,MORENA
mro_mexico,martharoblesortiz_mexico,Martha Robles Ortiz,Mayoria Relativa,1962-04-25,Mexico,Distrito:29,Mayoría relativa,SI,MORENA
mtm_ciudad de mexico,marthataglemartinez_ciudad de mexico,Martha Tagle Martinez,Representacion proporcional,1973-11-26,Ciudad de Mexico,Circunscripcion:4,,NO,MC
mcy_san luis potosi,martinacazarezyanez_san luis potosi,Martina Cazarez Yañez,Representacion proporcional,1970-03-07,San Luis Potosi,Circunscripcion:2,Representación proporcional,SI,MORENA
mcbm_michoacan,marycarmenbernalmartinez_michoacan,Mary Carmen Bernal Martinez,Mayoria Relativa,1984-08-24,Michoacan,Distrito:3,Mayoría relativa,SI,PT
matg_ciudad de mexico,mauricioalonsotoledogutierrez_ciudad de mexico,Mauricio Alonso Toledo Gutierrez,Representacion proporcional,1980-06-19,Ciudad de Mexico,Circunscripcion:4,Representación proporcional,SI,PT
mac_ciudad de mexico,maximinoalejandrocandelaria_ciudad de mexico,Maximino Alejandro Candelaria,Representacion proporcional,1977-01-08,Ciudad de Mexico,Circunscripcion:4,Representación proporcional,SI,MORENA
mnfz_coahuila,melbaneliafariaszambrano_coahuila,Melba Nelia Farias Zambrano,Mayoria Relativa,1955-07-06,Coahuila,Distrito:3,Mayoría relativa,SI,MORENA
mvs_sinaloa,meraryvillegassanchez_sinaloa,Merary Villegas Sanchez,Mayoria Relativa,1987-04-20,Sinaloa,Distrito:7,Mayoría relativa,SI,MORENA
mag_puebla,miguelacundogonzalez_puebla,Miguel Acundo Gonzalez,Mayoria Relativa,1961-09-29,Puebla,Distrito:1,,NO,PES
marb_chihuahua,miguelalonsoriggsbaeza_chihuahua,Miguel Alonso Riggs Baeza,Mayoria Relativa,1975-10-27,Chihuahua,Distrito:6,Mayoría relativa,SI,PAN
mach_guanajuato,miguelangelchicoherrera_guanajuato,Miguel Angel Chico Herrera,Representacion proporcional,1961-03-17,Guanajuato,Circunscripcion:2,Representación proporcional,SI,MORENA
majmdo_ciudad de mexico,miguelangeljaureguimontesdeoca_ciudad de mexico,Miguel Angel Jauregui Montes de Oca,Mayoria Relativa,1975-02-19,Ciudad de Mexico,Distrito:3,Mayoría relativa,SI,MORENA
mamg_jalisco,miguelangelmarquezgonzalez_jalisco,Miguel Angel Marquez Gonzalez,Representacion proporcional,1962-10-21,Jalisco,Circunscripcion:1,Representación proporcional,SI,MORENA
mpjv_nayarit,miguelpaveljarerovelazquez_nayarit,Miguel Pavel Jarero Velazquez,Mayoria Relativa,1977-10-19,Nayarit,Distrito:1,Mayoría relativa,SI,MORENA
mpdls_chiapas,miguelpradodelossantos_chiapas,Miguel Prado de los Santos,Mayoria Relativa,1984-01-19,Chiapas,Distrito:7,Mayoría relativa,SI,MORENA
mcav_quintana roo,mildredconcepcionavilavera_quintana roo,Mildred Concepcion Avila Vera,Mayoria Relativa,1965-12-05,Quintana Roo,Distrito:3,Mayoría relativa,SI,MORENA
mcpm_nayarit,miriamcitlallyperezmackintosh_nayarit,Miriam Citlally Perez Mackintosh,Representacion proporcional,1967-11-20,Nayarit,Circunscripcion:1,,NO,MORENA
mzmt_zacatecas,mirnazabeidamaldonadotapia_zacatecas,Mirna Zabeida Maldonado Tapia,Mayoria Relativa,1969-05-13,Zacatecas,Distrito:1,Mayoría relativa,SI,MORENA
mcm_mexico,miroslavacarrillomartinez_mexico,Miroslava Carrillo Martinez,Mayoria Relativa,1973-05-05,Mexico,Distrito:34,,NO,MORENA
msg_coahuila,miroslavasanchezgalvan_coahuila,Miroslava Sanchez Galvan,Representacion proporcional,1957-08-10,Coahuila,Circunscripcion:2,Representación proporcional,SI,MORENA
miva_nayarit,mirthailianavillalvazoamaya_nayarit,Mirtha Iliana Villalvazo Amaya,Mayoria Relativa,1980-12-02,Nayarit,Distrito:3,Mayoría relativa,SI,MORENA
mimv_puebla,moisesignaciomiervelazco_puebla,Moises Ignacio Mier Velazco,Representacion proporcional,1961-01-04,Puebla,Circunscripcion:4,Representación proporcional,SI,MORENA
mal_jalisco,monicaalmeidalopez_jalisco,Monica Almeida Lopez,Mayoria Relativa,1970-04-03,Jalisco,Distrito:18,,NO,PRD
mbr_mexico,monicabautistarodriguez_mexico,Monica Bautista Rodriguez,Representacion proporcional,1976-02-13,Mexico,Circunscripcion:5,Representación proporcional,SI,PRD
ncrh_mexico,nancyclaudiaresendizhernandez_mexico,Nancy Claudia Resendiz Hernandez,Mayoria Relativa,1977-12-19,Mexico,Distrito:41,Mayoría relativa,SI,PES
nysm_sinaloa,nancyyadirasantiagomarcos_sinaloa,Nancy Yadira Santiago Marcos,Mayoria Relativa,1980-05-04,Sinaloa,Distrito:5,Mayoría relativa,SI,MORENA
nafc_ciudad de mexico,nayeliarlenfernandezcruz_ciudad de mexico,Nayeli Arlen Fernandez Cruz,Representacion proporcional,1984-01-16,Ciudad de Mexico,Circunscripcion:4,Representación proporcional,SI,MORENA
nsb_puebla,nayelisalvatoribojalil_puebla,Nayeli Salvatori Bojalil,Mayoria Relativa,1985-08-26,Puebla,Distrito:10,Mayoría relativa,SI,PES
nmc_puebla,nellymacedacarrera_puebla,Nelly Maceda Carrera,Mayoria Relativa,1979-02-05,Puebla,Distrito:14,Mayoría relativa,SI,PT
nmcg_mexico,nellyminervacarrascogodinez_mexico,Nelly Carrasco Godinez,Mayoria Relativa,1982-03-16,Mexico,Distrito:4,Mayoría relativa,SI,MORENA
nah_tamaulipas,nohemialemanhernandez_tamaulipas,Nohemi Aleman Hernandez,Representacion proporcional,1982-02-03,Tamaulipas,Circunscripcion:2,Representación proporcional,SI,MORENA
narz_veracruz,normaazucenarodriguezzamora_veracruz,Norma Azucena Rodriguez Zamora,Representacion proporcional,1986-02-07,Veracruz,Circunscripcion:3,,NO,PRD
ngs_aguascalientes,normaguelsaldivar_aguascalientes,Norma Guel Saldivar,Representacion proporcional,1981-04-24,Aguascalientes,Circunscripcion:2,Representación proporcional,SI,PRI
ocm_sinaloa,olegariacarrazcomacias_sinaloa,Olegaria Carrazco Macias,Mayoria Relativa,1960-04-12,Sinaloa,Distrito:6,Mayoría relativa,SI,MORENA
ojeg_tamaulipas,olgajulianaelizondoguerra_tamaulipas,Olga Juliana Elizondo Guerra,Mayoria Relativa,1965-05-21,Tamaulipas,Distrito:2,Mayoría relativa,SI,PT
opsr_tamaulipas,olgapatriciasosaruiz_tamaulipas,Olga Patricia Sosa Ruiz,Mayoria Relativa,1974-09-22,Tamaulipas,Distrito:8,Mayoría relativa,SI,PES
obv_san luis potosi,oscarbautistavillegas_san luis potosi,Oscar Bautista Villegas,Mayoria Relativa,1964-02-06,San Luis Potosi,Distrito:3,Mayoría relativa,SI,PRI
odmt_morelos,oscardanielmartinezterrazas_morelos,Oscar Daniel Martinez Terrazas,Representacion proporcional,1986-01-17,Morelos,Circunscripcion:4,Representación proporcional,SI,PAN
ogy_mexico,oscargonzalezyanez_mexico,Oscar Gonzalez Yañez,Mayoria Relativa,1964-10-06,Mexico,Distrito:27,Mayoría relativa,SI,PT
ornm_zacatecas,oscarrafaelnovellamacias_zacatecas,Oscar Rafael Novella Macias,Representacion proporcional,1984-10-12,Zacatecas,Circunscripcion:2,Representación proporcional,SI,MORENA
pga_ciudad de mexico,pablogomezalvarez_ciudad de mexico,Pablo Gomez Alvarez,Mayoria Relativa,1946-10-21,Ciudad de Mexico,Distrito:23,Mayoría relativa,SI,MORENA
pgab_campeche,pabloguillermoangulobriceno_campeche,Pablo Guillermo Angulo Briceño,Representacion proporcional,1990-08-01,Campeche,Circunscripcion:3,Representación proporcional,SI,PRI
pta_veracruz,paolatenorioadame_veracruz,Paola Tenorio Adame,Mayoria Relativa,1966-04-20,Veracruz,Distrito:19,Mayoría relativa,SI,MORENA
pdcdlcd_chiapas,patriciadelcarmendelacruzdelucio_chiapas,Patricia del Carmen De la Cruz Delucio,Representacion proporcional,1971-06-21,Chiapas,Circunscripcion:3,Representación proporcional,SI,MORENA
ptb_chihuahua,patriciaterrazasbaca_chihuahua,Patricia Terrazas Baca,Representacion proporcional,1966-09-26,Chihuahua,Circunscripcion:1,Representación proporcional,SI,PAN
pdas_mexico,pedrodanielabasolosanchez_mexico,Pedro Daniel Abasolo Sanchez,Representacion proporcional,1991-02-03,Mexico,Circunscripcion:5,Representación proporcional,SI,PT
pmzs_mexico,pedromariozentenosantaella_mexico,Pedro Mario Zenteno Santaella,Mayoria Relativa,1960-09-13,Mexico,Distrito:37,,NO,MORENA
pptv_nuevo leon,pedropablotrevinovillarreal_nuevo leon,Pedro Pablo Treviño Villarreal,Representacion proporcional,1972-06-13,Nuevo Leon,Circunscripcion:2,Representación proporcional,SI,PRI
pml_ciudad de mexico,porfiriomunozledo_ciudad de mexico,Porfirio Muñoz Ledo,Representacion proporcional,1933-07-23,Ciudad de Mexico,Circunscripcion:4,Representación proporcional,SI,MORENA
rhv_veracruz,rafaelhernandezvillalpando_veracruz,Rafael Hernandez Villalpando,Mayoria Relativa,1947-11-08,Veracruz,Distrito:10,Mayoría relativa,SI,MORENA
rbh_veracruz,raquelbonillaherrera_veracruz,Raquel Bonilla Herrera,Mayoria Relativa,1984-03-17,Veracruz,Distrito:5,,NO,MORENA
resbz_mexico,raulernestosanchezbarraleszavalza_mexico,Raul Ernesto Sanchez Barrales Zavalza,Mayoria Relativa,1971-12-19,Mexico,Distrito:15,Mayoría relativa,SI,PT
rgg_nuevo leon,raulgraciaguzman_nuevo leon,Raul Gracia Guzman,Representacion proporcional,1975-02-20,Nuevo Leon,Circunscripcion:2,,NO,PAN
rgg_guerrero,raymundogarciagutierrez_guerrero,Raymundo Garcia Gutierrez,Mayoria Relativa,1963-07-04,Guerrero,Distrito:6,,NO,PRD
rsf_michoacan,reginaldosandovalflores_michoacan,Reginaldo Sandoval Flores,Representacion proporcional,1967-05-14,Michoacan,Circunscripcion:5,Representación proporcional,SI,PT
rjc_guerrero,renejuarezcisneros_guerrero,Rene Juarez Cisneros,Representacion proporcional,1956-06-08,Guerrero,Circunscripcion:4,Representación proporcional,SI,PRI
rcao_michoacan,reynacelesteascencioortega_michoacan,Reyna Celeste Ascencio Ortega,Representacion proporcional,1993-01-05,Michoacan,Circunscripcion:5,Representación proporcional,SI,MORENA
rac_mexico,ricardoaguilarcastillo_mexico,Ricardo Aguilar Castillo,Mayoria Relativa,1970-08-05,Mexico,Distrito:1,Mayoría relativa,SI,PRI
rdlpm_tabasco,ricardodelapenamarshall_tabasco,Ricardo De la Peña Marshall,Mayoria Relativa,1964-02-17,Tabasco,Distrito:6,Mayoría relativa,SI,PES
rfs_nuevo leon,ricardofloressuarez_nuevo leon,Ricardo Flores Suarez,Mayoria Relativa,1977-08-05,Nuevo Leon,Distrito:4,,NO,PAN
rfez_veracruz,ricardofranciscoexsomezapata_veracruz,Ricardo Francisco Exsome Zapata,Mayoria Relativa,1963-09-28,Veracruz,Distrito:4,Mayoría relativa,SI,MORENA
rge_veracruz,ricardogarciaescalante_veracruz,Ricardo Garcia Escalante,Mayoria Relativa,1981-05-02,Veracruz,Distrito:1,Mayoría relativa,SI,PAN
rvg_guanajuato,ricardovillarrealgarcia_guanajuato,Ricardo Villarreal Garcia,Mayoria Relativa,1981-04-12,Guanajuato,Distrito:2,Mayoría relativa,SI,PAN
radr_mexico,robertoangeldominguezrodriguez_mexico,Roberto Angel Dominguez Rodriguez,Mayoria Relativa,1980-01-27,Mexico,Distrito:28,Mayoría relativa,SI,MORENA
rarm_chiapas,robertoantoniorubiomontejo_chiapas,Roberto Antonio Rubio Montejo,Mayoria Relativa,1977-04-20,Chiapas,Distrito:11,Mayoría relativa,SI,PVEM
rbb_ciudad de mexico,rociobarrerabadillo_ciudad de mexico,Rocio Barrera Badillo,Mayoria Relativa,1976-10-01,Ciudad de Mexico,Distrito:11,Mayoría relativa,SI,MORENA
rdpvm_ciudad de mexico,rociodelpilarvillarauzmartinez_ciudad de mexico,Rocio del Pilar Villarauz Martinez,Representacion proporcional,1977-12-12,Ciudad de Mexico,Circunscripcion:4,Representación proporcional,SI,MORENA
rcs_veracruz,rodrigocalderonsalas_veracruz,Rodrigo Calderon Salas,Mayoria Relativa,1958-04-05,Veracruz,Distrito:7,,NO,MORENA
rh_yucatan,rogerherve(deceso)aguilarsalazar(protestapendiente)_yucatan,Roger Herve,Mayoria Relativa,1938-09-12,Yucatan,Distrito:3,,NO,MORENA
rlrv_chiapas,roqueluisrabelovelasco_chiapas,Roque Luis Rabelo Velasco,Mayoria Relativa,1944-08-12,Chiapas,Distrito:4,Mayoría relativa,SI,MORENA
rvc_veracruz,rosalbavalenciacruz_veracruz,Rosalba Valencia Cruz,Representacion proporcional,1965-07-25,Veracruz,Circunscripcion:3,Representación proporcional,SI,MORENA
rdf_oaxaca,rosalindadominguezflores_oaxaca,Rosalinda Dominguez Flores,Mayoria Relativa,1970-09-06,Oaxaca,Distrito:7,Mayoría relativa,SI,MORENA
rcg_guerrero,rubencayetanogarcia_guerrero,Ruben Cayetano Garcia,Mayoria Relativa,1969-08-10,Guerrero,Distrito:8,,NO,MORENA
rimv_coahuila,rubenignaciomoreiravaldez_coahuila,Ruben Ignacio Moreira Valdez,Representacion proporcional,1963-04-18,Coahuila,Circunscripcion:2,Representación proporcional,SI,PRI
rta_tlaxcala,rubenteranaguila_tlaxcala,Ruben Teran Aguila,Mayoria Relativa,1981-08-09,Tlaxcala,Distrito:2,Mayoría relativa,SI,MORENA
rsr_mexico,ruthsalinasreyes_mexico,Ruth Salinas Reyes,Representacion proporcional,1985-02-19,Mexico,Circunscripcion:5,Representación proporcional,SI,MC
scm_morelos,samuelcalderonmedina_morelos,Samuel Calderon Medina,Representacion proporcional,1951-12-27,Morelos,Circunscripcion:4,Representación proporcional,SI,PES
shc_zacatecas,samuelherrerachavez_zacatecas,Samuel Herrera Chavez,Mayoria Relativa,1954-09-17,Zacatecas,Distrito:4,Mayoría relativa,SI,MORENA
spgc_nuevo leon,sandrapaolagonzalezcastaneda_nuevo leon,Sandra Paola Gonzalez Castañeda,Mayoria Relativa,1979-03-31,Nuevo Leon,Distrito:12,Mayoría relativa,SI,MORENA
sgs_nuevo leon,santiagogonzalezsoto_nuevo leon,Santiago Gonzalez Soto,Mayoria Relativa,1961-06-25,Nuevo Leon,Distrito:5,Mayoría relativa,SI,PT
snc_guanajuato,sarainunezceron_guanajuato,Sarai Nuñez Ceron,Mayoria Relativa,1979-04-17,Guanajuato,Distrito:12,Mayoría relativa,SI,PAN
sab_chihuahua,sebastianaguilerabrenes_chihuahua,Sebastian Aguilera Brenes,Representacion proporcional,1995-06-10,Chihuahua,Circunscripcion:1,,NO,MORENA
sfab_guanajuato,sergiofernandoascenciobarba_guanajuato,Sergio Fernando Ascencio Barba,Mayoria Relativa,1977-12-09,Guanajuato,Distrito:15,,NO,PAN
smb_ciudad de mexico,sergiomayerbreton_ciudad de mexico,Sergio Mayer Breton,Mayoria Relativa,1966-05-21,Ciudad de Mexico,Distrito:6,Mayoría relativa,SI,MORENA
sph_mexico,sergioperezhernandez_mexico,Sergio Perez Hernandez,Representacion proporcional,1977-10-08,Mexico,Circunscripcion:5,Representación proporcional,SI,MORENA
sgu_tlaxcala,silvanogarayulloa_tlaxcala,Silvano Garay Ulloa,Representacion proporcional,1959-02-10,Tlaxcala,Circunscripcion:4,Representación proporcional,SI,PT
sggg_coahuila,silviaguadalupegarzagalvan_coahuila,Silvia Guadalupe Garza Galvan,Representacion proporcional,1962-07-05,Coahuila,Circunscripcion:2,Representación proporcional,SI,PAN
slva_ciudad de mexico,silvialorenavillavicencioayala_ciudad de mexico,Silvia Lorena Villavicencio Ayala,Mayoria Relativa,1964-06-12,Ciudad de Mexico,Distrito:16,,NO,MORENA
sob_hidalgo,simeyolverabautista_hidalgo,Sandra Simey Olvera Bautista,Mayoria Relativa,1983-08-20,Hidalgo,Distrito:3,Mayoría relativa,SI,MORENA
sbj_mexico,socorrobahenajimenez_mexico,Socorro Bahena Jimenez,Representacion proporcional,1988-08-10,Mexico,Circunscripcion:5,Representación proporcional,SI,MORENA
siag_baja california,socorroirmaandazolagomez_baja california,Socorro Irma Andazola Gomez,Mayoria Relativa,1964-09-22,Baja California,Distrito:4,Mayoría relativa,SI,MORENA
sra_queretaro,soniarochaacosta_queretaro,Sonia Rocha Acosta,Mayoria Relativa,1978-03-30,Queretaro,Distrito:1,Mayoría relativa,SI,PAN
spm_tabasco,sorayaperezmunguia_tabasco,Soraya Perez Munguia,Representacion proporcional,1977-09-27,Tabasco,Circunscripcion:3,Representación proporcional,SI,PRI
sbcs_puebla,susanabeatrizcuaxiloaserrano_puebla,Susana Beatriz Cuaxiloa Serrano,Representacion proporcional,1952-01-19,Puebla,Circunscripcion:4,Representación proporcional,SI,MORENA
scg_mexico,susanacanogonzalez_mexico,Susana Cano Gonzalez,Representacion proporcional,1949-06-02,Mexico,Circunscripcion:5,Representación proporcional,SI,MORENA
svgc_aguascalientes,sylviavioletagarfiascedillo_aguascalientes,Sylvia Violeta Garfias Cedillo,Representacion proporcional,1975-03-29,Aguascalientes,Circunscripcion:2,Representación proporcional,SI,PAN
tcc_sinaloa,tatianaclouthiercarrillo_sinaloa,Tatiana Clouthier Carrillo,Representacion proporcional,1964-08-12,Sinaloa,Circunscripcion:1,,NO,MORENA
tmgc_oaxaca,teofilomanuelgarciacorpus_oaxaca,Teofilo Manuel Garcia Corpus,Representacion proporcional,1958-02-06,Oaxaca,Circunscripcion:3,Representación proporcional,SI,MORENA
tbc_tabasco,teresaburelocortazar_tabasco,Teresa Burelo Cortazar,Mayoria Relativa,1956-03-01,Tabasco,Distrito:2,,NO,MORENA
tdjvm_chihuahua,teresitadejesusvargasmeraz_chihuahua,Teresita de Jesus Vargas Meraz,Mayoria Relativa,1989-12-16,Chihuahua,Distrito:2,Mayoría relativa,SI,MORENA
ugs_chihuahua,ulisesgarciasoto_chihuahua,Ulises Garcia Soto,Mayoria Relativa,1987-03-29,Chihuahua,Distrito:4,Mayoría relativa,SI,MORENA
ums_mexico,ulisesmurguiasoto_mexico,Ulises Murguia Soto,Mayoria Relativa,1963-07-09,Mexico,Distrito:19,Mayoría relativa,SI,MORENA
vrl_veracruz,valentinreyeslopez_veracruz,Valentin Reyes Lopez,Mayoria Relativa,1952-02-13,Veracruz,Distrito:17,Mayoría relativa,SI,MORENA
vbjp_jalisco,veronicabeatrizjuarezpina_jalisco,Veronica Beatriz Juarez Piña,Representacion proporcional,1971-09-28,Jalisco,Circunscripcion:1,Representación proporcional,SI,PRD
vmsr_puebla,veronicamariasobradorodriguez_puebla,Veronica Maria Sobrado Rodriguez,Representacion proporcional,1970-03-07,Puebla,Circunscripcion:4,Representación proporcional,SI,PAN
vrc_jalisco,veronicaramoscruz_jalisco,Veronica Ramos Cruz,Representacion proporcional,1985-05-01,Jalisco,Circunscripcion:1,Representación proporcional,SI,MORENA
vaov_mexico,vicentealbertoonofrevazquez_mexico,Vicente Alberto Onofre Vazquez,Mayoria Relativa,1969-04-06,Mexico,Distrito:33,Mayoría relativa,SI,MORENA
vjvo_tamaulipas,vicentejavierverasteguiostos_tamaulipas,Vicente Javier Verastegui Ostos,Mayoria Relativa,1963-09-03,Tamaulipas,Distrito:6,Mayoría relativa,SI,PAN
vamw_guerrero,victoradolfomojicawences_guerrero,Victor Adolfo Mojica Wences,Mayoria Relativa,1958-03-24,Guerrero,Distrito:1,Mayoría relativa,SI,MORENA
vbl_oaxaca,victorblaslopez_oaxaca,Victor Blas Lopez,Representacion proporcional,1965-08-09,Oaxaca,Circunscripcion:3,Representación proporcional,SI,MORENA
vgvl_ciudad de mexico,victorgabrielvarelalopez_ciudad de mexico,Victor Gabriel Varela Lopez,Mayoria Relativa,1973-04-20,Ciudad de Mexico,Distrito:22,Mayoría relativa,SI,MORENA
vmpd_nuevo leon,victormanuelperezdiaz_nuevo leon,Victor Manuel Perez Diaz,Representacion proporcional,1969-06-01,Nuevo Leon,Circunscripcion:2,Representación proporcional,SI,PAN
vmg_oaxaca,virginiamerinogarcia_oaxaca,Virginia Merino Garcia,Representacion proporcional,1986-01-11,Oaxaca,Circunscripcion:3,Representación proporcional,SI,MORENA
xaz_san luis potosi,xavierazuarazuniga_san luis potosi,Xavier Azuara Zuñiga,Representacion proporcional,1979-09-16,San Luis Potosi,Circunscripcion:2,Representación proporcional,SI,PAN
xpdlm_colima,ximenapuentedelamora_colima,Ximena Puente De La Mora,Representacion proporcional,1977-03-12,Colima,Circunscripcion:5,Representación proporcional,SI,PRI
xnzr_mexico,xochitlnashiellyzagalramirez_mexico,Xochitl Nashielly Zagal Ramirez,Mayoria Relativa,1990-05-28,Mexico,Distrito:7,Mayoría relativa,SI,MORENA
ygb_michoacan,yolandaguerrerobarrera_michoacan,Yolanda Guerrero Barrera,Mayoria Relativa,1964-02-21,Michoacan,Distrito:5,Mayoría relativa,SI,MORENA
zov_veracruz,zairaochoavaldivia_veracruz,Zaira Ochoa Valdivia,Representacion proporcional,1973-03-05,Veracruz,Circunscripcion:3,Representación proporcional,SI,MORENA
zara_chiapas,zoealejandrorobledoaburto_chiapas,Zoe Alejandro Robledo Aburto,Mayoria Relativa,1979-01-09,Chiapas,Distrito:6,,NO,MORENA
